priority,priority_rationale,coverage_state,source_path,pdf_pages,ocr_draft_pages,indexed_pages,ocr_pages_to_generate,pages_to_formalize,sha256,record_ids,indexed_titles
A,同期报刊/原始扫描优先,draft_ready_formal_gap,data/domestic/press_scans/SSID-13679264_观察_第3卷第1-12期.pdf,278,278,8,0,270,d8f4dacfbf367f590d46344084fab8722d91d18fbb2d0b8cc241f7416d5f7f04,LOCALFULL:P3-023；OBSERVER-V3N01-1947；OBSERVER-V3N02-1947；OBSERVER-V3N03-1947；OBSERVER-V3N04-1947；OBSERVER-V3N05-1947；OBSERVER-V3N06-1947；OBSERVER-V3N07-1947；OBSERVER-V3N08-1947；OBSERVER-V3N09-1947；OBSERVER-V3N10-1947；OBSERVER-V3N11-1947；OBSERVER-V3N12-1947；NLC:observer-1947-v3n11-bound-selected-ocr,SSID-13679264_观察_第3卷第1-12期.pdf · OCR检索草稿；SSID-13679264_观察_第3卷第1-12期.pdf · OCR检索草稿；SSID-13679264_观察_第3卷第1-12期.pdf · OCR检索草稿；《觀察》第三卷第十一期合订本高价值页（OCR试点）；《觀察》第三卷第十一期合订本高价值页（OCR试点）；《觀察》第三卷第十一期合订本高价值页（OCR试点）；《觀察》第三卷第十一期合订本高价值页（OCR试点）；《觀察》第三卷第十一期合订本高价值页（OCR试点）
A,同期报刊/原始扫描优先,draft_ready_formal_gap,data/domestic/press_scans/NLC511-012031312030001-21906_大公報_第114卷.pdf,248,248,4,0,244,80d5daea555bfa6e5df03baaa71b4b0dc251510adb89752ab93da3ce932bb0bd,COLLECTION:P3-114:ocr-draft-20260727；NLC:dagongbao-vol114-1947-11-06-selected-ocr,NLC511-012031312030001-21906_大公報_第114卷；NLC511-012031312030001-21906_大公報_第114卷；NLC511-012031312030001-21906_大公報_第114卷；《大公報》第114卷1947年11月6日第2版关键页（OCR试点）
A,同期报刊/原始扫描优先,draft_ready_formal_gap,data/domestic/press_scans/NLC511-012031312030001-21905_大公報_第113卷.pdf,232,232,5,0,227,31060177686a64a99f1c8b464d972d3a5271f00c6ee47e8616b5340b8f771c84,COLLECTION:P3-113:ocr-draft-20260727；NLC:dagongbao-vol113-1947-11-06-selected-ocr,NLC511-012031312030001-21905_大公報_第113卷；NLC511-012031312030001-21905_大公報_第113卷；NLC511-012031312030001-21905_大公報_第113卷；《大公報》第113卷1947年11月6日第1—2版关键页（OCR试点）；《大公報》第113卷1947年11月6日第1—2版关键页（OCR试点）
A,同期报刊/原始扫描优先,draft_ready_formal_gap,data/domestic/press_scans/NLC404-00J001436-85454_民憲_第二卷第一期.pdf,71,71,3,0,68,ea8481761246aa26c98f9a7a058e894597c551798fb5ad37f30c400a4cb34fcd,COLLECTION:P3-85454:ocr-draft-20260727；LOCALFULL:P3-85454；NLC:minxian-1945-v2n1-contents-ocr,NLC404-00J001436-85454_民憲_第二卷第一期；NLC404-00J001436-85454_民憲_第二卷第一期.pdf · OCR检索草稿；《民憲》第二卷第一期目录页（OCR试点）
A,同期报刊/原始扫描优先,draft_ready_formal_gap,data/domestic/press_scans/NLC404-00J001436-85449_民憲_第一卷第八期.pdf,55,55,3,0,52,867fcca3821c8cc3deb67ba1aae6a76e62f192c0c849805fa2fda4cc9835aa19,COLLECTION:P3-003:ocr-draft-20260727；LOCALFULL:P3-003；NLC:minxian-1944-v1n8-contents-ocr,NLC404-00J001436-85449_民憲_第一卷第八期；NLC404-00J001436-85449_民憲_第一卷第八期.pdf · OCR检索草稿；《民憲》第一卷第八期目录页（OCR试点）
A,同期报刊/原始扫描优先,draft_ready_formal_gap,data/domestic/press_scans/NLC404-00J001436-85446_民憲_第一卷第五期.pdf,53,53,3,0,50,25d339490905fc06832f4ddbaf7a367d761ef06e0b40f8439c6c1a8c8d6fd69a,COLLECTION:P3-85446:ocr-draft-20260727；LOCALFULL:P3-85446；NLC:minxian-1944-v1n5-contents-ocr,NLC404-00J001436-85446_民憲_第一卷第五期；NLC404-00J001436-85446_民憲_第一卷第五期.pdf · OCR检索草稿；《民憲》第一卷第五期目录页（OCR试点）
A,同期报刊/原始扫描优先,draft_ready_formal_gap,data/domestic/press_scans/NLC404-00J001436-85448_民憲_第一卷第七期.pdf,51,51,3,0,48,a1e2269150fea87cfcca1e2016662ecc953f9a9b2a151184aad62fad776f09e0,COLLECTION:P3-85448:ocr-draft-20260727；LOCALFULL:P3-85448；NLC:minxian-1944-v1n7-contents-ocr,NLC404-00J001436-85448_民憲_第一卷第七期；NLC404-00J001436-85448_民憲_第一卷第七期.pdf · OCR检索草稿；《民憲》第一卷第七期目录页（OCR试点）
A,同期报刊/原始扫描优先,draft_ready_formal_gap,data/domestic/press_scans/NLC404-00J001436-85452_民憲_第一卷第十一期.pdf,51,51,3,0,48,71edf42b8f1e532edb277c2899f2a9a548f531a1cd76c6f7b79a69b1fdce0d2e,COLLECTION:P3-85452:ocr-draft-20260727；LOCALFULL:P3-85452；NLC:minxian-1945-v1n11-contents-ocr,NLC404-00J001436-85452_民憲_第一卷第十一期；NLC404-00J001436-85452_民憲_第一卷第十一期.pdf · OCR检索草稿；《民憲》第一卷第十一期目录页（OCR试点）
A,同期报刊/原始扫描优先,draft_ready_formal_gap,data/domestic/press_scans/NLC404-00J001436-85451_民憲_第一卷第十期.pdf,49,49,3,0,46,7383f69dd74477969acf50708456b2975e167c16eaa3d6ed7deb6243616b6328,COLLECTION:P3-85451:ocr-draft-20260727；LOCALFULL:P3-85451；NLC:minxian-1944-v1n10-contents-ocr,NLC404-00J001436-85451_民憲_第一卷第十期；NLC404-00J001436-85451_民憲_第一卷第十期.pdf · OCR检索草稿；《民憲》第一卷第十期目录页（OCR试点）
A,同期报刊/原始扫描优先,draft_ready_formal_gap,data/domestic/press_scans/NLC404-00J001436-85443_民憲_第一卷第二期.pdf,47,47,3,0,44,43c91c806af550c60d321793a81cc18bc7866774057f318e364915c70f543118,COLLECTION:P3-85443:ocr-draft-20260727；LOCALFULL:P3-85443；NLC:minxian-1944-v1n2-contents-ocr,NLC404-00J001436-85443_民憲_第一卷第二期；NLC404-00J001436-85443_民憲_第一卷第二期.pdf · OCR检索草稿；《民憲》第一卷第二期目录页（OCR试点）
A,同期报刊/原始扫描优先,draft_ready_formal_gap,data/domestic/press_scans/NLC404-00J001436-85445_民憲_第一卷第四期.pdf,47,47,3,0,44,c88a363f01432f1494adcde3f44c736414deeed2d528fbf550b37a5881f7f730,COLLECTION:P3-007:ocr-draft-20260727；LOCALFULL:P3-007；NLC:minxian-1944-v1n4-contents-ocr,NLC404-00J001436-85445_民憲_第一卷第四期；NLC404-00J001436-85445_民憲_第一卷第四期.pdf · OCR检索草稿；《民憲》第一卷第四期目录页（OCR试点）
A,同期报刊/原始扫描优先,draft_ready_formal_gap,data/domestic/press_scans/NLC404-00J001436-85447_民憲_第一卷第六期.pdf,51,51,7,0,44,680b592ba16a2826f23b46a382ca261f4183523293f82d568f6e6c5b5b6e503c,COLLECTION:P3-85447:ocr-draft-20260727；LOCALFULL:P3-85447；NLC:minxian-1944-v1n6-contents-ocr；NLC:minxian-1944-v1n6-democracy-philosophy-upper-ocr,NLC404-00J001436-85447_民憲_第一卷第六期；NLC404-00J001436-85447_民憲_第一卷第六期.pdf · OCR检索草稿；《民憲》第一卷第六期目录页（OCR试点）；《民憲》第一卷第六期〈民主政治的哲學問題（上）〉正文试点；《民憲》第一卷第六期〈民主政治的哲學問題（上）〉正文试点；《民憲》第一卷第六期〈民主政治的哲學問題（上）〉正文试点；《民憲》第一卷第六期〈民主政治的哲學問題（上）〉正文试点
A,同期报刊/原始扫描优先,draft_ready_formal_gap,data/domestic/press_scans/NLC404-00J001436-85450_民憲_第一卷第九期.pdf,51,51,7,0,44,b6e123c4d90e4b2b596a61e70758f3d0be22cbfbf63ee6ac7853f682de62d5df,COLLECTION:P3-85450:ocr-draft-20260727；LOCALFULL:P3-85450；NLC:minxian-1944-v1n9-democracy-vs-nondemocracy-article-ocr,NLC404-00J001436-85450_民憲_第一卷第九期；NLC404-00J001436-85450_民憲_第一卷第九期.pdf · OCR检索草稿；《民憲》第一卷第九期〈民主政治與非民主政治〉正文（OCR试点）；《民憲》第一卷第九期〈民主政治與非民主政治〉正文（OCR试点）；《民憲》第一卷第九期〈民主政治與非民主政治〉正文（OCR试点）；《民憲》第一卷第九期〈民主政治與非民主政治〉正文（OCR试点）；《民憲》第一卷第九期〈民主政治與非民主政治〉正文（OCR试点）
A,同期报刊/原始扫描优先,draft_ready_formal_gap,data/domestic/press_scans/NLC404-00J001436-85453_民憲_第一卷第十二期.pdf,45,45,3,0,42,bd753ca717908b0556e04dad0fa18519830a8cd3470d25eafbceae17f3c6fe4a,COLLECTION:P3-005:ocr-draft-20260727；LOCALFULL:P3-005；NLC:minxian-1945-v1n12-contents-ocr,NLC404-00J001436-85453_民憲_第一卷第十二期；NLC404-00J001436-85453_民憲_第一卷第十二期.pdf · OCR检索草稿；《民憲》第一卷第十二期目录页（OCR试点）
A,同期报刊/原始扫描优先,draft_ready_formal_gap,data/domestic/press_scans/NLC404-00J001436-85455_民憲_第二卷第二期.pdf,45,45,3,0,42,449086e77f910796d78a924782cc7cfc830e2a77b0df62c04e6c0fb209cfb7de,COLLECTION:P3-85455:ocr-draft-20260727；LOCALFULL:P3-85455；NLC:minxian-1945-v2n2-contents-ocr,NLC404-00J001436-85455_民憲_第二卷第二期；NLC404-00J001436-85455_民憲_第二卷第二期.pdf · OCR检索草稿；《民憲》第二卷第二期目录页（OCR试点）
A,同期报刊/原始扫描优先,draft_ready_formal_gap,data/domestic/press_scans/NLC404-00J001436-85442_民憲_第一卷第一期.pdf,47,47,6,0,41,528aa1c147c3ef5ae7af19790cc61b7fe3b261fd3f4afed0cb75b7e58dacbdad,COLLECTION:P3-85442:ocr-draft-20260727；LOCALFULL:P3-85442；NLC:minxian-1944-v1n1-contents-ocr；NLC:minxian-1944-v1n1-preface-effort-and-thought-ocr,NLC404-00J001436-85442_民憲_第一卷第一期；NLC404-00J001436-85442_民憲_第一卷第一期.pdf · OCR检索草稿；《民憲》第一卷第一期目录页（OCR试点）；《民憲》第一卷第一期〈努力與思索〉（代發刊詞）正文试点；《民憲》第一卷第一期〈努力與思索〉（代發刊詞）正文试点；《民憲》第一卷第一期〈努力與思索〉（代發刊詞）正文试点
A,同期报刊/原始扫描优先,draft_ready_formal_gap,data/domestic/press_scans/NLC404-00J001436-85444_民憲_第一卷第三期.pdf,41,41,3,0,38,c21e3e8464473cf68cafdda3e65d69e32fb2bce986f88aa9593479150c612618,COLLECTION:P3-85444:ocr-draft-20260727；LOCALFULL:P3-85444；NLC:minxian-1944-v1n3-contents-ocr,NLC404-00J001436-85444_民憲_第一卷第三期；NLC404-00J001436-85444_民憲_第一卷第三期.pdf · OCR检索草稿；《民憲》第一卷第三期目录页（OCR试点）
A,同期报刊/原始扫描优先,draft_ready_formal_gap,data/domestic/press_scans/NLC404-01J000514-10834_光明報_1946年1期.pdf,24,24,3,0,21,29a5d3149bf83793ece67f8f7efe6280c29f68e584209add4f60aafafbefcbc5,COLLECTION:P3-008:ocr-draft-20260727；LOCALFULL:P3-008；NLC:guangmingbao-1946-issue1-front-ocr,NLC404-01J000514-10834_光明報_1946年1期；NLC404-01J000514-10834_光明報_1946年1期.pdf · OCR检索草稿；《光明報》新一號首版（OCR试点）
A,同期报刊/原始扫描优先,draft_ready_formal_gap,data/domestic/press_scans/NLC404-01J000514-10426_光明報_1946年5期.pdf,20,20,3,0,17,306b5dbe735a5950497c26e2f7ff510961f54e2dbdf4f443c8f0dfa83468194f,COLLECTION:P3-10426:ocr-draft-20260727；LOCALFULL:P3-10426；NLC:guangmingbao-1946-issue5-front-ocr,NLC404-01J000514-10426_光明報_1946年5期；NLC404-01J000514-10426_光明報_1946年5期.pdf · OCR检索草稿；《光明報》新五號首版（OCR试点）
A,同期报刊/原始扫描优先,draft_ready_formal_gap,data/domestic/press_scans/NLC404-01J000514-10483_光明報_1947年22期.pdf,20,20,3,0,17,b4a3922174c2a66b7a9997a6130fc477684b39bbb9f34b51aece36f43dd26b95,COLLECTION:P3-10483:ocr-draft-20260727；LOCALFULL:P3-10483；NLC:guangmingbao-1947-issue22-front-ocr,NLC404-01J000514-10483_光明報_1947年22期；NLC404-01J000514-10483_光明報_1947年22期.pdf · OCR检索草稿；《光明報》新二十二號首版（OCR试点）
A,同期报刊/原始扫描优先,draft_ready_formal_gap,data/domestic/press_scans/NLC404-01J000514-23806_光明報_1946年11期.pdf,20,20,3,0,17,5b95a725e79886275c6cac9046d23651ad88bbe56f0895ba89de9c73864d6d83,COLLECTION:P3-23806:ocr-draft-20260727；LOCALFULL:P3-23806；NLC:guangmingbao-1946-issue11-anti-one-party-constitution-ocr,NLC404-01J000514-23806_光明報_1946年11期；NLC404-01J000514-23806_光明報_1946年11期.pdf · OCR检索草稿；《光明報》新十一號〈反對一黨獨裁的憲法！〉正文首页（OCR试点）
A,同期官方公报/原始扫描优先,draft_ready_formal_gap,data/domestic/gazette_scans/ROC1947-10-27國民政府公報2964.pdf,17,17,1,0,16,3fa55d79a386f840d08c9268b39a301cf4322453e3134a5ab608acd3e3150e9c,COLLECTION:P3-016:ocr-draft-20260727,ROC1947-10-27國民政府公報2964
A,同期官方公报/原始扫描优先,draft_ready_formal_gap,data/domestic/gazette_scans/ROC1947-11-07國民政府公報2974.pdf,17,17,1,0,16,5e04a2d4ecc2ebe9ae09b978127bcb9cd11477481e9966fe8a9eb0b4be9bb592,COLLECTION:P3-019:ocr-draft-20260727,ROC1947-11-07國民政府公報2974
A,同期报刊/原始扫描优先,draft_ready_formal_gap,data/domestic/press_scans/NLC404-01J000332-6817_观察_1947年3卷11期.pdf,20,20,6,0,14,f4232929eca2a91b07b292eea0153528e8bce8e7241499a475e6ecc6d2b0af71,COLLECTION:P3-009:ocr-draft-20260727；LOCALFULL:P3-009；NLC:observer-1947-v3n11-selected-ocr,NLC404-01J000332-6817_观察_1947年3卷11期；NLC404-01J000332-6817_观察_1947年3卷11期.pdf · OCR检索草稿；《觀察》第三卷第十一期高价值页（OCR试点）；《觀察》第三卷第十一期高价值页（OCR试点）；《觀察》第三卷第十一期高价值页（OCR试点）；《觀察》第三卷第十一期高价值页（OCR试点）
A,同期报刊/原始扫描优先,draft_ready_formal_gap,data/domestic/press_scans/NLC404-01J000514-10424_光明報_1946年3期.pdf,16,16,3,0,13,826fba6a608093972cf54dabf8a9a117ff6e1416767610d6d49a35c0c58328de,COLLECTION:P3-10424:ocr-draft-20260727；LOCALFULL:P3-10424；NLC:guangmingbao-1946-issue3-double-ten-task-ocr,NLC404-01J000514-10424_光明報_1946年3期；NLC404-01J000514-10424_光明報_1946年3期.pdf · OCR检索草稿；《光明報》新三號〈為完成雙十節的歷史任務而奮鬥〉首页（OCR试点）
A,同期报刊/原始扫描优先,draft_ready_formal_gap,data/domestic/press_scans/NLC404-01J000514-10425_光明報_1946年4期.pdf,16,16,3,0,13,cfe3ac1821e7d400622079d75d6e9e455391804199b52d35f6757e37f426c163,COLLECTION:P3-10425:ocr-draft-20260727；LOCALFULL:P3-10425；NLC:guangmingbao-1946-issue4-front-ocr,NLC404-01J000514-10425_光明報_1946年4期；NLC404-01J000514-10425_光明報_1946年4期.pdf · OCR检索草稿；《光明報》新四號首版（OCR试点）
A,同期报刊/原始扫描优先,draft_ready_formal_gap,data/domestic/press_scans/NLC404-01J000514-10427_光明報_1946年6期.pdf,16,16,3,0,13,aee7e822dde154aecf04f451e36a3c207d98a3dc58e9b0ba22a3132bfc9d0f16,COLLECTION:P3-10427:ocr-draft-20260727；LOCALFULL:P3-10427；NLC:guangmingbao-1946-issue6-front-ocr,NLC404-01J000514-10427_光明報_1946年6期；NLC404-01J000514-10427_光明報_1946年6期.pdf · OCR检索草稿；《光明報》新六號首版（OCR试点）
A,同期报刊/原始扫描优先,draft_ready_formal_gap,data/domestic/press_scans/NLC404-01J000514-10428_光明報_1946年7期.pdf,16,16,3,0,13,367165396035893b6a8882a6c270cff4a4cf61dc1d9284525ebcd3240be68f8b,COLLECTION:P3-10428:ocr-draft-20260727；LOCALFULL:P3-10428；NLC:guangmingbao-1946-issue7-front-ocr,NLC404-01J000514-10428_光明報_1946年7期；NLC404-01J000514-10428_光明報_1946年7期.pdf · OCR检索草稿；《光明報》新七號首版（OCR试点）
A,同期报刊/原始扫描优先,draft_ready_formal_gap,data/domestic/press_scans/NLC404-01J000514-10429_光明報_1946年8期.pdf,16,16,3,0,13,a0953d77e33497a9af58d458818a2cbafae011e76ef88f0901ac4a11e4702773,COLLECTION:P3-10429:ocr-draft-20260727；LOCALFULL:P3-10429；NLC:guangmingbao-1946-issue8-conditional-national-assembly-ocr,NLC404-01J000514-10429_光明報_1946年8期；NLC404-01J000514-10429_光明報_1946年8期.pdf · OCR检索草稿；《光明報》新八號〈論有條件參加國大〉首版（OCR试点）
A,同期报刊/原始扫描优先,draft_ready_formal_gap,data/domestic/press_scans/NLC404-01J000514-10430_光明報_1946年9期.pdf,16,16,3,0,13,b7ad7c28eb35d6f8634e2652dbc64ea7f01c9e25040581a14c4394cac9067cd4,COLLECTION:P3-10430:ocr-draft-20260727；LOCALFULL:P3-10430；NLC:guangmingbao-1946-issue9-front-ocr,NLC404-01J000514-10430_光明報_1946年9期；NLC404-01J000514-10430_光明報_1946年9期.pdf · OCR检索草稿；《光明報》新九號首版（OCR试点）
A,同期报刊/原始扫描优先,draft_ready_formal_gap,data/domestic/press_scans/NLC404-01J000514-10431_光明報_1946年10期.pdf,16,16,3,0,13,3ff69100868d575fe6b95702e47481ed51aa4090b94e413ba181a4f6a2d8bd98,COLLECTION:P3-004:ocr-draft-20260727；LOCALFULL:P3-004；NLC:guangmingbao-1946-issue10-front-ocr,NLC404-01J000514-10431_光明報_1946年10期；NLC404-01J000514-10431_光明報_1946年10期.pdf · OCR检索草稿；《光明報》新十號首版（OCR试点）
A,同期报刊/原始扫描优先,draft_ready_formal_gap,data/domestic/press_scans/NLC404-01J000514-10459_光明報_1947年20期.pdf,16,16,3,0,13,5b089bc981e2601139b5cce5bb9247073f1cf6790dd8d972d6dba41fac25d9cb,COLLECTION:P3-10459:ocr-draft-20260727；LOCALFULL:P3-10459；NLC:guangmingbao-1947-issue20-front-ocr,NLC404-01J000514-10459_光明報_1947年20期；NLC404-01J000514-10459_光明報_1947年20期.pdf · OCR检索草稿；《光明報》新二十號首版（OCR试点）
A,同期报刊/原始扫描优先,draft_ready_formal_gap,data/domestic/press_scans/NLC404-01J000514-10460_光明報_1947年21期.pdf,16,16,3,0,13,236a6c821903866555b69d06a7646689841dfd4859e951dc0bee0eb33405f2ab,COLLECTION:P3-002:ocr-draft-20260727；LOCALFULL:P3-002；NLC:guangmingbao-1947-issue21-front-ocr,NLC404-01J000514-10460_光明報_1947年21期；NLC404-01J000514-10460_光明報_1947年21期.pdf · OCR检索草稿；《光明報》新二十一號首版（OCR试点）
A,同期报刊/原始扫描优先,draft_ready_formal_gap,data/domestic/press_scans/NLC404-01J000514-10835_光明報_1946年2期.pdf,16,16,3,0,13,c6d05b14da2f4a46bbddd868df8a3ea559d1b7db06527ee42913d908eb3be792,COLLECTION:P3-10835:ocr-draft-20260727；LOCALFULL:P3-10835；NLC:guangmingbao-1946-issue2-front-ocr,NLC404-01J000514-10835_光明報_1946年2期；NLC404-01J000514-10835_光明報_1946年2期.pdf · OCR检索草稿；《光明報》新二號首版（OCR试点）
A,同期官方公报/原始扫描优先,draft_ready_formal_gap,data/domestic/gazette_scans/ROC1947-10-30國民政府公報2967.pdf,13,13,1,0,12,61eef4effac2abda2812a1ec507e7e9bb9bed219b31426dd07415b60c36f83e5,COLLECTION:P3-017:ocr-draft-20260727,ROC1947-10-30國民政府公報2967
A,同期官方公报/原始扫描优先,draft_ready_formal_gap,data/domestic/gazette_scans/ROC1947-11-06國民政府公報2973.pdf,9,9,1,0,8,0a7c39bc0aa426d5f6672a302d7e64e37b43557d68762099ab75941b56d18b03,COLLECTION:P3-018:ocr-draft-20260727,ROC1947-11-06國民政府公報2973
A,同期报刊/原始扫描优先,draft_ready_formal_gap,data/domestic/press_scans/NLC404-01J000514-10454_光明報_1947年14期.pdf,20,20,18,0,2,86564d9d810e17e8ba05abdd02b059ffe72ac7218816e22f46d675feb1250047,COLLECTION:P3-10454:ocr-draft-20260727；LOCALFULL:P3-10454；NLC:guangmingbao-1947-14-full-ocr,NLC404-01J000514-10454_光明報_1947年14期；NLC404-01J000514-10454_光明報_1947年14期.pdf · OCR检索草稿；《光明報》1947年新十四號（OCR试点）；《光明報》1947年新十四號（OCR试点）；《光明報》1947年新十四號（OCR试点）；《光明報》1947年新十四號（OCR试点）；《光明報》1947年新十四號（OCR试点）；《光明報》1947年新十四號（OCR试点）；《光明報》1947年新十四號（OCR试点）；《光明報》1947年新十四號（OCR试点）；《光明報》1947年新十四號（OCR试点）；《光明報》1947年新十四號（OCR试点）；《光明報》1947年新十四號（OCR试点）；《光明報》1947年新十四號（OCR试点）；《光明報》1947年新十四號（OCR试点）；《光明報》1947年新十四號（OCR试点）；《光明報》1947年新十四號（OCR试点）；《光明報》1947年新十四號（OCR试点）
A,同期报刊/原始扫描优先,draft_ready_formal_gap,data/domestic/press_scans/NLC404-01J000514-10458_光明報_1947年19期.pdf,16,16,14,0,2,ae1516a7c2249fcd0860eb2f0ed89069d4e3dbe46a410cd80a54317f4c1af7fc,COLLECTION:P3-10458:ocr-draft-20260727；LOCALFULL:P3-10458；NLC:guangmingbao-1947-19-key-pages,NLC404-01J000514-10458_光明報_1947年19期；NLC404-01J000514-10458_光明報_1947年19期.pdf · OCR检索草稿；《光明報》1947年新十九號关键页（OCR试点）；《光明報》1947年新十九號关键页（OCR试点）；《光明報》1947年新十九號关键页（OCR试点）；《光明報》1947年新十九號关键页（OCR试点）；《光明報》1947年新十九號关键页（OCR试点）；《光明報》1947年新十九號关键页（OCR试点）；《光明報》1947年新十九號关键页（OCR试点）；《光明報》1947年新十九號关键页（OCR试点）；《光明報》1947年新十九號关键页（OCR试点）；《光明報》1947年新十九號关键页（OCR试点）；《光明報》1947年新十九號关键页（OCR试点）；《光明報》1947年新十九號关键页（OCR试点）
A,同期报刊/原始扫描优先,formal_page_count_anomaly,data/domestic/press_scans/GXMM_大公報_天津版_1947-11-06_第2版_民盟宣布解散_嵌图截取.png,1,1,2,0,0,4c0970c8615b3f70f986fef21f252b22157d53335335d2610dc2110ef0839103,COLLECTION:P3-020:ocr-draft-20260727；LOCALFULL:P3-020,GXMM_大公報_天津版_1947-11-06_第2版_民盟宣布解散_嵌图截取；GXMM_大公報_天津版_1947-11-06_第2版_民盟宣布解散_嵌图截取.png · OCR检索草稿
A,同期报刊/原始扫描优先,formal_page_count_anomaly,data/domestic/press_scans/LNU_PROFMKCHAN_INDEXLIST_14_光明報_1941.pdf,2,2,4,0,0,7ff54b899dddbbfe4f089aca87c3ca98b4de1fcd0074e0ae571f598bdcceb3a9,COLLECTION:P3-021:ocr-draft-20260727；LOCALFULL:P3-021；NLC:guangmingbao-1941-index-list-ocr,LNU_PROFMKCHAN_INDEXLIST_14_光明報_1941；LNU_PROFMKCHAN_INDEXLIST_14_光明報_1941.pdf · OCR检索草稿；1941年《光明報》香港工运剪报索引清单（OCR导航）；1941年《光明報》香港工运剪报索引清单（OCR导航）
A,同期报刊/原始扫描优先,formal_page_count_anomaly,data/domestic/press_scans/NLC1080-00N000846-8631_新华日报_1941-10-10.pdf,6,6,8,0,0,6165c58624e3c2dd595f9a3f43688f766916e459ccec18e6c3cf7c8881ab787e,COLLECTION:P3-006:ocr-draft-20260727；LOCALFULL:P3-006；NLC:xinhua-daily-1941-10-10-full-ocr,NLC1080-00N000846-8631_新华日报_1941-10-10；NLC1080-00N000846-8631_新华日报_1941-10-10.pdf · OCR检索草稿；《新华日报》1941年10月10日全版扫描（OCR试点）；《新华日报》1941年10月10日全版扫描（OCR试点）；《新华日报》1941年10月10日全版扫描（OCR试点）；《新华日报》1941年10月10日全版扫描（OCR试点）；《新华日报》1941年10月10日全版扫描（OCR试点）；《新华日报》1941年10月10日全版扫描（OCR试点）
A,同期报刊/原始扫描优先,formal_page_count_anomaly,data/domestic/press_scans/NLC1080-00N000846-8658_新华日报_1941-10-16.pdf,2,2,4,0,0,f6b7d741ba0b9429dcdc7c1b79b7dbefe359341bcbf0997a86392ffccc628edd,COLLECTION:P3-8658:ocr-draft-20260727；LOCALFULL:P3-8658；NLC:xinhua-daily-1941-10-16-full-ocr,NLC1080-00N000846-8658_新华日报_1941-10-16；NLC1080-00N000846-8658_新华日报_1941-10-16.pdf · OCR检索草稿；《新华日报》1941年10月16日全版扫描（OCR试点）；《新华日报》1941年10月16日全版扫描（OCR试点）
A,同期报刊/原始扫描优先,formal_page_count_anomaly,data/domestic/press_scans/NLC1080-00N000846-8712_新华日报_1941-10-28.pdf,2,2,3,0,0,21b2def11c2f00c2167f178258494c42cc196eaaf90439344202af7fc18e503b,COLLECTION:P3-001:ocr-draft-20260727；NLC:xinhua-daily-1941-10-28-full-ocr,NLC1080-00N000846-8712_新华日报_1941-10-28；《新华日报》1941年10月28日全版扫描（OCR试点）；《新华日报》1941年10月28日全版扫描（OCR试点）
A,同期报刊/原始扫描优先,formal_page_count_anomaly,data/domestic/press_scans/NLC1080-00N001037-7604_大剛報_1947年11月04日.pdf,4,4,6,0,0,5176d9591d915124572f7824e3131a1ed682a25cc637b03720fae7a87ee883cb,COLLECTION:P3-N1080-7604:ocr-draft-20260727；LOCALFULL:P3-N1080-7604；NLC:dagangbao-1947-11-04-full-ocr,NLC1080-00N001037-7604_大剛報_1947年11月04日；NLC1080-00N001037-7604_大剛報_1947年11月04日.pdf · OCR检索草稿；《大剛報》1947年11月4日全版扫描（OCR试点）；《大剛報》1947年11月4日全版扫描（OCR试点）；《大剛報》1947年11月4日全版扫描（OCR试点）；《大剛報》1947年11月4日全版扫描（OCR试点）
A,同期报刊/原始扫描优先,formal_page_count_anomaly,data/domestic/press_scans/NLC1080-00N001037-7606_大剛報_1947年11月06日.pdf,4,4,6,0,0,9b4c22a6e905c40f0efef1ce24aa6f1f447b4eb64a1137513a5f6b6532f83284,COLLECTION:P3-N1080-7606:ocr-draft-20260727；LOCALFULL:P3-N1080-7606；NLC:dagangbao-1947-11-06-full-ocr,NLC1080-00N001037-7606_大剛報_1947年11月06日；NLC1080-00N001037-7606_大剛報_1947年11月06日.pdf · OCR检索草稿；《大剛報》1947年11月6日全版扫描（OCR试点）；《大剛報》1947年11月6日全版扫描（OCR试点）；《大剛報》1947年11月6日全版扫描（OCR试点）；《大剛報》1947年11月6日全版扫描（OCR试点）
A,同期报刊/原始扫描优先,formal_page_count_anomaly,data/domestic/press_scans/NLC404-01J000514-10453_光明報_1947年13期.pdf,16,16,18,0,0,27209c19191d4fa6dcaa6b2f5ea55b7dfaf74f03cb739ec7067c6552b90fba41,COLLECTION:P3-10453:ocr-draft-20260727；LOCALFULL:P3-10453；NLC:guangmingbao-1947-13-full-ocr,NLC404-01J000514-10453_光明報_1947年13期；NLC404-01J000514-10453_光明報_1947年13期.pdf · OCR检索草稿；《光明報》1947年新十三號（OCR试点）；《光明報》1947年新十三號（OCR试点）；《光明報》1947年新十三號（OCR试点）；《光明報》1947年新十三號（OCR试点）；《光明報》1947年新十三號（OCR试点）；《光明報》1947年新十三號（OCR试点）；《光明報》1947年新十三號（OCR试点）；《光明報》1947年新十三號（OCR试点）；《光明報》1947年新十三號（OCR试点）；《光明報》1947年新十三號（OCR试点）；《光明報》1947年新十三號（OCR试点）；《光明報》1947年新十三號（OCR试点）；《光明報》1947年新十三號（OCR试点）；《光明報》1947年新十三號（OCR试点）；《光明報》1947年新十三號（OCR试点）；《光明報》1947年新十三號（OCR试点）
A,同期报刊/原始扫描优先,formal_page_count_anomaly,data/domestic/press_scans/NLC404-01J000514-10455_光明報_1947年15期.pdf,16,16,18,0,0,42c7b19e6f84a2a615adbe5bc776aa54be395b745a168a72989279c50c02434e,COLLECTION:P3-10455:ocr-draft-20260727；LOCALFULL:P3-10455；NLC:guangmingbao-1947-15-full-ocr,NLC404-01J000514-10455_光明報_1947年15期；NLC404-01J000514-10455_光明報_1947年15期.pdf · OCR检索草稿；《光明報》1947年新十五號（OCR试点）；《光明報》1947年新十五號（OCR试点）；《光明報》1947年新十五號（OCR试点）；《光明報》1947年新十五號（OCR试点）；《光明報》1947年新十五號（OCR试点）；《光明報》1947年新十五號（OCR试点）；《光明報》1947年新十五號（OCR试点）；《光明報》1947年新十五號（OCR试点）；《光明報》1947年新十五號（OCR试点）；《光明報》1947年新十五號（OCR试点）；《光明報》1947年新十五號（OCR试点）；《光明報》1947年新十五號（OCR试点）；《光明報》1947年新十五號（OCR试点）；《光明報》1947年新十五號（OCR试点）；《光明報》1947年新十五號（OCR试点）；《光明報》1947年新十五號（OCR试点）
A,同期报刊/原始扫描优先,formal_page_count_anomaly,data/domestic/press_scans/NLC404-01J000514-10456_光明報_1947年16–17期.pdf,17,17,19,0,0,c54548425303f975110c7163b7bc15eb16f6a7ad5d045e5d0a9d5e0fcc984a91,COLLECTION:P3-10456:ocr-draft-20260727；LOCALFULL:P3-10456；NLC:guangmingbao-1947-16-17-full-ocr,NLC404-01J000514-10456_光明報_1947年16–17期；NLC404-01J000514-10456_光明報_1947年16–17期.pdf · OCR检索草稿；《光明報》1947年新十六—十七號（OCR试点）；《光明報》1947年新十六—十七號（OCR试点）；《光明報》1947年新十六—十七號（OCR试点）；《光明報》1947年新十六—十七號（OCR试点）；《光明報》1947年新十六—十七號（OCR试点）；《光明報》1947年新十六—十七號（OCR试点）；《光明報》1947年新十六—十七號（OCR试点）；《光明報》1947年新十六—十七號（OCR试点）；《光明報》1947年新十六—十七號（OCR试点）；《光明報》1947年新十六—十七號（OCR试点）；《光明報》1947年新十六—十七號（OCR试点）；《光明報》1947年新十六—十七號（OCR试点）；《光明報》1947年新十六—十七號（OCR试点）；《光明報》1947年新十六—十七號（OCR试点）；《光明報》1947年新十六—十七號（OCR试点）；《光明報》1947年新十六—十七號（OCR试点）；《光明報》1947年新十六—十七號（OCR试点）
A,同期报刊/原始扫描优先,formal_page_count_anomaly,data/domestic/press_scans/NLC404-01J000514-10457_光明報_1947年18期.pdf,16,16,18,0,0,d00c34801cb283d963ff4fb0a9bb545391025a005c2afac24f9b2213160a22bd,COLLECTION:P3-10457:ocr-draft-20260727；LOCALFULL:P3-10457；NLC:guangmingbao-1947-18-full-ocr,NLC404-01J000514-10457_光明報_1947年18期；NLC404-01J000514-10457_光明報_1947年18期.pdf · OCR检索草稿；《光明報》1947年新十八號（OCR试点）；《光明報》1947年新十八號（OCR试点）；《光明報》1947年新十八號（OCR试点）；《光明報》1947年新十八號（OCR试点）；《光明報》1947年新十八號（OCR试点）；《光明報》1947年新十八號（OCR试点）；《光明報》1947年新十八號（OCR试点）；《光明報》1947年新十八號（OCR试点）；《光明報》1947年新十八號（OCR试点）；《光明報》1947年新十八號（OCR试点）；《光明報》1947年新十八號（OCR试点）；《光明報》1947年新十八號（OCR试点）；《光明報》1947年新十八號（OCR试点）；《光明報》1947年新十八號（OCR试点）；《光明報》1947年新十八號（OCR试点）；《光明報》1947年新十八號（OCR试点）
A,同期报刊/原始扫描优先,formal_page_count_anomaly,data/domestic/press_scans/NLC404-01J000514-10484_光明報_1948年1卷1期.pdf,24,24,26,0,0,55ac4cedee420a41427dbed23ccd4870adfac4315e987ef78aed20b1101b26e8,COLLECTION:P3-10484:ocr-draft-20260727；LOCALFULL:P3-10484；NLC:guangmingbao-1948-v1n1-full-ocr,NLC404-01J000514-10484_光明報_1948年1卷1期；NLC404-01J000514-10484_光明報_1948年1卷1期.pdf · OCR检索草稿；《光明報》1948年第一卷第一期（OCR试点）；《光明報》1948年第一卷第一期（OCR试点）；《光明報》1948年第一卷第一期（OCR试点）；《光明報》1948年第一卷第一期（OCR试点）；《光明報》1948年第一卷第一期（OCR试点）；《光明報》1948年第一卷第一期（OCR试点）；《光明報》1948年第一卷第一期（OCR试点）；《光明報》1948年第一卷第一期（OCR试点）；《光明報》1948年第一卷第一期（OCR试点）；《光明報》1948年第一卷第一期（OCR试点）；《光明報》1948年第一卷第一期（OCR试点）；《光明報》1948年第一卷第一期（OCR试点）；《光明報》1948年第一卷第一期（OCR试点）；《光明報》1948年第一卷第一期（OCR试点）；《光明報》1948年第一卷第一期（OCR试点）；《光明報》1948年第一卷第一期（OCR试点）；《光明報》1948年第一卷第一期（OCR试点）；《光明報》1948年第一卷第一期（OCR试点）；《光明報》1948年第一卷第一期（OCR试点）；《光明報》1948年第一卷第一期（OCR试点）；《光明報》1948年第一卷第一期（OCR试点）；《光明報》1948年第一卷第一期（OCR试点）；《光明報》1948年第一卷第一期（OCR试点）；《光明報》1948年第一卷第一期（OCR试点）
A,同期报刊/原始扫描优先,formal_page_count_anomaly,data/domestic/press_scans/NLC404-01J000514-10514_光明報_1948年1卷12期.pdf,20,20,22,0,0,0ae20c45cbc20e06399c7133d12379a318643c0f2eafa2fc3852fac222a47450,COLLECTION:P3-10514:ocr-draft-20260727；LOCALFULL:P3-10514；NLC:guangmingbao-1948-v1n12-full-ocr,NLC404-01J000514-10514_光明報_1948年1卷12期；NLC404-01J000514-10514_光明報_1948年1卷12期.pdf · OCR检索草稿；《光明報》1948年第一卷第十二期（OCR试点）；《光明報》1948年第一卷第十二期（OCR试点）；《光明報》1948年第一卷第十二期（OCR试点）；《光明報》1948年第一卷第十二期（OCR试点）；《光明報》1948年第一卷第十二期（OCR试点）；《光明報》1948年第一卷第十二期（OCR试点）；《光明報》1948年第一卷第十二期（OCR试点）；《光明報》1948年第一卷第十二期（OCR试点）；《光明報》1948年第一卷第十二期（OCR试点）；《光明報》1948年第一卷第十二期（OCR试点）；《光明報》1948年第一卷第十二期（OCR试点）；《光明報》1948年第一卷第十二期（OCR试点）；《光明報》1948年第一卷第十二期（OCR试点）；《光明報》1948年第一卷第十二期（OCR试点）；《光明報》1948年第一卷第十二期（OCR试点）；《光明報》1948年第一卷第十二期（OCR试点）；《光明報》1948年第一卷第十二期（OCR试点）；《光明報》1948年第一卷第十二期（OCR试点）；《光明報》1948年第一卷第十二期（OCR试点）；《光明報》1948年第一卷第十二期（OCR试点）
A,同期报刊/原始扫描优先,formal_page_count_anomaly,data/domestic/press_scans/NLC404-01J000514-10515_光明報_1949年2卷1期.pdf,20,20,22,0,0,71c72759499aca2025c18e3fae397850fd6ffb3be802ea06cd12e00d813e5623,COLLECTION:P3-10515:ocr-draft-20260727；LOCALFULL:P3-10515；NLC:guangmingbao-1949-v2n1-full-ocr,NLC404-01J000514-10515_光明報_1949年2卷1期；NLC404-01J000514-10515_光明報_1949年2卷1期.pdf · OCR检索草稿；《光明報》1949年第二卷第一期（OCR试点）；《光明報》1949年第二卷第一期（OCR试点）；《光明報》1949年第二卷第一期（OCR试点）；《光明報》1949年第二卷第一期（OCR试点）；《光明報》1949年第二卷第一期（OCR试点）；《光明報》1949年第二卷第一期（OCR试点）；《光明報》1949年第二卷第一期（OCR试点）；《光明報》1949年第二卷第一期（OCR试点）；《光明報》1949年第二卷第一期（OCR试点）；《光明報》1949年第二卷第一期（OCR试点）；《光明報》1949年第二卷第一期（OCR试点）；《光明報》1949年第二卷第一期（OCR试点）；《光明報》1949年第二卷第一期（OCR试点）；《光明報》1949年第二卷第一期（OCR试点）；《光明報》1949年第二卷第一期（OCR试点）；《光明報》1949年第二卷第一期（OCR试点）；《光明報》1949年第二卷第一期（OCR试点）；《光明報》1949年第二卷第一期（OCR试点）；《光明報》1949年第二卷第一期（OCR试点）；《光明報》1949年第二卷第一期（OCR试点）
A,同期报刊/原始扫描优先,formal_page_count_anomaly,data/domestic/press_scans/NLC404-01J000514-72818_光明報_1947年12期.pdf,16,16,18,0,0,f61c03880c043ff7bbfb12bc170a3e92f6e2c65f70325bb46aafff20cc9001dd,COLLECTION:P3-010:ocr-draft-20260727；LOCALFULL:P3-010；NLC:guangmingbao-1947-12-full-ocr,NLC404-01J000514-72818_光明報_1947年12期；NLC404-01J000514-72818_光明報_1947年12期.pdf · OCR检索草稿；《光明報》1947年新十二號（OCR试点）；《光明報》1947年新十二號（OCR试点）；《光明報》1947年新十二號（OCR试点）；《光明報》1947年新十二號（OCR试点）；《光明報》1947年新十二號（OCR试点）；《光明報》1947年新十二號（OCR试点）；《光明報》1947年新十二號（OCR试点）；《光明報》1947年新十二號（OCR试点）；《光明報》1947年新十二號（OCR试点）；《光明報》1947年新十二號（OCR试点）；《光明報》1947年新十二號（OCR试点）；《光明報》1947年新十二號（OCR试点）；《光明報》1947年新十二號（OCR试点）；《光明報》1947年新十二號（OCR试点）；《光明報》1947年新十二號（OCR试点）；《光明報》1947年新十二號（OCR试点）
A,同期报刊/原始扫描优先,formal_page_count_anomaly,data/domestic/press_scans/NLC404-01J000514-72821_光明報_1949年2卷12期.pdf,20,20,22,0,0,48932502dcf7bff7dd01c86bb330ab3ba16d4f1ea9c7cc3b54bad4a38a7f16ae,COLLECTION:P3-72821:ocr-draft-20260727；LOCALFULL:P3-72821；NLC:guangmingbao-1949-v2n12-full-ocr,NLC404-01J000514-72821_光明報_1949年2卷12期；NLC404-01J000514-72821_光明報_1949年2卷12期.pdf · OCR检索草稿；《光明報》1949年第二卷第十二期（OCR试点）；《光明報》1949年第二卷第十二期（OCR试点）；《光明報》1949年第二卷第十二期（OCR试点）；《光明報》1949年第二卷第十二期（OCR试点）；《光明報》1949年第二卷第十二期（OCR试点）；《光明報》1949年第二卷第十二期（OCR试点）；《光明報》1949年第二卷第十二期（OCR试点）；《光明報》1949年第二卷第十二期（OCR试点）；《光明報》1949年第二卷第十二期（OCR试点）；《光明報》1949年第二卷第十二期（OCR试点）；《光明報》1949年第二卷第十二期（OCR试点）；《光明報》1949年第二卷第十二期（OCR试点）；《光明報》1949年第二卷第十二期（OCR试点）；《光明報》1949年第二卷第十二期（OCR试点）；《光明報》1949年第二卷第十二期（OCR试点）；《光明報》1949年第二卷第十二期（OCR试点）；《光明報》1949年第二卷第十二期（OCR试点）；《光明報》1949年第二卷第十二期（OCR试点）；《光明報》1949年第二卷第十二期（OCR试点）；《光明報》1949年第二卷第十二期（OCR试点）
B,文献汇编/来源书，先做导航和关键页,draft_ready_formal_gap,data/domestic/sourcebooks/中国民主同盟临时全国代表大会宣言_公开转录.pdf,789,789,19,0,770,088458899f8119895b58e5bc5f2cf2e986c7911423b7fcea69fcee4f93d1cf31,COLLECTION:P3-014:ocr-draft-20260727；LOCALFULL:P3-014；NLC:political-consultative-records-1988-front-ocr,《政治协商会议纪实》（1988年编纂，原文件名误标）；《政治协商会议纪实》（1988年编纂，原文件名误标）；《政治协商会议纪实》（1988年编纂，原文件名误标）；《政治协商会议纪实》（1988年编纂，原文件名误标）；《政治协商会议纪实》（1988年编纂，原文件名误标）；《政治协商会议纪实》（1988年编纂，原文件名误标）；《政治协商会议纪实》（1988年编纂，原文件名误标）；《政治协商会议纪实》（1988年编纂，原文件名误标）；中国民主同盟临时全国代表大会宣言_公开转录.pdf · OCR检索草稿；中国民主同盟临时全国代表大会宣言_公开转录.pdf · OCR检索草稿；中国民主同盟临时全国代表大会宣言_公开转录.pdf · OCR检索草稿；中国民主同盟临时全国代表大会宣言_公开转录.pdf · OCR检索草稿；中国民主同盟临时全国代表大会宣言_公开转录.pdf · OCR检索草稿；中国民主同盟临时全国代表大会宣言_公开转录.pdf · OCR检索草稿；中国民主同盟临时全国代表大会宣言_公开转录.pdf · OCR检索草稿；中国民主同盟临时全国代表大会宣言_公开转录.pdf · OCR检索草稿；《政治协商会议纪实》编者说明与序言（来源文件命名异常）；《政治协商会议纪实》编者说明与序言（来源文件命名异常）；《政治协商会议纪实》编者说明与序言（来源文件命名异常）
B,文献汇编/来源书，先做导航和关键页,draft_ready_formal_gap,data/domestic/sourcebooks/中国民主同盟历史文献_1941-1949_公开扫描.pdf,622,622,22,0,600,257bb7be70abe374be9864ec451b5a4a90e2442ae8c877b15f4e6bbb8bb30be3,COLLECTION:P3-015:ocr-draft-20260727；LOCALFULL:P3-015；MMHIST:formation-declaration-1941:ocr-pilot；MMHIST:platform-1945:ocr-pilot；MMHIST:political-report-1945:ocr-pilot；MMHIST:congress-declaration-1945:ocr-pilot,中国民主同盟历史文献_1941-1949_公开扫描；中国民主同盟历史文献_1941-1949_公开扫描；中国民主同盟历史文献_1941-1949_公开扫描；中国民主同盟历史文献_1941-1949_公开扫描；中国民主同盟历史文献_1941-1949_公开扫描；中国民主同盟历史文献_1941-1949_公开扫描；中国民主同盟历史文献_1941-1949_公开扫描；中国民主同盟历史文献_1941-1949_公开扫描.pdf · OCR检索草稿；中国民主同盟历史文献_1941-1949_公开扫描.pdf · OCR检索草稿；中国民主同盟历史文献_1941-1949_公开扫描.pdf · OCR检索草稿；中国民主同盟历史文献_1941-1949_公开扫描.pdf · OCR检索草稿；中国民主同盟历史文献_1941-1949_公开扫描.pdf · OCR检索草稿；中国民主同盟历史文献_1941-1949_公开扫描.pdf · OCR检索草稿；中国民主同盟历史文献_1941-1949_公开扫描.pdf · OCR检索草稿；中国民主政团同盟成立宣言（OCR试点页）；中国民主政团同盟成立宣言（OCR试点页）；中国民主政团同盟成立宣言（OCR试点页）；中国民主同盟纲领（OCR试点页）；中国民主同盟临时全国代表大会政治报告（OCR试点页）；中国民主同盟临时全国代表大会政治报告（OCR试点页）；中国民主同盟临时全国代表大会宣言（OCR试点页）；中国民主同盟临时全国代表大会宣言（OCR试点页）
B,文献汇编/来源书，先做导航和关键页,draft_ready_formal_gap,data/domestic/sourcebooks/NLC511-027032013012333-19131_民主同盟文獻_alternate_scan.pdf,178,178,5,0,173,a24e5e5bf9158ab08e74edfa3d4a8bf4927c10841a5e15321ba7d9cf701034dd,COLLECTION:P3-012:ocr-draft-20260727；LOCALFULL:P3-012；NLC:minmeng-wenxian-1946-alternate-front-ocr,NLC511-027032013012333-19131_民主同盟文獻_alternate_scan；NLC511-027032013012333-19131_民主同盟文獻_alternate_scan.pdf · OCR检索草稿；《民主同盟文獻》1946年官方汇编交替扫描前页（OCR试点）；《民主同盟文獻》1946年官方汇编交替扫描前页（OCR试点）；《民主同盟文獻》1946年官方汇编交替扫描前页（OCR试点）
B,文献汇编/来源书，先做导航和关键页,draft_ready_formal_gap,data/domestic/sourcebooks/NLC511-027032016010761-42571_中国民主同盟言论集.pdf,107,107,5,0,102,386faf360e73fd31e39d1f0a584877dddc76855f0d0be6157e01e06ac4234ef1,COLLECTION:P3-013:ocr-draft-20260727；LOCALFULL:P3-013；NLC:minmeng-yanlunji-1945-front-ocr,NLC511-027032016010761-42571_中国民主同盟言论集；NLC511-027032016010761-42571_中国民主同盟言论集.pdf · OCR检索草稿；《中國民主同盟言論集》1945年选编前页（OCR试点）；《中國民主同盟言論集》1945年选编前页（OCR试点）；《中國民主同盟言論集》1945年选编前页（OCR试点）
B,文献汇编/来源书，先做导航和关键页,draft_ready_formal_gap,data/domestic/sourcebooks/NLC416-01jh004281-12557_民主同盟文獻_1946.pdf,176,176,116,0,60,276a82242c445bd7d6ca468f9022090922e0c2c243054e0e5af4353a1456e43f,COLLECTION:P3-011:ocr-draft-20260727；LOCALFULL:P3-011；NLC:minmeng-wenxian-1946-around-group:ocr-pilot；NLC:minmeng-wenxian-1946-boundary-group:ocr-pilot；NLC:minmeng-wenxian-1946-early-group:ocr-pilot；NLC:minmeng-wenxian-1946-formation-group:ocr-pilot；NLC:minmeng-wenxian-1946-late-group:ocr-pilot；NLC:minmeng-wenxian-1946-target-group:ocr-pilot；NLC:minmeng-wenxian-1946-formation-group:ocr-pilot；NLC:minmeng-wenxian-1946-early-group:ocr-pilot；NLC:minmeng-wenxian-1946-boundary-group:ocr-pilot；NLC:minmeng-wenxian-1946-around-group:ocr-pilot；NLC:minmeng-wenxian-1946-target-group:ocr-pilot；NLC:minmeng-wenxian-1946-late-group:ocr-pilot；NLC:minmeng-wenxian-1946-minmeng-platform-1945:ocr-pilot,NLC416-01jh004281-12557_民主同盟文獻_1946；NLC416-01jh004281-12557_民主同盟文獻_1946.pdf · OCR检索草稿；1945政治主张文件页组（下，OCR试点）；1945政治主张文件页组（下，OCR试点）；1945政治主张文件页组（下，OCR试点）；1945政治主张文件页组（下，OCR试点）；1945政治主张文件页组（上，OCR试点）；1945政治主张文件页组（上，OCR试点）；1945政治主张文件页组（上，OCR试点）；1945政治主张文件页组（上，OCR试点）；1945政治主张文件页组（上，OCR试点）；1945政治主张文件页组（上，OCR试点）；1945政治主张文件页组（上，OCR试点）；1945政治主张文件页组（上，OCR试点）；1945政治主张文件页组（上，OCR试点）；1944—1945早期文件页组（OCR试点）；1944—1945早期文件页组（OCR试点）；1944—1945早期文件页组（OCR试点）；1944—1945早期文件页组（OCR试点）；1944—1945早期文件页组（OCR试点）；1944—1945早期文件页组（OCR试点）；1944—1945早期文件页组（OCR试点）；1944—1945早期文件页组（OCR试点）；1944—1945早期文件页组（OCR试点）；1941成立文件页组（OCR试点）；1941成立文件页组（OCR试点）；1941成立文件页组（OCR试点）；1941成立文件页组（OCR试点）；1941成立文件页组（OCR试点）；1945大会宣言后续页组（日期待核，OCR试点）；1945大会宣言后续页组（日期待核，OCR试点）；1945大会宣言后续页组（日期待核，OCR试点）；1945大会宣言后续页组（日期待核，OCR试点）；1945大会宣言后续页组（日期待核，OCR试点）；1945大会宣言后续页组（日期待核，OCR试点）；1945大会宣言后续页组（日期待核，OCR试点）；1945大会宣言后续页组（日期待核，OCR试点）；1945大会宣言后续页组（日期待核，OCR试点）；1945大会宣言后续页组（日期待核，OCR试点）；1945大会宣言后续页组（日期待核，OCR试点）；1945文件页组（续，OCR试点）；1945文件页组（续，OCR试点）；1945文件页组（续，OCR试点）；1945文件页组（续，OCR试点）；1945文件页组（续，OCR试点）；1945文件页组（续，OCR试点）；1941成立文件页组（OCR试点）；1941成立文件页组（OCR试点）；1941成立文件页组（OCR试点）；1941成立文件页组（OCR试点）；1941成立文件页组（OCR试点）；1944—1945早期文件页组（OCR试点）；1944—1945早期文件页组（OCR试点）；1944—1945早期文件页组（OCR试点）；1944—1945早期文件页组（OCR试点）；1944—1945早期文件页组（OCR试点）；1944—1945早期文件页组（OCR试点）；1944—1945早期文件页组（OCR试点）；1944—1945早期文件页组（OCR试点）；1944—1945早期文件页组（OCR试点）；1945政治主张文件页组（上，OCR试点）；1945政治主张文件页组（上，OCR试点）；1945政治主张文件页组（上，OCR试点）；1945政治主张文件页组（上，OCR试点）；1945政治主张文件页组（上，OCR试点）；1945政治主张文件页组（上，OCR试点）；1945政治主张文件页组（上，OCR试点）；1945政治主张文件页组（上，OCR试点）；1945政治主张文件页组（上，OCR试点）；1945政治主张文件页组（下，OCR试点）；1945政治主张文件页组（下，OCR试点）；1945政治主张文件页组（下，OCR试点）；1945政治主张文件页组（下，OCR试点）；1945文件页组（续，OCR试点）；1945文件页组（续，OCR试点）；1945文件页组（续，OCR试点）；1945文件页组（续，OCR试点）；1945文件页组（续，OCR试点）；1945文件页组（续，OCR试点）；1945大会宣言后续页组（日期待核，OCR试点）；1945大会宣言后续页组（日期待核，OCR试点）；1945大会宣言后续页组（日期待核，OCR试点）；1945大会宣言后续页组（日期待核，OCR试点）；1945大会宣言后续页组（日期待核，OCR试点）；1945大会宣言后续页组（日期待核，OCR试点）；1945大会宣言后续页组（日期待核，OCR试点）；1945大会宣言后续页组（日期待核，OCR试点）；1945大会宣言后续页组（日期待核，OCR试点）；1945大会宣言后续页组（日期待核，OCR试点）；1945大会宣言后续页组（日期待核，OCR试点）；中国民主同盟纲领（1946年官方汇编OCR试点）；中国民主同盟纲领（1946年官方汇编OCR试点）；中国民主同盟纲领（1946年官方汇编OCR试点）；中国民主同盟纲领（1946年官方汇编OCR试点）；中国民主同盟纲领（1946年官方汇编OCR试点）；中国民主同盟纲领（1946年官方汇编OCR试点）；中国民主同盟纲领（1946年官方汇编OCR试点）；中国民主同盟纲领（1946年官方汇编OCR试点）；中国民主同盟纲领（1946年官方汇编OCR试点）；中国民主同盟纲领（1946年官方汇编OCR试点）；中国民主同盟纲领（1946年官方汇编OCR试点）；中国民主同盟纲领（1946年官方汇编OCR试点）；中国民主同盟纲领（1946年官方汇编OCR试点）；中国民主同盟纲领（1946年官方汇编OCR试点）；中国民主同盟纲领（1946年官方汇编OCR试点）；中国民主同盟纲领（1946年官方汇编OCR试点）；中国民主同盟纲领（1946年官方汇编OCR试点）；中国民主同盟纲领（1946年官方汇编OCR试点）；中国民主同盟纲领（1946年官方汇编OCR试点）；中国民主同盟纲领（1946年官方汇编OCR试点）；中国民主同盟纲领（1946年官方汇编OCR试点）；中国民主同盟纲领（1946年官方汇编OCR试点）；中国民主同盟纲领（1946年官方汇编OCR试点）；中国民主同盟纲领（1946年官方汇编OCR试点）；中国民主同盟纲领（1946年官方汇编OCR试点）；中国民主同盟纲领（1946年官方汇编OCR试点）
