review_priority,review_score,evidence_id,document_id,page_ids,page_labels,text_chars,source_doc_title,source_id,article_title_original,date_original,evidence_level,ocr_status,article_boundary_status,citation_ready,next_action,gate
P1,120,eu-1944-1945-009,1049,1442,96,393,中国民主同盟纲领（OCR试点页）,domestic-ocr/MMHIST:platform-1945:ocr-pilot,中国民主同盟纲领（OCR试点页）,1945-10,L1,draft,unknown,False,"compare source image with OCR, confirm article boundary and citation locator",hold_until_human_review
P1,120,eu-1944-1945-022,1071,1715,02,220,《民憲》第一卷第一期目录页（OCR试点）,domestic-ocr/NLC:minxian-1944-v1n1-contents-ocr,《民憲》第一卷第一期目录页（OCR试点）,1944-05-16,L1,needs_human_review,unknown,False,"compare source image with OCR, confirm article boundary and citation locator",hold_until_human_review
P1,120,eu-1944-1945-023,1072,1716,02,200,《民憲》第一卷第六期目录页（OCR试点）,domestic-ocr/NLC:minxian-1944-v1n6-contents-ocr,《民憲》第一卷第六期目录页（OCR试点）,1944-08-15,L1,needs_human_review,unknown,False,"compare source image with OCR, confirm article boundary and citation locator",hold_until_human_review
P1,120,eu-1944-1945-026,1076,1725,02,198,《民憲》第一卷第十期目录页（OCR试点）,domestic-ocr/NLC:minxian-1944-v1n10-contents-ocr,《民憲》第一卷第十期目录页（OCR试点）,1944-12-20,L1,needs_human_review,unknown,False,"compare source image with OCR, confirm article boundary and citation locator",hold_until_human_review
P1,120,eu-1944-1945-027,1080,1736,02,156,《民憲》第一卷第二期目录页（OCR试点）,domestic-ocr/NLC:minxian-1944-v1n2-contents-ocr,《民憲》第一卷第二期目录页（OCR试点）,1944-05-01,L1,needs_human_review,unknown,False,"compare source image with OCR, confirm article boundary and citation locator",hold_until_human_review
P1,120,eu-1944-1945-028,1081,1737,02,171,《民憲》第一卷第三期目录页（OCR试点）,domestic-ocr/NLC:minxian-1944-v1n3-contents-ocr,《民憲》第一卷第三期目录页（OCR试点）,1944-06-15,L1,needs_human_review,unknown,False,"compare source image with OCR, confirm article boundary and citation locator",hold_until_human_review
P1,120,eu-1944-1945-030,1083,1739,02,226,《民憲》第一卷第五期目录页（OCR试点）,domestic-ocr/NLC:minxian-1944-v1n5-contents-ocr,《民憲》第一卷第五期目录页（OCR试点）,1944-07-16,L1,needs_human_review,unknown,False,"compare source image with OCR, confirm article boundary and citation locator",hold_until_human_review
P1,120,eu-1944-1945-031,1094,1756,02,201,《民憲》第一卷第七期目录页（OCR试点）,domestic-ocr/NLC:minxian-1944-v1n7-contents-ocr,《民憲》第一卷第七期目录页（OCR试点）,1944-09-10,L1,needs_human_review,unknown,False,"compare source image with OCR, confirm article boundary and citation locator",hold_until_human_review
P1,120,eu-1944-1945-032,1095,1757,02,216,《民憲》第一卷第八期目录页（OCR试点）,domestic-ocr/NLC:minxian-1944-v1n8-contents-ocr,《民憲》第一卷第八期目录页（OCR试点）,1944-10-12,L1,needs_human_review,unknown,False,"compare source image with OCR, confirm article boundary and citation locator",hold_until_human_review
P1,120,eu-1944-1945-033,1096,1758,02,240,《民憲》第一卷第十一期目录页（OCR试点）,domestic-ocr/NLC:minxian-1945-v1n11-contents-ocr,《民憲》第一卷第十一期目录页（OCR试点）,1945-01-15,L1,needs_human_review,unknown,False,"compare source image with OCR, confirm article boundary and citation locator",hold_until_human_review
P1,120,eu-1944-1945-034,1097,1759,02,253,《民憲》第一卷第十二期目录页（OCR试点）,domestic-ocr/NLC:minxian-1945-v1n12-contents-ocr,《民憲》第一卷第十二期目录页（OCR试点）,1945-02-25,L1,needs_human_review,unknown,False,"compare source image with OCR, confirm article boundary and citation locator",hold_until_human_review
P1,120,eu-1944-1945-035,1098,1760,02,290,《民憲》第二卷第一期目录页（OCR试点）,domestic-ocr/NLC:minxian-1945-v2n1-contents-ocr,《民憲》第二卷第一期目录页（OCR试点）,1945-05-15,L1,needs_human_review,unknown,False,"compare source image with OCR, confirm article boundary and citation locator",hold_until_human_review
P1,120,eu-1944-1945-036,1099,1761,02,271,《民憲》第二卷第二期目录页（OCR试点）,domestic-ocr/NLC:minxian-1945-v2n2-contents-ocr,《民憲》第二卷第二期目录页（OCR试点）,1945-06-13,L1,needs_human_review,unknown,False,"compare source image with OCR, confirm article boundary and citation locator",hold_until_human_review
P1,120,eu-1946-041,1086,1742,01,988,《光明報》新一號首版（OCR试点）,domestic-ocr/NLC:guangmingbao-1946-issue1-front-ocr,《光明報》新一號首版（OCR试点）,1946-09-18,L1,needs_human_review,unknown,False,"compare source image with OCR, confirm article boundary and citation locator",hold_until_human_review
P1,120,eu-1946-047,1101,1764,01,1043,《光明報》新九號首版（OCR试点）,domestic-ocr/NLC:guangmingbao-1946-issue9-front-ocr,《光明報》新九號首版（OCR试点）,1946-08-20,L1,needs_human_review,unknown,False,"compare source image with OCR, confirm article boundary and citation locator",hold_until_human_review
P1,120,eu-1947-063,1103,1766,01,252,《光明報》新二十號首版（OCR试点）,domestic-ocr/NLC:guangmingbao-1947-issue20-front-ocr,《光明報》新二十號首版（OCR试点）,1947-06-23,L1,needs_human_review,unknown,False,"compare source image with OCR, confirm article boundary and citation locator",hold_until_human_review
P1,120,eu-1947-065,1105,1768,01,340,《光明報》新二十二號首版（OCR试点）,domestic-ocr/NLC:guangmingbao-1947-issue22-front-ocr,《光明報》新二十二號首版（OCR试点）,1947-08-01,L1,needs_human_review,unknown,False,"compare source image with OCR, confirm article boundary and citation locator",hold_until_human_review
P1,100,eu-1941-001,1048,"1439,1440,1441","35,36,37",1388,中国民主政团同盟成立宣言（OCR试点页）,domestic-ocr/MMHIST:formation-declaration-1941:ocr-pilot,中国民主政团同盟成立宣言（OCR试点页）,1941-10-10,L1,draft,likely,False,"compare source image with OCR, confirm article boundary and citation locator",hold_until_human_review
P1,100,eu-1941-008,1100,"1762,1763","1,2",1076,1941年《光明報》香港工运剪报索引清单（OCR导航）,domestic-ocr/NLC:guangmingbao-1941-index-list-ocr,1941年《光明報》香港工运剪报索引清单（OCR导航）,1941,L1,needs_human_review,likely,False,"compare source image with OCR, confirm article boundary and citation locator",hold_until_human_review
P1,100,eu-1944-1945-010,1050,"1443,1444","101,117",1098,中国民主同盟临时全国代表大会政治报告（OCR试点页）,domestic-ocr/MMHIST:political-report-1945:ocr-pilot,中国民主同盟临时全国代表大会政治报告（OCR试点页）,1945-10-11,L1,draft,likely,False,"compare source image with OCR, confirm article boundary and citation locator",hold_until_human_review
P1,100,eu-1944-1945-011,1051,"1445,1446","118,123",890,中国民主同盟临时全国代表大会宣言（OCR试点页）,domestic-ocr/MMHIST:congress-declaration-1945:ocr-pilot,中国民主同盟临时全国代表大会宣言（OCR试点页）,1945-10-16,L1,draft,likely,False,"compare source image with OCR, confirm article boundary and citation locator",hold_until_human_review
P1,100,eu-1944-1945-012,1052,"1447,1448,1449,1450,1451,1452,1453,1454,1455,1456,1457,1458,1459","48,49,50,51,52,53,54,55,56,57,58,59,60",5897,中国民主同盟纲领（1946年官方汇编OCR试点）,domestic-ocr/NLC:minmeng-wenxian-1946-minmeng-platform-1945:ocr-pilot,中国民主同盟纲领（1946年官方汇编OCR试点） (前段),1945-10,L1,needs_human_review,likely,False,"compare source image with OCR, confirm article boundary and citation locator",hold_until_human_review
P1,100,eu-1944-1945-013,1052,"1460,1461,1462,1463,1464,1465,1466,1467,1468,1469,1470,1471,1472","61,62,63,64,65,66,67,68,69,70,71,72,73",7355,中国民主同盟纲领（1946年官方汇编OCR试点）,domestic-ocr/NLC:minmeng-wenxian-1946-minmeng-platform-1945:ocr-pilot,中国民主同盟纲领（1946年官方汇编OCR试点） (后段),1945-10,L1,needs_human_review,likely,False,"compare source image with OCR, confirm article boundary and citation locator",hold_until_human_review
P1,100,eu-1944-1945-014,1054,"1478,1479,1480,1481","021,022,023,024",1267,1944—1945早期文件页组（OCR试点）,domestic-ocr/NLC:minmeng-wenxian-1946-early-group:ocr-pilot,1944—1945早期文件页组（OCR试点） (前段),1944-10—1945-01,L1,needs_human_review,likely,False,"compare source image with OCR, confirm article boundary and citation locator",hold_until_human_review
P1,100,eu-1944-1945-015,1054,"1482,1483,1484,1485,1486","025,026,027,028,029",3004,1944—1945早期文件页组（OCR试点）,domestic-ocr/NLC:minmeng-wenxian-1946-early-group:ocr-pilot,1944—1945早期文件页组（OCR试点） (后段),1944-10—1945-01,L1,needs_human_review,likely,False,"compare source image with OCR, confirm article boundary and citation locator",hold_until_human_review
P1,100,eu-1944-1945-016,1055,"1487,1488,1489,1490","031,032,033,034",2416,1945政治主张文件页组（上，OCR试点）,domestic-ocr/NLC:minmeng-wenxian-1946-boundary-group:ocr-pilot,1945政治主张文件页组（上，OCR试点） (前段),1945,L1,needs_human_review,likely,False,"compare source image with OCR, confirm article boundary and citation locator",hold_until_human_review
P1,100,eu-1944-1945-017,1055,"1491,1492,1493,1494,1495","035,036,037,038,039",2370,1945政治主张文件页组（上，OCR试点）,domestic-ocr/NLC:minmeng-wenxian-1946-boundary-group:ocr-pilot,1945政治主张文件页组（上，OCR试点） (后段),1945,L1,needs_human_review,likely,False,"compare source image with OCR, confirm article boundary and citation locator",hold_until_human_review
P1,100,eu-1944-1945-018,1056,"1496,1497,1498,1499","039,040,041,042",2115,1945政治主张文件页组（下，OCR试点）,domestic-ocr/NLC:minmeng-wenxian-1946-around-group:ocr-pilot,1945政治主张文件页组（下，OCR试点）,1945,L1,needs_human_review,likely,False,"compare source image with OCR, confirm article boundary and citation locator",hold_until_human_review
P1,100,eu-1944-1945-021,1070,"1710,1711","16,17",2612,《民憲》第一卷第九期〈民主政治與非民主政治〉正文（OCR试点）,domestic-ocr/NLC:minxian-1944-v1n9-democracy-vs-nondemocracy-article-ocr,《民憲》第一卷第九期〈民主政治與非民主政治〉正文（OCR试点） (前段),1944-11-20,L1,needs_human_review,likely,False,"compare source image with OCR, confirm article boundary and citation locator",hold_until_human_review
P1,100,eu-1944-1945-024,1073,"1717,1718,1719","04,05,06",3796,《民憲》第一卷第一期〈努力與思索〉（代發刊詞）正文试点,domestic-ocr/NLC:minxian-1944-v1n1-preface-effort-and-thought-ocr,《民憲》第一卷第一期〈努力與思索〉（代發刊詞）正文试点,1944-05-16,L1,needs_human_review,likely,False,"compare source image with OCR, confirm article boundary and citation locator",hold_until_human_review
P1,100,eu-1944-1945-025,1074,"1720,1721,1722,1723","04,05,06,07",5158,《民憲》第一卷第六期〈民主政治的哲學問題（上）〉正文试点,domestic-ocr/NLC:minxian-1944-v1n6-democracy-philosophy-upper-ocr,《民憲》第一卷第六期〈民主政治的哲學問題（上）〉正文试点,1944-08-15,L1,needs_human_review,likely,False,"compare source image with OCR, confirm article boundary and citation locator",hold_until_human_review
P1,100,eu-1944-1945-037,1110,"1778,1779,1780","01,02,03",123,《中國民主同盟言論集》1945年选编前页（OCR试点）,domestic-ocr/NLC:minmeng-yanlunji-1945-front-ocr,《中國民主同盟言論集》1945年选编前页（OCR试点）,1945-10,L1,needs_human_review,likely,False,"compare source image with OCR, confirm article boundary and citation locator",hold_until_human_review
P1,100,eu-1946-049,1109,"1775,1776,1777","01,02,03",79,《民主同盟文獻》1946年官方汇编交替扫描前页（OCR试点）,domestic-ocr/NLC:minmeng-wenxian-1946-alternate-front-ocr,《民主同盟文獻》1946年官方汇编交替扫描前页（OCR试点）,1946-12,L1,needs_human_review,likely,False,"compare source image with OCR, confirm article boundary and citation locator",hold_until_human_review
P1,100,eu-1947-050,1059,"1517,1518,1519,1520,1521,1522","01,02,03,04,05,06",9668,《光明報》1947年新十九號关键页（OCR试点）,domestic-ocr/NLC:guangmingbao-1947-19-key-pages,《光明報》1947年新十九號关键页（OCR试点） (前段),1947-10-28,L1,needs_human_review,likely,False,"compare source image with OCR, confirm article boundary and citation locator",hold_until_human_review
P1,100,eu-1947-051,1059,"1523,1524,1525,1526,1527,1528","07,08,09,10,11,12",11049,《光明報》1947年新十九號关键页（OCR试点）,domestic-ocr/NLC:guangmingbao-1947-19-key-pages,《光明報》1947年新十九號关键页（OCR试点） (后段),1947-10-28,L1,needs_human_review,likely,False,"compare source image with OCR, confirm article boundary and citation locator",hold_until_human_review
P1,100,eu-1947-052,1060,"1529,1530,1531,1532,1533,1534,1535,1536","01,02,03,04,05,06,07,08",8508,《光明報》1947年新十二號（OCR试点）,domestic-ocr/NLC:guangmingbao-1947-12-full-ocr,《光明報》1947年新十二號（OCR试点） (前段),1947-08-08,L1,needs_human_review,likely,False,"compare source image with OCR, confirm article boundary and citation locator",hold_until_human_review
P1,100,eu-1947-053,1060,"1537,1538,1539,1540,1541,1542,1543,1544","09,10,11,12,13,14,15,16",10753,《光明報》1947年新十二號（OCR试点）,domestic-ocr/NLC:guangmingbao-1947-12-full-ocr,《光明報》1947年新十二號（OCR试点） (后段),1947-08-08,L1,needs_human_review,likely,False,"compare source image with OCR, confirm article boundary and citation locator",hold_until_human_review
P1,100,eu-1947-054,1061,"1545,1546,1547,1548,1549,1550,1551,1552","01,02,03,04,05,06,07,08",8146,《光明報》1947年新十三號（OCR试点）,domestic-ocr/NLC:guangmingbao-1947-13-full-ocr,《光明報》1947年新十三號（OCR试点） (前段),1947-01-18,L1,needs_human_review,likely,False,"compare source image with OCR, confirm article boundary and citation locator",hold_until_human_review
P1,100,eu-1947-055,1061,"1553,1554,1555,1556,1557,1558,1559,1560","09,10,11,12,13,14,15,16",12480,《光明報》1947年新十三號（OCR试点）,domestic-ocr/NLC:guangmingbao-1947-13-full-ocr,《光明報》1947年新十三號（OCR试点） (后段),1947-01-18,L1,needs_human_review,likely,False,"compare source image with OCR, confirm article boundary and citation locator",hold_until_human_review
P1,100,eu-1947-056,1062,"1561,1562,1563,1564,1565,1566,1567,1568","01,02,03,04,05,06,07,08",10463,《光明報》1947年新十四號（OCR试点）,domestic-ocr/NLC:guangmingbao-1947-14-full-ocr,《光明報》1947年新十四號（OCR试点） (前段),1947-01-28,L1,needs_human_review,likely,False,"compare source image with OCR, confirm article boundary and citation locator",hold_until_human_review
P1,100,eu-1947-057,1062,"1569,1570,1571,1572,1573,1574,1575,1576","09,10,11,12,13,14,15,16",12461,《光明報》1947年新十四號（OCR试点）,domestic-ocr/NLC:guangmingbao-1947-14-full-ocr,《光明報》1947年新十四號（OCR试点） (后段),1947-01-28,L1,needs_human_review,likely,False,"compare source image with OCR, confirm article boundary and citation locator",hold_until_human_review
P1,100,eu-1947-058,1063,"1577,1578,1579,1580,1581,1582,1583,1584","01,02,03,04,05,06,07,08",10326,《光明報》1947年新十五號（OCR试点）,domestic-ocr/NLC:guangmingbao-1947-15-full-ocr,《光明報》1947年新十五號（OCR试点） (前段),1947-02-08,L1,needs_human_review,likely,False,"compare source image with OCR, confirm article boundary and citation locator",hold_until_human_review
P1,100,eu-1947-059,1064,"1593,1594,1595,1596,1597,1598,1599,1600","01,02,03,04,05,06,07,08",10450,《光明報》1947年新十六—十七號（OCR试点）,domestic-ocr/NLC:guangmingbao-1947-16-17-full-ocr,《光明報》1947年新十六—十七號（OCR试点） (前段),1947-03-18,L1,needs_human_review,likely,False,"compare source image with OCR, confirm article boundary and citation locator",hold_until_human_review
P1,100,eu-1947-060,1065,"1610,1611,1612,1613,1614,1615,1616,1617","01,02,03,04,05,06,07,08",11135,《光明報》1947年新十八號（OCR试点）,domestic-ocr/NLC:guangmingbao-1947-18-full-ocr,《光明報》1947年新十八號（OCR试点） (前段),1947-05-14,L1,needs_human_review,likely,False,"compare source image with OCR, confirm article boundary and citation locator",hold_until_human_review
P1,100,eu-1947-061,1092,"1748,1749,1750,1751","1,2,3,4",35573,《大剛報》1947年11月4日全版扫描（OCR试点）,domestic-ocr/NLC:dagangbao-1947-11-04-full-ocr,《大剛報》1947年11月4日全版扫描（OCR试点）,1947-11-04,L1,needs_human_review,likely,False,"compare source image with OCR, confirm article boundary and citation locator",hold_until_human_review
P1,100,eu-1947-069,1111,"1781,1782","239,240",2983,《觀察》第三卷第十一期合订本高价值页（OCR试点）,domestic-ocr/NLC:observer-1947-v3n11-bound-selected-ocr,《觀察》第三卷第十一期合订本高价值页（OCR试点） (前段),1947-11-08,L1,needs_human_review,likely,False,"compare source image with OCR, confirm article boundary and citation locator",hold_until_human_review
P1,100,eu-1948-1949-072,1066,"1626,1627,1628,1629,1630,1631,1632,1633,1634,1635,1636,1637","01,02,03,04,05,06,07,08,09,10,11,12",19465,《光明報》1948年第一卷第一期（OCR试点）,domestic-ocr/NLC:guangmingbao-1948-v1n1-full-ocr,《光明報》1948年第一卷第一期（OCR试点） (前段),1948-03-01,L1,needs_human_review,likely,False,"compare source image with OCR, confirm article boundary and citation locator",hold_until_human_review
P1,100,eu-1948-1949-073,1066,"1638,1639,1640,1641,1642,1643,1644,1645,1646,1647,1648,1649","13,14,15,16,17,18,19,20,21,22,23,24",20507,《光明報》1948年第一卷第一期（OCR试点）,domestic-ocr/NLC:guangmingbao-1948-v1n1-full-ocr,《光明報》1948年第一卷第一期（OCR试点） (后段),1948-03-01,L1,needs_human_review,likely,False,"compare source image with OCR, confirm article boundary and citation locator",hold_until_human_review
P1,100,eu-1948-1949-074,1067,"1650,1651,1652,1653,1654,1655,1656,1657,1658,1659","01,02,03,04,05,06,07,08,09,10",13584,《光明報》1948年第一卷第十二期（OCR试点）,domestic-ocr/NLC:guangmingbao-1948-v1n12-full-ocr,《光明報》1948年第一卷第十二期（OCR试点） (前段),1948-08-16,L1,needs_human_review,likely,False,"compare source image with OCR, confirm article boundary and citation locator",hold_until_human_review
P1,100,eu-1948-1949-075,1067,"1660,1661,1662,1663,1664,1665,1666,1667,1668,1669","11,12,13,14,15,16,17,18,19,20",13585,《光明報》1948年第一卷第十二期（OCR试点）,domestic-ocr/NLC:guangmingbao-1948-v1n12-full-ocr,《光明報》1948年第一卷第十二期（OCR试点） (后段),1948-08-16,L1,needs_human_review,likely,False,"compare source image with OCR, confirm article boundary and citation locator",hold_until_human_review
P1,100,eu-1948-1949-076,1068,"1670,1671,1672,1673,1674,1675,1676,1677,1678,1679","01,02,03,04,05,06,07,08,09,10",13274,《光明報》1949年第二卷第一期（OCR试点）,domestic-ocr/NLC:guangmingbao-1949-v2n1-full-ocr,《光明報》1949年第二卷第一期（OCR试点） (前段),1949-05-10,L1,needs_human_review,likely,False,"compare source image with OCR, confirm article boundary and citation locator",hold_until_human_review
P1,100,eu-1948-1949-077,1068,"1680,1681,1682,1683,1684,1685,1686,1687,1688,1689","11,12,13,14,15,16,17,18,19,20",14410,《光明報》1949年第二卷第一期（OCR试点）,domestic-ocr/NLC:guangmingbao-1949-v2n1-full-ocr,《光明報》1949年第二卷第一期（OCR试点） (后段),1949-05-10,L1,needs_human_review,likely,False,"compare source image with OCR, confirm article boundary and citation locator",hold_until_human_review
P1,100,eu-1948-1949-078,1069,"1690,1691,1692,1693,1694,1695,1696,1697,1698,1699","01,02,03,04,05,06,07,08,09,10",13417,《光明報》1949年第二卷第十二期（OCR试点）,domestic-ocr/NLC:guangmingbao-1949-v2n12-full-ocr,《光明報》1949年第二卷第十二期（OCR试点） (前段),1949-06-16,L1,needs_human_review,likely,False,"compare source image with OCR, confirm article boundary and citation locator",hold_until_human_review
P1,100,eu-1948-1949-079,1069,"1700,1701,1702,1703,1704,1705,1706,1707,1708,1709","11,12,13,14,15,16,17,18,19,20",14687,《光明報》1949年第二卷第十二期（OCR试点）,domestic-ocr/NLC:guangmingbao-1949-v2n12-full-ocr,《光明報》1949年第二卷第十二期（OCR试点） (后段),1949-06-16,L1,needs_human_review,likely,False,"compare source image with OCR, confirm article boundary and citation locator",hold_until_human_review
P2,90,eu-1944-1945-029,1082,1738,02,213,《民憲》第一卷第四期目录页（OCR试点）,domestic-ocr/NLC:minxian-1944-v1n4-contents-ocr,《民憲》第一卷第四期目录页（OCR试点）,1944-06-30,L2,needs_human_review,unknown,False,"compare source image with OCR, confirm date/title/boundary and citation locator",hold_until_human_review
P2,90,eu-1946-038,1075,1724,01,767,《光明報》新八號〈論有條件參加國大〉首版（OCR试点）,domestic-ocr/NLC:guangmingbao-1946-issue8-conditional-national-assembly-ocr,《光明報》新八號〈論有條件參加國大〉首版（OCR试点）,1946-08,L2,needs_human_review,unknown,False,"compare source image with OCR, confirm date/title/boundary and citation locator",hold_until_human_review
P2,90,eu-1946-039,1084,1740,03,1433,《光明報》新十一號〈反對一黨獨裁的憲法！〉正文首页（OCR试点）,domestic-ocr/NLC:guangmingbao-1946-issue11-anti-one-party-constitution-ocr,《光明報》新十一號〈反對一黨獨裁的憲法！〉正文首页（OCR试点）,1946-09-13,L2,needs_human_review,unknown,False,"compare source image with OCR, confirm date/title/boundary and citation locator",hold_until_human_review
P2,90,eu-1946-040,1085,1741,01,851,《光明報》新三號〈為完成雙十節的歷史任務而奮鬥〉首页（OCR试点）,domestic-ocr/NLC:guangmingbao-1946-issue3-double-ten-task-ocr,《光明報》新三號〈為完成雙十節的歷史任務而奮鬥〉首页（OCR试点）,1946-10-08,L2,needs_human_review,unknown,False,"compare source image with OCR, confirm date/title/boundary and citation locator",hold_until_human_review
P2,90,eu-1946-042,1087,1743,01,871,《光明報》新二號首版（OCR试点）,domestic-ocr/NLC:guangmingbao-1946-issue2-front-ocr,《光明報》新二號首版（OCR试点）,1946-09-28,L2,needs_human_review,unknown,False,"compare source image with OCR, confirm date/title/boundary and citation locator",hold_until_human_review
P2,90,eu-1946-043,1088,1744,01,881,《光明報》新四號首版（OCR试点）,domestic-ocr/NLC:guangmingbao-1946-issue4-front-ocr,《光明報》新四號首版（OCR试点）,1946-10-18,L2,needs_human_review,unknown,False,"compare source image with OCR, confirm date/title/boundary and citation locator",hold_until_human_review
P2,90,eu-1946-044,1089,1745,01,573,《光明報》新五號首版（OCR试点）,domestic-ocr/NLC:guangmingbao-1946-issue5-front-ocr,《光明報》新五號首版（OCR试点）,1946-10-28,L2,needs_human_review,unknown,False,"compare source image with OCR, confirm date/title/boundary and citation locator",hold_until_human_review
P2,90,eu-1946-045,1090,1746,01,930,《光明報》新六號首版（OCR试点）,domestic-ocr/NLC:guangmingbao-1946-issue6-front-ocr,《光明報》新六號首版（OCR试点）,1946-11-08,L2,needs_human_review,unknown,False,"compare source image with OCR, confirm date/title/boundary and citation locator",hold_until_human_review
P2,90,eu-1946-046,1091,1747,01,898,《光明報》新七號首版（OCR试点）,domestic-ocr/NLC:guangmingbao-1946-issue7-front-ocr,《光明報》新七號首版（OCR试点）,1946-11-18,L2,needs_human_review,unknown,False,"compare source image with OCR, confirm date/title/boundary and citation locator",hold_until_human_review
P2,90,eu-1946-048,1102,1765,01,939,《光明報》新十號首版（OCR试点）,domestic-ocr/NLC:guangmingbao-1946-issue10-front-ocr,《光明報》新十號首版（OCR试点）,1946-08-28,L2,needs_human_review,unknown,False,"compare source image with OCR, confirm date/title/boundary and citation locator",hold_until_human_review
P2,90,eu-1947-064,1104,1767,01,178,《光明報》新二十一號首版（OCR试点）,domestic-ocr/NLC:guangmingbao-1947-issue21-front-ocr,《光明報》新二十一號首版（OCR试点）,1947-07-05,L2,needs_human_review,unknown,False,"compare source image with OCR, confirm date/title/boundary and citation locator",hold_until_human_review
P2,90,eu-1947-067,1107,1773,01,914,《大公報》上海版1947年11月6日第2版民盟消息（OCR试点）,domestic-ocr/NLC:dagongbao-shanghai-1947-11-06-page2-ocr,《大公報》上海版1947年11月6日第2版民盟消息（OCR试点）,1947-11-06,L2,needs_human_review,unknown,False,"compare source image with OCR, confirm date/title/boundary and citation locator",hold_until_human_review
P2,90,eu-1947-068,1108,1774,01,1288,《大公報》天津版1947年11月6日第2版民盟解散消息（OCR试点）,domestic-ocr/NLC:dagongbao-tianjin-1947-11-06-page2-ocr,《大公報》天津版1947年11月6日第2版民盟解散消息（OCR试点）,1947-11-06,L2,needs_human_review,unknown,False,"compare source image with OCR, confirm date/title/boundary and citation locator",hold_until_human_review
P2,90,eu-1947-071,1113,1788,042,5593,《大公報》第114卷1947年11月6日第2版关键页（OCR试点）,domestic-ocr/NLC:dagongbao-vol114-1947-11-06-selected-ocr,《大公報》第114卷1947年11月6日第2版关键页（OCR试点）,1947-11-06,L2,needs_human_review,unknown,False,"compare source image with OCR, confirm date/title/boundary and citation locator",hold_until_human_review
P2,70,eu-1941-002,1053,"1473,1474","009,010",3426,1941成立文件页组（OCR试点）,domestic-ocr/NLC:minmeng-wenxian-1946-formation-group:ocr-pilot,1941成立文件页组（OCR试点） (前段),1941-10-10,L2,untagged,likely,False,"compare source image with OCR, confirm date/title/boundary and citation locator",hold_until_human_review
P2,70,eu-1941-003,1053,"1475,1476,1477","011,012,013",1715,1941成立文件页组（OCR试点）,domestic-ocr/NLC:minmeng-wenxian-1946-formation-group:ocr-pilot,1941成立文件页组（OCR试点） (后段),1941-10-10,L2,untagged,likely,False,"compare source image with OCR, confirm date/title/boundary and citation locator",hold_until_human_review
P2,70,eu-1941-004,1077,"1726,1727,1728","1,2,3",16027,《新华日报》1941年10月10日全版扫描（OCR试点）,domestic-ocr/NLC:xinhua-daily-1941-10-10-full-ocr,《新华日报》1941年10月10日全版扫描（OCR试点） (前段),1941-10-10,L2,needs_human_review,likely,False,"compare source image with OCR, confirm date/title/boundary and citation locator",hold_until_human_review
P2,70,eu-1941-005,1077,"1729,1730,1731","4,5,6",16676,《新华日报》1941年10月10日全版扫描（OCR试点）,domestic-ocr/NLC:xinhua-daily-1941-10-10-full-ocr,《新华日报》1941年10月10日全版扫描（OCR试点） (后段),1941-10-10,L2,needs_human_review,likely,False,"compare source image with OCR, confirm date/title/boundary and citation locator",hold_until_human_review
P2,70,eu-1941-006,1078,"1732,1733","1,2",13732,《新华日报》1941年10月16日全版扫描（OCR试点）,domestic-ocr/NLC:xinhua-daily-1941-10-16-full-ocr,《新华日报》1941年10月16日全版扫描（OCR试点）,1941-10-16,L2,needs_human_review,likely,False,"compare source image with OCR, confirm date/title/boundary and citation locator",hold_until_human_review
P2,70,eu-1941-007,1079,"1734,1735","1,2",10859,《新华日报》1941年10月28日全版扫描（OCR试点）,domestic-ocr/NLC:xinhua-daily-1941-10-28-full-ocr,《新华日报》1941年10月28日全版扫描（OCR试点）,1941-10-28,L2,needs_human_review,likely,False,"compare source image with OCR, confirm date/title/boundary and citation locator",hold_until_human_review
P2,70,eu-1944-1945-019,1057,"1500,1501,1502","043,044,045",3493,1945文件页组（续，OCR试点）,domestic-ocr/NLC:minmeng-wenxian-1946-target-group:ocr-pilot,1945文件页组（续，OCR试点） (前段),1945,L2,needs_human_review,likely,False,"compare source image with OCR, confirm date/title/boundary and citation locator",hold_until_human_review
P2,70,eu-1944-1945-020,1058,"1506,1507,1508,1509,1510","074,075,076,077,078",4096,1945大会宣言后续页组（日期待核，OCR试点）,domestic-ocr/NLC:minmeng-wenxian-1946-late-group:ocr-pilot,1945大会宣言后续页组（日期待核，OCR试点） (前段),1945-12或待核,L2,untagged,likely,False,"compare source image with OCR, confirm date/title/boundary and citation locator",hold_until_human_review
P2,70,eu-1947-062,1093,"1752,1753,1754,1755","1,2,3,4",34947,《大剛報》1947年11月6日全版扫描（OCR试点）,domestic-ocr/NLC:dagangbao-1947-11-06-full-ocr,《大剛報》1947年11月6日全版扫描（OCR试点）,1947-11-06,L2,needs_human_review,likely,False,"compare source image with OCR, confirm date/title/boundary and citation locator",hold_until_human_review
P2,70,eu-1947-066,1106,"1769,1770,1771,1772","01,03,04,05",4334,《觀察》第三卷第十一期高价值页（OCR试点）,domestic-ocr/NLC:observer-1947-v3n11-selected-ocr,《觀察》第三卷第十一期高价值页（OCR试点）,1947-11-08,L2,needs_human_review,likely,False,"compare source image with OCR, confirm date/title/boundary and citation locator",hold_until_human_review
P2,70,eu-1947-070,1112,"1786,1787","041,042",6682,《大公報》第113卷1947年11月6日第1—2版关键页（OCR试点）,domestic-ocr/NLC:dagongbao-vol113-1947-11-06-selected-ocr,《大公報》第113卷1947年11月6日第1—2版关键页（OCR试点）,1947-11-06,L2,needs_human_review,likely,False,"compare source image with OCR, confirm date/title/boundary and citation locator",hold_until_human_review
P3,30,eu-1947-080,1064,1603,11,1290,《光明報》1947年新十六—十七號（OCR试点）,domestic-ocr/NLC:guangmingbao-1947-16-17-full-ocr,《光明報》1947年新十六—十七號（OCR试点）,1947-03-18,L1,verified,unknown,False,verify citation locator and final boundary before any citation_ready promotion,hold_until_human_review
P3,30,eu-1947-081,1065,1618,09,1436,《光明報》1947年新十八號（OCR试点）,domestic-ocr/NLC:guangmingbao-1947-18-full-ocr,《光明報》1947年新十八號（OCR试点）,1947-05-14,L1,verified,unknown,False,verify citation locator and final boundary before any citation_ready promotion,hold_until_human_review
P3,30,eu-1947-082,1063,1587,11,1395,《光明報》1947年新十五號（OCR试点）,domestic-ocr/NLC:guangmingbao-1947-15-full-ocr,《光明報》1947年新十五號（OCR试点）,1947-02-08,L1,verified,unknown,False,verify citation locator and final boundary before any citation_ready promotion,hold_until_human_review
