page_id,document_id,doc_key,title,page_label,text_length,disposition_code,reocr_priority,image_path_resolved,image_exists,image_size_bytes,ocr_engine,engine_suggestion,param_suggestion,preprocess_suggestion,operator_note,do_not_run_in_audit_branch,citation_before_human_verify
20718,1530,domestic-ocr/SAAC:domestic:SAAC:51koukou-p04-dde01-i3,新政治协商会议筹备会关于召开成立会的通知（1949-06-14）,page-02,0,D0_EMPTY_NEEDS_REOCR,3,data/domestic/raw/saac_scans/sec04_04-01/02.jpg,yes,204620,paddleocr,paddleocr-PP-OCRv4-server (重跑),det_db_box_thresh=0.4; use_angle_cls=true; drop_score=0.4,若 size<50KB 先人工目检是否空白；空白则跳过 OCR,空白页保留结构，不入正文检索,yes,forbidden
20762,1541,domestic-ocr/SAAC:domestic:SAAC:51koukou-p05-dde05-i3,政协一届全体会议代表签到（1949-09-21）,page-02,0,D0_EMPTY_HANDWRITING,3,data/domestic/raw/saac_scans/sec05_05-05/02.jpg,yes,351412,paddleocr,paddleocr-PP-OCRv4 / 可选专门手写模型试验,det_db_box_thresh=0.3; use_angle_cls=true; drop_score=0.3; lang=ch,灰度+轻度锐化；勿过度二值化（签到簿易丢笔迹）,优先人工著录姓名关键字段；全页 OCR 仅作辅助,yes,forbidden
20763,1541,domestic-ocr/SAAC:domestic:SAAC:51koukou-p05-dde05-i3,政协一届全体会议代表签到（1949-09-21）,page-03,0,D0_EMPTY_HANDWRITING,3,data/domestic/raw/saac_scans/sec05_05-05/03.jpg,yes,297257,paddleocr,paddleocr-PP-OCRv4 / 可选专门手写模型试验,det_db_box_thresh=0.3; use_angle_cls=true; drop_score=0.3; lang=ch,灰度+轻度锐化；勿过度二值化（签到簿易丢笔迹）,优先人工著录姓名关键字段；全页 OCR 仅作辅助,yes,forbidden
20764,1541,domestic-ocr/SAAC:domestic:SAAC:51koukou-p05-dde05-i3,政协一届全体会议代表签到（1949-09-21）,page-04,0,D0_EMPTY_HANDWRITING,3,data/domestic/raw/saac_scans/sec05_05-05/04.jpg,yes,226676,paddleocr,paddleocr-PP-OCRv4 / 可选专门手写模型试验,det_db_box_thresh=0.3; use_angle_cls=true; drop_score=0.3; lang=ch,灰度+轻度锐化；勿过度二值化（签到簿易丢笔迹）,优先人工著录姓名关键字段；全页 OCR 仅作辅助,yes,forbidden
20766,1541,domestic-ocr/SAAC:domestic:SAAC:51koukou-p05-dde05-i3,政协一届全体会议代表签到（1949-09-21）,page-06,0,D0_EMPTY_HANDWRITING,3,data/domestic/raw/saac_scans/sec05_05-05/06.jpg,yes,199180,paddleocr,paddleocr-PP-OCRv4 / 可选专门手写模型试验,det_db_box_thresh=0.3; use_angle_cls=true; drop_score=0.3; lang=ch,灰度+轻度锐化；勿过度二值化（签到簿易丢笔迹）,优先人工著录姓名关键字段；全页 OCR 仅作辅助,yes,forbidden
1650,1067,domestic-ocr/NLC:guangmingbao-1948-v1n12-full-ocr,《光明報》1948年第一卷第十二期（OCR试点）,01,11,D6_OCR_GARBLED,2,https:/commons.wikimedia.org/wiki/File:NLC404-01J000514-10514_%E5%85%89%E6%98%8E%E5%A0%B1_1948%E5%B9%B41%E5%8D%B712%E6%9C%9F.pdf#page=01,no,,,paddleocr 重跑 + 版面方向校正,use_angle_cls=true; det_limit_side_len=2048; drop_score=0.5,deskew；竖排古籍/报纸试 use_space_char；双栏先切栏,乱码页核验前 citation_ready 必须为 0,yes,forbidden
16694,1286,domestic-page/NLC404-01J000514-10514,《光明報》1948 年1卷12期,1,24,D6_OCR_GARBLED,2,work/domestic/month_20260728/pages/NLC404-01J000514-10514/images/page-0001.png,yes,3524302,PaddleOCR 3.7.0,PaddleOCR 3.7.0 重跑 + 版面方向校正,use_angle_cls=true; det_limit_side_len=2048; drop_score=0.5,deskew；竖排古籍/报纸试 use_space_char；双栏先切栏,乱码页核验前 citation_ready 必须为 0,yes,forbidden
16778,1285,domestic-page/NLC404-01J000514-10484,《光明報》1948 年1卷1期,1,116,D6_OCR_GARBLED,2,work/domestic/month_20260728/pages/NLC404-01J000514-10484/images/page-0001.png,yes,1062733,PaddleOCR 3.7.0,PaddleOCR 3.7.0 重跑 + 版面方向校正,use_angle_cls=true; det_limit_side_len=2048; drop_score=0.5,deskew；竖排古籍/报纸试 use_space_char；双栏先切栏,乱码页核验前 citation_ready 必须为 0,yes,forbidden
17610,1292,domestic-page/NLC511-027032016010761-42571,《中国民主同盟言论集》,105,11,D6_OCR_GARBLED,2,work/domestic/month_20260728/pages/NLC511-027032016010761-42571/images/page-0105.png,yes,30868,PaddleOCR 3.7.0,PaddleOCR 3.7.0 重跑 + 版面方向校正,use_angle_cls=true; det_limit_side_len=2048; drop_score=0.5,deskew；竖排古籍/报纸试 use_space_char；双栏先切栏,乱码页核验前 citation_ready 必须为 0,yes,forbidden
17612,1292,domestic-page/NLC511-027032016010761-42571,《中国民主同盟言论集》,107,10,D6_OCR_GARBLED,2,work/domestic/month_20260728/pages/NLC511-027032016010761-42571/images/page-0107.png,yes,664650,PaddleOCR 3.7.0,PaddleOCR 3.7.0 重跑 + 版面方向校正,use_angle_cls=true; det_limit_side_len=2048; drop_score=0.5,deskew；竖排古籍/报纸试 use_space_char；双栏先切栏,乱码页核验前 citation_ready 必须为 0,yes,forbidden
17788,1293,domestic-page/NLC416-01jh004281-12557,《民主同盟文獻》1946,176,7,D6_OCR_GARBLED,2,work/domestic/month_20260728/pages/NLC416-01jh004281-12557/images/page-0176.png,yes,9560,PaddleOCR 3.7.0,PaddleOCR 3.7.0 重跑 + 版面方向校正,use_angle_cls=true; det_limit_side_len=2048; drop_score=0.5,deskew；竖排古籍/报纸试 use_space_char；双栏先切栏,乱码页核验前 citation_ready 必须为 0,yes,forbidden
18448,1242,domestic-page/SSID-13679264,《觀察》第三卷第一至十二期合订本,2,1,D6_OCR_GARBLED,2,work/domestic/month_20260728/pages/SSID-13679264/images/page-0002.png,yes,987841,PaddleOCR 3.7.0,PaddleOCR 3.7.0 重跑 + 版面方向校正,use_angle_cls=true; det_limit_side_len=2048; drop_score=0.5,deskew；竖排古籍/报纸试 use_space_char；双栏先切栏,乱码页核验前 citation_ready 必须为 0,yes,forbidden
18605,1242,domestic-page/SSID-13679264,《觀察》第三卷第一至十二期合订本,159,115,D6_OCR_GARBLED,2,work/domestic/month_20260728/pages/SSID-13679264/images/page-0159.png,yes,948454,PaddleOCR 3.7.0,PaddleOCR 3.7.0 重跑 + 版面方向校正,use_angle_cls=true; det_limit_side_len=2048; drop_score=0.5,deskew；竖排古籍/报纸试 use_space_char；双栏先切栏,乱码页核验前 citation_ready 必须为 0,yes,forbidden
19385,1290,domestic-page/SRC-088458899f,《中国民主同盟临时全国代表大会宣言》公开转录,39,7,D6_OCR_GARBLED,2,work/domestic/month_20260728/pages/SRC-088458899f/images/page-0039.png,yes,9798,PaddleOCR 3.7.0,PaddleOCR 3.7.0 重跑 + 版面方向校正,use_angle_cls=true; det_limit_side_len=2048; drop_score=0.5,deskew；竖排古籍/报纸试 use_space_char；双栏先切栏,乱码页核验前 citation_ready 必须为 0,yes,forbidden
19386,1290,domestic-page/SRC-088458899f,《中国民主同盟临时全国代表大会宣言》公开转录,40,9,D6_OCR_GARBLED,2,work/domestic/month_20260728/pages/SRC-088458899f/images/page-0040.png,yes,26082,PaddleOCR 3.7.0,PaddleOCR 3.7.0 重跑 + 版面方向校正,use_angle_cls=true; det_limit_side_len=2048; drop_score=0.5,deskew；竖排古籍/报纸试 use_space_char；双栏先切栏,乱码页核验前 citation_ready 必须为 0,yes,forbidden
19387,1290,domestic-page/SRC-088458899f,《中国民主同盟临时全国代表大会宣言》公开转录,41,1,D6_OCR_GARBLED,2,work/domestic/month_20260728/pages/SRC-088458899f/images/page-0041.png,yes,9654,PaddleOCR 3.7.0,PaddleOCR 3.7.0 重跑 + 版面方向校正,use_angle_cls=true; det_limit_side_len=2048; drop_score=0.5,deskew；竖排古籍/报纸试 use_space_char；双栏先切栏,乱码页核验前 citation_ready 必须为 0,yes,forbidden
19931,1290,domestic-page/SRC-088458899f,《中国民主同盟临时全国代表大会宣言》公开转录,585,7,D6_OCR_GARBLED,2,work/domestic/month_20260728/pages/SRC-088458899f/images/page-0585.png,yes,9348,PaddleOCR 3.7.0,PaddleOCR 3.7.0 重跑 + 版面方向校正,use_angle_cls=true; det_limit_side_len=2048; drop_score=0.5,deskew；竖排古籍/报纸试 use_space_char；双栏先切栏,乱码页核验前 citation_ready 必须为 0,yes,forbidden
19932,1290,domestic-page/SRC-088458899f,《中国民主同盟临时全国代表大会宣言》公开转录,586,14,D6_OCR_GARBLED,2,work/domestic/month_20260728/pages/SRC-088458899f/images/page-0586.png,yes,32334,PaddleOCR 3.7.0,PaddleOCR 3.7.0 重跑 + 版面方向校正,use_angle_cls=true; det_limit_side_len=2048; drop_score=0.5,deskew；竖排古籍/报纸试 use_space_char；双栏先切栏,乱码页核验前 citation_ready 必须为 0,yes,forbidden
19933,1290,domestic-page/SRC-088458899f,《中国民主同盟临时全国代表大会宣言》公开转录,587,7,D6_OCR_GARBLED,2,work/domestic/month_20260728/pages/SRC-088458899f/images/page-0587.png,yes,9483,PaddleOCR 3.7.0,PaddleOCR 3.7.0 重跑 + 版面方向校正,use_angle_cls=true; det_limit_side_len=2048; drop_score=0.5,deskew；竖排古籍/报纸试 use_space_char；双栏先切栏,乱码页核验前 citation_ready 必须为 0,yes,forbidden
20011,1290,domestic-page/SRC-088458899f,《中国民主同盟临时全国代表大会宣言》公开转录,665,38,D6_OCR_GARBLED,2,work/domestic/month_20260728/pages/SRC-088458899f/images/page-0665.png,yes,26051,PaddleOCR 3.7.0,PaddleOCR 3.7.0 重跑 + 版面方向校正,use_angle_cls=true; det_limit_side_len=2048; drop_score=0.5,deskew；竖排古籍/报纸试 use_space_char；双栏先切栏,乱码页核验前 citation_ready 必须为 0,yes,forbidden
20048,1290,domestic-page/SRC-088458899f,《中国民主同盟临时全国代表大会宣言》公开转录,702,5,D6_OCR_GARBLED,2,work/domestic/month_20260728/pages/SRC-088458899f/images/page-0702.png,yes,17790,PaddleOCR 3.7.0,PaddleOCR 3.7.0 重跑 + 版面方向校正,use_angle_cls=true; det_limit_side_len=2048; drop_score=0.5,deskew；竖排古籍/报纸试 use_space_char；双栏先切栏,乱码页核验前 citation_ready 必须为 0,yes,forbidden
20049,1290,domestic-page/SRC-088458899f,《中国民主同盟临时全国代表大会宣言》公开转录,703,7,D6_OCR_GARBLED,2,work/domestic/month_20260728/pages/SRC-088458899f/images/page-0703.png,yes,9276,PaddleOCR 3.7.0,PaddleOCR 3.7.0 重跑 + 版面方向校正,use_angle_cls=true; det_limit_side_len=2048; drop_score=0.5,deskew；竖排古籍/报纸试 use_space_char；双栏先切栏,乱码页核验前 citation_ready 必须为 0,yes,forbidden
20135,1290,domestic-page/SRC-088458899f,《中国民主同盟临时全国代表大会宣言》公开转录,789,7,D6_OCR_GARBLED,2,work/domestic/month_20260728/pages/SRC-088458899f/images/page-0789.png,yes,10275,PaddleOCR 3.7.0,PaddleOCR 3.7.0 重跑 + 版面方向校正,use_angle_cls=true; det_limit_side_len=2048; drop_score=0.5,deskew；竖排古籍/报纸试 use_space_char；双栏先切栏,乱码页核验前 citation_ready 必须为 0,yes,forbidden
20148,1304,domestic-ocr/S3:domestic:NLC:minmeng-wenxian-1946-situation-declaration-1945-01-15,时局宣言,page-0029,113,D6_OCR_GARBLED,2,work/domestic/month_20260728/pages/NLC416-01jh004281-12557/ocr/page-0029.ocr.md,yes,1400,paddleocr,paddleocr 重跑 + 版面方向校正,use_angle_cls=true; det_limit_side_len=2048; drop_score=0.5,deskew；竖排古籍/报纸试 use_space_char；双栏先切栏,乱码页核验前 citation_ready 必须为 0,yes,forbidden
20285,1320,domestic-ocr/S3:domestic:NLC:minxian-v1n1-1944-05-16,《民憲》第一卷第一期,page-0001,42,D6_OCR_GARBLED,2,work/domestic/month_20260728/pages/NLC404-00J001436-85442/ocr/page-0001.ocr.md,yes,1005,paddleocr,paddleocr 重跑 + 版面方向校正,use_angle_cls=true; det_limit_side_len=2048; drop_score=0.5,deskew；竖排古籍/报纸试 use_space_char；双栏先切栏,乱码页核验前 citation_ready 必须为 0,yes,forbidden
20287,1321,domestic-ocr/S3:domestic:NLC:minxian-v1n6-1944-08-15,《民憲》第一卷第六期,page-0001,44,D6_OCR_GARBLED,2,work/domestic/month_20260728/pages/NLC404-00J001436-85447/ocr/page-0001.ocr.md,yes,1026,paddleocr,paddleocr 重跑 + 版面方向校正,use_angle_cls=true; det_limit_side_len=2048; drop_score=0.5,deskew；竖排古籍/报纸试 use_space_char；双栏先切栏,乱码页核验前 citation_ready 必须为 0,yes,forbidden
20289,1322,domestic-ocr/S3:domestic:NLC:minxian-v1n9-1944-11-20,《民憲》第一卷第九期,page-0001,44,D6_OCR_GARBLED,2,work/domestic/month_20260728/pages/NLC404-00J001436-85450/ocr/page-0001.ocr.md,yes,1026,paddleocr,paddleocr 重跑 + 版面方向校正,use_angle_cls=true; det_limit_side_len=2048; drop_score=0.5,deskew；竖排古籍/报纸试 use_space_char；双栏先切栏,乱码页核验前 citation_ready 必须为 0,yes,forbidden
20326,1342,domestic-ocr/S3:domestic:NLC:guangmingbao-1948-1949-v1n12,《光明報》1948年1卷12期（1948-08-16）,page-0001,57,D6_OCR_GARBLED,2,work/domestic/month_20260728/pages/NLC404-01J000514-10514/ocr/page-0001.ocr.md,yes,1094,paddleocr,paddleocr 重跑 + 版面方向校正,use_angle_cls=true; det_limit_side_len=2048; drop_score=0.5,deskew；竖排古籍/报纸试 use_space_char；双栏先切栏,乱码页核验前 citation_ready 必须为 0,yes,forbidden
20331,1345,domestic-ocr/S3:domestic:NLC:guangmingbao-1948-1949-v2n12,《光明報》1949年2卷12期（1949-02-12）,page-0001,95,D6_OCR_GARBLED,2,work/domestic/month_20260728/pages/NLC404-01J000514-72821/ocr/page-0001.ocr.md,yes,1414,paddleocr,paddleocr 重跑 + 版面方向校正,use_angle_cls=true; det_limit_side_len=2048; drop_score=0.5,deskew；竖排古籍/报纸试 use_space_char；双栏先切栏,乱码页核验前 citation_ready 必须为 0,yes,forbidden
20335,1347,domestic-ocr/S3:domestic:NLC:minxian-v1n10-1944-12-20,《民憲》第一卷第十期,page-0001,45,D6_OCR_GARBLED,2,work/domestic/month_20260728/pages/NLC404-00J001436-85451/ocr/page-0001.ocr.md,yes,1028,paddleocr,paddleocr 重跑 + 版面方向校正,use_angle_cls=true; det_limit_side_len=2048; drop_score=0.5,deskew；竖排古籍/报纸试 use_space_char；双栏先切栏,乱码页核验前 citation_ready 必须为 0,yes,forbidden
20350,1350,domestic-ocr/S3:domestic:NLC:minmeng-wenxian-1946-ten-program,中国民主政团同盟对时局主张纲领,page-0013,115,D6_OCR_GARBLED,2,work/domestic/month_20260728/pages/NLC416-01jh004281-12557/ocr/page-0013.ocr.md,yes,1420,paddleocr,paddleocr 重跑 + 版面方向校正,use_angle_cls=true; det_limit_side_len=2048; drop_score=0.5,deskew；竖排古籍/报纸试 use_space_char；双栏先切栏,乱码页核验前 citation_ready 必须为 0,yes,forbidden
20372,1364,domestic-ocr/S3:domestic:NLC:minxian-85443-1944-05-01,《民憲》第一卷第二期,page-0001,44,D6_OCR_GARBLED,2,work/domestic/month_20260728/pages/NLC404-00J001436-85443/ocr/page-0001.ocr.md,yes,1026,paddleocr,paddleocr 重跑 + 版面方向校正,use_angle_cls=true; det_limit_side_len=2048; drop_score=0.5,deskew；竖排古籍/报纸试 use_space_char；双栏先切栏,乱码页核验前 citation_ready 必须为 0,yes,forbidden
20374,1365,domestic-ocr/S3:domestic:NLC:minxian-85444-1944-06-15,《民憲》第一卷第三期,page-0001,44,D6_OCR_GARBLED,2,work/domestic/month_20260728/pages/NLC404-00J001436-85444/ocr/page-0001.ocr.md,yes,1026,paddleocr,paddleocr 重跑 + 版面方向校正,use_angle_cls=true; det_limit_side_len=2048; drop_score=0.5,deskew；竖排古籍/报纸试 use_space_char；双栏先切栏,乱码页核验前 citation_ready 必须为 0,yes,forbidden
20376,1366,domestic-ocr/S3:domestic:NLC:minxian-85445-1944-06-30,《民憲》第一卷第四期,page-0001,42,D6_OCR_GARBLED,2,work/domestic/month_20260728/pages/NLC404-00J001436-85445/ocr/page-0001.ocr.md,yes,1005,paddleocr,paddleocr 重跑 + 版面方向校正,use_angle_cls=true; det_limit_side_len=2048; drop_score=0.5,deskew；竖排古籍/报纸试 use_space_char；双栏先切栏,乱码页核验前 citation_ready 必须为 0,yes,forbidden
20378,1367,domestic-ocr/S3:domestic:NLC:minxian-85446-1944-07-16,《民憲》第一卷第五期,page-0001,44,D6_OCR_GARBLED,2,work/domestic/month_20260728/pages/NLC404-00J001436-85446/ocr/page-0001.ocr.md,yes,1026,paddleocr,paddleocr 重跑 + 版面方向校正,use_angle_cls=true; det_limit_side_len=2048; drop_score=0.5,deskew；竖排古籍/报纸试 use_space_char；双栏先切栏,乱码页核验前 citation_ready 必须为 0,yes,forbidden
20380,1368,domestic-ocr/S3:domestic:NLC:minxian-85448-1944-09-10,《民憲》第一卷第七期,page-0001,44,D6_OCR_GARBLED,2,work/domestic/month_20260728/pages/NLC404-00J001436-85448/ocr/page-0001.ocr.md,yes,1026,paddleocr,paddleocr 重跑 + 版面方向校正,use_angle_cls=true; det_limit_side_len=2048; drop_score=0.5,deskew；竖排古籍/报纸试 use_space_char；双栏先切栏,乱码页核验前 citation_ready 必须为 0,yes,forbidden
20382,1369,domestic-ocr/S3:domestic:NLC:minxian-85449-1944-10-12,《民憲》第一卷第八期,page-0001,44,D6_OCR_GARBLED,2,work/domestic/month_20260728/pages/NLC404-00J001436-85449/ocr/page-0001.ocr.md,yes,1026,paddleocr,paddleocr 重跑 + 版面方向校正,use_angle_cls=true; det_limit_side_len=2048; drop_score=0.5,deskew；竖排古籍/报纸试 use_space_char；双栏先切栏,乱码页核验前 citation_ready 必须为 0,yes,forbidden
20384,1370,domestic-ocr/S3:domestic:NLC:minxian-85452-1945-01-15,《民憲》第一卷第十一期,page-0001,42,D6_OCR_GARBLED,2,work/domestic/month_20260728/pages/NLC404-00J001436-85452/ocr/page-0001.ocr.md,yes,1008,paddleocr,paddleocr 重跑 + 版面方向校正,use_angle_cls=true; det_limit_side_len=2048; drop_score=0.5,deskew；竖排古籍/报纸试 use_space_char；双栏先切栏,乱码页核验前 citation_ready 必须为 0,yes,forbidden
20386,1371,domestic-ocr/S3:domestic:NLC:minxian-85453-1945-02-25,《民憲》第一卷第十二期,page-0001,45,D6_OCR_GARBLED,2,work/domestic/month_20260728/pages/NLC404-00J001436-85453/ocr/page-0001.ocr.md,yes,1031,paddleocr,paddleocr 重跑 + 版面方向校正,use_angle_cls=true; det_limit_side_len=2048; drop_score=0.5,deskew；竖排古籍/报纸试 use_space_char；双栏先切栏,乱码页核验前 citation_ready 必须为 0,yes,forbidden
20388,1372,domestic-ocr/S3:domestic:NLC:minxian-85454-1945-05-15,《民憲》第二卷第一期,page-0001,44,D6_OCR_GARBLED,2,work/domestic/month_20260728/pages/NLC404-00J001436-85454/ocr/page-0001.ocr.md,yes,1026,paddleocr,paddleocr 重跑 + 版面方向校正,use_angle_cls=true; det_limit_side_len=2048; drop_score=0.5,deskew；竖排古籍/报纸试 use_space_char；双栏先切栏,乱码页核验前 citation_ready 必须为 0,yes,forbidden
20390,1373,domestic-ocr/S3:domestic:NLC:minxian-85455-1945-06-13,《民憲》第二卷第二期,page-0001,46,D6_OCR_GARBLED,2,work/domestic/month_20260728/pages/NLC404-00J001436-85455/ocr/page-0001.ocr.md,yes,1047,paddleocr,paddleocr 重跑 + 版面方向校正,use_angle_cls=true; det_limit_side_len=2048; drop_score=0.5,deskew；竖排古籍/报纸试 use_space_char；双栏先切栏,乱码页核验前 citation_ready 必须为 0,yes,forbidden
20464,1427,domestic-ocr/S3:domestic:NLC:minmeng-yanlunji-1945-whole,《中國民主同盟言論集》,page-0003,99,D6_OCR_GARBLED,2,work/domestic/month_20260728/pages/NLC511-027032016010761-42571/ocr/page-0003.ocr.md,yes,1368,paddleocr,paddleocr 重跑 + 版面方向校正,use_angle_cls=true; det_limit_side_len=2048; drop_score=0.5,deskew；竖排古籍/报纸试 use_space_char；双栏先切栏,乱码页核验前 citation_ready 必须为 0,yes,forbidden
20467,1427,domestic-ocr/S3:domestic:NLC:minmeng-yanlunji-1945-whole,《中國民主同盟言論集》,page-0006,92,D6_OCR_GARBLED,2,work/domestic/month_20260728/pages/NLC511-027032016010761-42571/ocr/page-0006.ocr.md,yes,1382,paddleocr,paddleocr 重跑 + 版面方向校正,use_angle_cls=true; det_limit_side_len=2048; drop_score=0.5,deskew；竖排古籍/报纸试 use_space_char；双栏先切栏,乱码页核验前 citation_ready 必须为 0,yes,forbidden
20566,1427,domestic-ocr/S3:domestic:NLC:minmeng-yanlunji-1945-whole,《中國民主同盟言論集》,page-0105,44,D6_OCR_GARBLED,2,work/domestic/month_20260728/pages/NLC511-027032016010761-42571/ocr/page-0105.ocr.md,yes,1002,paddleocr,paddleocr 重跑 + 版面方向校正,use_angle_cls=true; det_limit_side_len=2048; drop_score=0.5,deskew；竖排古籍/报纸试 use_space_char；双栏先切栏,乱码页核验前 citation_ready 必须为 0,yes,forbidden
20568,1427,domestic-ocr/S3:domestic:NLC:minmeng-yanlunji-1945-whole,《中國民主同盟言論集》,page-0107,43,D6_OCR_GARBLED,2,work/domestic/month_20260728/pages/NLC511-027032016010761-42571/ocr/page-0107.ocr.md,yes,999,paddleocr,paddleocr 重跑 + 版面方向校正,use_angle_cls=true; det_limit_side_len=2048; drop_score=0.5,deskew；竖排古籍/报纸试 use_space_char；双栏先切栏,乱码页核验前 citation_ready 必须为 0,yes,forbidden
20679,1515,domestic-ocr/SAAC:domestic:SAAC:51koukou-p01-dde20,毛泽东给宋庆龄的信（1949-06-19）,page-01,16,D6_OCR_GARBLED,2,data/domestic/raw/saac_scans/sec01_01-20/01.jpg,yes,394236,paddleocr,paddleocr 重跑 + 版面方向校正,use_angle_cls=true; det_limit_side_len=2048; drop_score=0.5,deskew；竖排古籍/报纸试 use_space_char；双栏先切栏,乱码页核验前 citation_ready 必须为 0,yes,forbidden
20681,1515,domestic-ocr/SAAC:domestic:SAAC:51koukou-p01-dde20,毛泽东给宋庆龄的信（1949-06-19）,page-03,4,D6_OCR_GARBLED,2,data/domestic/raw/saac_scans/sec01_01-20/03.jpg,yes,365616,paddleocr,paddleocr 重跑 + 版面方向校正,use_angle_cls=true; det_limit_side_len=2048; drop_score=0.5,deskew；竖排古籍/报纸试 use_space_char；双栏先切栏,乱码页核验前 citation_ready 必须为 0,yes,forbidden
20684,1516,domestic-ocr/SAAC:domestic:SAAC:51koukou-p01-dde21,周恩来给宋庆龄的信（1949-06-21）,page-03,22,D6_OCR_GARBLED,2,data/domestic/raw/saac_scans/sec01_01-21/03.jpg,yes,304313,paddleocr,paddleocr 重跑 + 版面方向校正,use_angle_cls=true; det_limit_side_len=2048; drop_score=0.5,deskew；竖排古籍/报纸试 use_space_char；双栏先切栏,乱码页核验前 citation_ready 必须为 0,yes,forbidden
20689,1517,domestic-ocr/SAAC:domestic:SAAC:51koukou-p01-dde22-i3,中央关于交换政协意见的指示（1948-05-07）,page-05,26,D6_OCR_GARBLED,2,data/domestic/raw/saac_scans/sec01_01-22/05.jpg,yes,351257,paddleocr,paddleocr 重跑 + 版面方向校正,use_angle_cls=true; det_limit_side_len=2048; drop_score=0.5,deskew；竖排古籍/报纸试 use_space_char；双栏先切栏,乱码页核验前 citation_ready 必须为 0,yes,forbidden
20700,1525,domestic-ocr/SAAC:domestic:SAAC:51koukou-p03-dde01-f1,周恩来、李维汉在中国人民政治协商会议筹备会第二次全体会议上讲话（1949-09-17）,page-02,17,D6_OCR_GARBLED,2,data/domestic/raw/saac_scans/sec03_03-01/s01_02.jpg,yes,27370,paddleocr,paddleocr 重跑 + 版面方向校正,use_angle_cls=true; det_limit_side_len=2048; drop_score=0.5,deskew；竖排古籍/报纸试 use_space_char；双栏先切栏,乱码页核验前 citation_ready 必须为 0,yes,forbidden
20701,1526,domestic-ocr/SAAC:domestic:SAAC:51koukou-p03-dde02-f1,中国人民政治协商会议筹备会第二次全体会议决议案（1949-09-17）,page-01,8,D6_OCR_GARBLED,2,data/domestic/raw/saac_scans/sec03_03-02/s02_01.jpg,yes,40084,paddleocr,paddleocr 重跑 + 版面方向校正,use_angle_cls=true; det_limit_side_len=2048; drop_score=0.5,deskew；竖排古籍/报纸试 use_space_char；双栏先切栏,乱码页核验前 citation_ready 必须为 0,yes,forbidden
20705,1527,domestic-ocr/SAAC:domestic:SAAC:51koukou-p03-dde03-f1,中国人民政治协商会议筹备会第二次全体会议记录（1949-09-17）,page-01,11,D6_OCR_GARBLED,2,data/domestic/raw/saac_scans/sec03_03-03/s03_01.jpg,yes,40287,paddleocr,paddleocr 重跑 + 版面方向校正,use_angle_cls=true; det_limit_side_len=2048; drop_score=0.5,deskew；竖排古籍/报纸试 use_space_char；双栏先切栏,乱码页核验前 citation_ready 必须为 0,yes,forbidden
20711,1528,domestic-ocr/SAAC:domestic:SAAC:51koukou-p03-dde04-f1,中国人民政治协商会议第一届全体会议主席团及秘书长名单（草案）（1949-09）,page-02,10,D6_OCR_GARBLED,2,data/domestic/raw/saac_scans/sec03_03-04/s04_02.jpg,yes,27304,paddleocr,paddleocr 重跑 + 版面方向校正,use_angle_cls=true; det_limit_side_len=2048; drop_score=0.5,deskew；竖排古籍/报纸试 use_space_char；双栏先切栏,乱码页核验前 citation_ready 必须为 0,yes,forbidden
20712,1528,domestic-ocr/SAAC:domestic:SAAC:51koukou-p03-dde04-f1,中国人民政治协商会议第一届全体会议主席团及秘书长名单（草案）（1949-09）,page-03,26,D6_OCR_GARBLED,2,data/domestic/raw/saac_scans/sec03_03-04/s04_03.jpg,yes,40499,paddleocr,paddleocr 重跑 + 版面方向校正,use_angle_cls=true; det_limit_side_len=2048; drop_score=0.5,deskew；竖排古籍/报纸试 use_space_char；双栏先切栏,乱码页核验前 citation_ready 必须为 0,yes,forbidden
20716,1529,domestic-ocr/SAAC:domestic:SAAC:51koukou-p03-dde05-f1,中国人民政治协商会议筹备会关于召开中国人民政治协商会议第一届全体会议的通知（1949-09-20）,page-02,12,D6_OCR_GARBLED,2,data/domestic/raw/saac_scans/sec03_03-05/s05_02.jpg,yes,39417,paddleocr,paddleocr 重跑 + 版面方向校正,use_angle_cls=true; det_limit_side_len=2048; drop_score=0.5,deskew；竖排古籍/报纸试 use_space_char；双栏先切栏,乱码页核验前 citation_ready 必须为 0,yes,forbidden
20717,1530,domestic-ocr/SAAC:domestic:SAAC:51koukou-p04-dde01-i3,新政治协商会议筹备会关于召开成立会的通知（1949-06-14）,page-01,1,D6_OCR_GARBLED,2,data/domestic/raw/saac_scans/sec04_04-01/01.jpg,yes,205071,paddleocr,paddleocr 重跑 + 版面方向校正,use_angle_cls=true; det_limit_side_len=2048; drop_score=0.5,deskew；竖排古籍/报纸试 use_space_char；双栏先切栏,乱码页核验前 citation_ready 必须为 0,yes,forbidden
20720,1531,domestic-ocr/SAAC:domestic:SAAC:51koukou-p04-dde02-i3,毛泽东在新政协筹备会开幕典礼上的讲话（1949-06-15）,page-02,28,D6_OCR_GARBLED,2,data/domestic/raw/saac_scans/sec04_04-02/02.jpg,yes,465256,paddleocr,paddleocr 重跑 + 版面方向校正,use_angle_cls=true; det_limit_side_len=2048; drop_score=0.5,deskew；竖排古籍/报纸试 use_space_char；双栏先切栏,乱码页核验前 citation_ready 必须为 0,yes,forbidden
20725,1534,domestic-ocr/SAAC:domestic:SAAC:51koukou-p04-dde05,沈钧儒在新政治协商会议筹备会开幕典礼上的讲话（1949-06-15）,page-02,63,D6_OCR_GARBLED,2,data/domestic/raw/saac_scans/sec04_04-05/02.jpg,yes,327509,paddleocr,paddleocr 重跑 + 版面方向校正,use_angle_cls=true; det_limit_side_len=2048; drop_score=0.5,deskew；竖排古籍/报纸试 use_space_char；双栏先切栏,乱码页核验前 citation_ready 必须为 0,yes,forbidden
20726,1535,domestic-ocr/SAAC:domestic:SAAC:51koukou-p05-dde01-i3,政协一届全体会议会场（1949-09-21）,page-01,25,D6_OCR_GARBLED,2,data/domestic/raw/saac_scans/sec05_05-01/01.jpg,yes,250097,paddleocr,paddleocr 重跑 + 版面方向校正,use_angle_cls=true; det_limit_side_len=2048; drop_score=0.5,deskew；竖排古籍/报纸试 use_space_char；双栏先切栏,乱码页核验前 citation_ready 必须为 0,yes,forbidden
20727,1535,domestic-ocr/SAAC:domestic:SAAC:51koukou-p05-dde01-i3,政协一届全体会议会场（1949-09-21）,page-02,13,D6_OCR_GARBLED,2,data/domestic/raw/saac_scans/sec05_05-01/02.jpg,yes,254961,paddleocr,paddleocr 重跑 + 版面方向校正,use_angle_cls=true; det_limit_side_len=2048; drop_score=0.5,deskew；竖排古籍/报纸试 use_space_char；双栏先切栏,乱码页核验前 citation_ready 必须为 0,yes,forbidden
20728,1535,domestic-ocr/SAAC:domestic:SAAC:51koukou-p05-dde01-i3,政协一届全体会议会场（1949-09-21）,page-03,13,D6_OCR_GARBLED,2,data/domestic/raw/saac_scans/sec05_05-01/03.jpg,yes,369501,paddleocr,paddleocr 重跑 + 版面方向校正,use_angle_cls=true; det_limit_side_len=2048; drop_score=0.5,deskew；竖排古籍/报纸试 use_space_char；双栏先切栏,乱码页核验前 citation_ready 必须为 0,yes,forbidden
20755,1539,domestic-ocr/SAAC:domestic:SAAC:51koukou-p05-dde03-i3,政协一届全体会议代表签名册（1949-09-21）,page-01,29,D6_OCR_GARBLED,2,data/domestic/raw/saac_scans/sec05_05-03/01.jpg,yes,401526,paddleocr,paddleocr 重跑 + 版面方向校正,use_angle_cls=true; det_limit_side_len=2048; drop_score=0.5,deskew；竖排古籍/报纸试 use_space_char；双栏先切栏,乱码页核验前 citation_ready 必须为 0,yes,forbidden
20756,1539,domestic-ocr/SAAC:domestic:SAAC:51koukou-p05-dde03-i3,政协一届全体会议代表签名册（1949-09-21）,page-02,22,D6_OCR_GARBLED,2,data/domestic/raw/saac_scans/sec05_05-03/02.jpg,yes,315588,paddleocr,paddleocr 重跑 + 版面方向校正,use_angle_cls=true; det_limit_side_len=2048; drop_score=0.5,deskew；竖排古籍/报纸试 use_space_char；双栏先切栏,乱码页核验前 citation_ready 必须为 0,yes,forbidden
20761,1541,domestic-ocr/SAAC:domestic:SAAC:51koukou-p05-dde05-i3,政协一届全体会议代表签到（1949-09-21）,page-01,3,D6_OCR_GARBLED,2,data/domestic/raw/saac_scans/sec05_05-05/01.jpg,yes,178357,paddleocr,paddleocr 重跑 + 版面方向校正,use_angle_cls=true; det_limit_side_len=2048; drop_score=0.5,deskew；竖排古籍/报纸试 use_space_char；双栏先切栏,乱码页核验前 citation_ready 必须为 0,yes,forbidden
20765,1541,domestic-ocr/SAAC:domestic:SAAC:51koukou-p05-dde05-i3,政协一届全体会议代表签到（1949-09-21）,page-05,2,D6_OCR_GARBLED,2,data/domestic/raw/saac_scans/sec05_05-05/05.jpg,yes,228970,paddleocr,paddleocr 重跑 + 版面方向校正,use_angle_cls=true; det_limit_side_len=2048; drop_score=0.5,deskew；竖排古籍/报纸试 use_space_char；双栏先切栏,乱码页核验前 citation_ready 必须为 0,yes,forbidden
20778,1546,domestic-ocr/SAAC:domestic:SAAC:51koukou-p06-dde03-f1,中央人民政府委员会第一次会议签到簿（1949-10-01）,page-02,12,D6_OCR_GARBLED,2,data/domestic/raw/saac_scans/sec06_06-03/02.jpg,yes,326967,paddleocr,paddleocr 重跑 + 版面方向校正,use_angle_cls=true; det_limit_side_len=2048; drop_score=0.5,deskew；竖排古籍/报纸试 use_space_char；双栏先切栏,乱码页核验前 citation_ready 必须为 0,yes,forbidden
20780,1546,domestic-ocr/SAAC:domestic:SAAC:51koukou-p06-dde03-f1,中央人民政府委员会第一次会议签到簿（1949-10-01）,page-04,19,D6_OCR_GARBLED,2,data/domestic/raw/saac_scans/sec06_06-03/04.jpg,yes,316139,paddleocr,paddleocr 重跑 + 版面方向校正,use_angle_cls=true; det_limit_side_len=2048; drop_score=0.5,deskew；竖排古籍/报纸试 use_space_char；双栏先切栏,乱码页核验前 citation_ready 必须为 0,yes,forbidden
20782,1548,domestic-ocr/SAAC:domestic:SAAC:51koukou-p06-dde05-f1,中央人民政府委员会第一次会议记录（1949-10-01）,page-01,25,D6_OCR_GARBLED,2,data/domestic/raw/saac_scans/sec06_06-05/01.jpg,yes,308386,paddleocr,paddleocr 重跑 + 版面方向校正,use_angle_cls=true; det_limit_side_len=2048; drop_score=0.5,deskew；竖排古籍/报纸试 use_space_char；双栏先切栏,乱码页核验前 citation_ready 必须为 0,yes,forbidden
20787,1550,domestic-ocr/SAAC:domestic:SAAC:51koukou-p06-dde07-f1,毛泽东与中央人民政府委员会部分委员合影（1949-10-01）,page-01,2,D6_OCR_GARBLED,2,data/domestic/raw/saac_scans/sec06_06-07/01.jpg,yes,277051,paddleocr,paddleocr 重跑 + 版面方向校正,use_angle_cls=true; det_limit_side_len=2048; drop_score=0.5,deskew；竖排古籍/报纸试 use_space_char；双栏先切栏,乱码页核验前 citation_ready 必须为 0,yes,forbidden
