candidate_id,review_status,level,material_class,availability,catalog_reference_status,needs_ocr,staging_citation_ready,strict_gate,fail_reasons,catalog_as_fulltext_flag
domestic:8P:8-dangpai-zhongyang-chubanshe,accepted,L2,待定,catalogue_only_online,verified,yes,no,FAIL,G2_avail=catalogue_only_online;G3_class=待定;G5_ocr_draft,
domestic:93:93-gov-cn-history-1945-chongqing,accepted,L2,汇编,full_item_online,verified,no,yes,PASS,,
domestic:93:bsjs-jsjj-jianyao-1945-1949,accepted,L2,汇编,full_item_online,verified,no,yes,PASS,,
domestic:93:bsjs-ljzywyh-anchor,accepted,L2,汇编,full_item_online,verified,no,yes,PASS,,
domestic:93JS:lead-九三学社1947年大事记,accepted,L4,汇编,full_item_online,verified,no,no,FAIL,G1_level=L4,
domestic:93JS:lead-历史的必然-郑重的选择-中共中央发布-五一口号-的历史由,accepted,L4,待定,full_item_online,verified,no,no,FAIL,G1_level=L4;G3_class=待定,
domestic:ACAD:1977-shaheen-cdl-politics-1939-1947-phd,accepted,L2,汇编,catalogue_only_online,verified,no,yes,FAIL,G2_avail=catalogue_only_online,
domestic:ACAD:wuhan-united-front-1940s-cambridge-quarterly,accepted,L2,汇编,catalogue_only_online,verified,no,yes,FAIL,G2_avail=catalogue_only_online,
domestic:AH:anhui-minzhudangpai-shi-meng-zhangjie-2009,accepted,L3,待定,catalogue_only_online,verified,yes,no,FAIL,G1_level=L3;G2_avail=catalogue_only_online;G3_class=待定;G5_ocr_draft,
domestic:BJ:beijing-minmeng-zuzhi-chengli-70-zhounian-2016,accepted,L3,待定,catalogue_only_online,verified,yes,no,FAIL,G1_level=L3;G2_avail=catalogue_only_online;G3_class=待定;G5_ocr_draft,
domestic:BJDCMM:1945-congress-declaration-platform-clipping,accepted,L3,二手,surrogate_online,verified,no,no,FAIL,G1_level=L3;G3_class=二手,
domestic:BJDCMM:reorganization-1944,accepted,L4,二手,full_item_online,verified,no,no,FAIL,G1_level=L4;G3_class=二手,
domestic:BJMM:website-anchor,accepted,L2,二手,full_item_online,verified,no,yes,FAIL,G3_class=二手,
domestic:BJTZB:lead-人民民主统一战线的巩固和扩大,accepted,L4,待定,full_item_online,verified,no,no,FAIL,G1_level=L4;G3_class=待定,
domestic:CAIXIN:2023-10-18-liangshuming-yushenghua-guangmingbao,accepted,L2,汇编,full_item_online,verified,no,yes,PASS,,
domestic:CDMM:website-anchor,accepted,L2,二手,full_item_online,verified,no,yes,FAIL,G3_class=二手,
domestic:CJD:1945-minjian-dansheng-chongqing,accepted,L2,待定,full_item_online,verified,no,yes,FAIL,G3_class=待定,
domestic:CJD:cndca-gov-cn-history-1945-chongqing,accepted,L2,待定,full_item_online,verified,no,yes,FAIL,G3_class=待定,
domestic:CPC:2024-09-30-fengyutongzhou-gongyi-guoshi,accepted,L2,汇编,full_item_online,verified,no,yes,PASS,,
domestic:CPPCC:liang-shuming-guangmingbao-founding-2020,accepted,L4,汇编,full_item_online,verified,no,no,FAIL,G1_level=L4,
domestic:CQ:Teyuan-China-Democratic-Parties-Museum-2024,accepted,L3,汇编,catalogue_only_online,verified,yes,no,FAIL,G1_level=L3;G2_avail=catalogue_only_online;G5_ocr_draft,
domestic:CQ:chongqing-minmeng-xu-chaojian-2002,accepted,L2,汇编,catalogue_only_online,verified,yes,no,FAIL,G2_avail=catalogue_only_online;G5_ocr_draft,
domestic:CSSN:lishi-zhuanti-1941-1949,accepted,L2,汇编,full_item_online,verified,no,yes,PASS,,
domestic:DAJS:guangming-suzhou-1949,accepted,L1,待定,surrogate_online,verified,yes,no,FAIL,G3_class=待定;G5_ocr_draft,
domestic:DRNH:002-020400-00011-053,accepted,L2,一手,surrogate_online,verified,yes,no,FAIL,G5_ocr_draft,
domestic:DRNH:002-020400-00012-067,accepted,L2,一手,surrogate_online,verified,yes,no,FAIL,G5_ocr_draft,
domestic:DRNH:002-060100-00229-023,accepted,L2,一手,surrogate_online,verified,yes,no,FAIL,G5_ocr_draft,
domestic:DRNH:002-080200-00301-062,accepted,L2,一手,surrogate_online,verified,yes,no,FAIL,G5_ocr_draft,
domestic:DRNH:002-080200-00301-070,accepted,L2,一手,surrogate_online,verified,yes,no,FAIL,G5_ocr_draft,
domestic:DRNH:002-080200-00321-036,accepted,L2,一手,surrogate_online,verified,yes,no,FAIL,G5_ocr_draft,
domestic:DRNH:002-080200-00537-081,accepted,L2,一手,surrogate_online,verified,yes,no,FAIL,G5_ocr_draft,
domestic:DRNH:002-080200-00537-095,accepted,L2,一手,surrogate_online,verified,yes,no,FAIL,G5_ocr_draft,
domestic:DRNH:002-090300-00016-114,accepted,L2,一手,surrogate_online,verified,yes,no,FAIL,G5_ocr_draft,
domestic:DRNH:002-090300-00017-115,accepted,L2,一手,surrogate_online,verified,yes,no,FAIL,G5_ocr_draft,
domestic:FJ:zhongguo-minmengtongmeng-fujian-jianshi-2018,accepted,L2,待定,catalogue_only_online,verified,yes,no,FAIL,G2_avail=catalogue_only_online;G3_class=待定;G5_ocr_draft,
domestic:FJMM:lead-少年记忆-初识民盟,accepted,L4,二手,full_item_online,verified,no,no,FAIL,G1_level=L4;G3_class=二手,
domestic:FJMM:lead-福建民盟盟史导言,accepted,L4,二手,full_item_online,verified,no,no,FAIL,G1_level=L4;G3_class=二手,
domestic:FRUS:1943-07-31-d232-ringwalt-liang-shuming-interview,accepted,L2,汇编,full_item_online,verified,no,yes,PASS,,
domestic:FRUS:1943-09-18-d272-atcheson-federation-platform,accepted,L2,汇编,full_item_online,verified,no,yes,PASS,,
domestic:FRUS:1944-04-21-d329-gauss-service-minority-parties,accepted,L2,汇编,full_item_online,verified,no,yes,PASS,,
domestic:FRUS:1944-07-11-d380-langdon-kunming-democratic-league,accepted,L2,汇编,full_item_online,verified,no,yes,PASS,,
domestic:FRUS:1944-09-22-d445-sprouse-democratic-league-principles,accepted,L2,汇编,full_item_online,verified,no,yes,PASS,,
domestic:FRUS:1944-10-30-d478-gauss-war-final-stage-proposals,accepted,L2,汇编,full_item_online,verified,no,yes,PASS,,
domestic:GD:guangdong-minmengshi-2012-lijingxian,accepted,L3,待定,catalogue_only_online,verified,yes,no,FAIL,G1_level=L3;G2_avail=catalogue_only_online;G3_class=待定;G5_ocr_draft,
domestic:GMD:2017-12-07-xinwen-beijing-zhongguo-minmeng,accepted,L2,汇编,full_item_online,verified,no,yes,PASS,,
domestic:GMD:2022-12-22-minmeng-baodao,accepted,L2,汇编,full_item_online,verified,no,yes,PASS,,
domestic:GMD:2022-12-22-zhongguo-minmeng-baojing,accepted,L2,汇编,full_item_online,verified,0,,PASS,,
domestic:GMD:epaper-meng-1941-1949-aggregate,accepted,L2,汇编,full_item_online,verified,no,yes,PASS,,
domestic:GXMM:NLC-dagongbao-tianjin-1947-11-06-page2-excerpt,accepted,L1,二手,full_item_online,verified,no,yes,FAIL,G3_class=二手,
domestic:GXMM:dagongbao-1947-10-28-illegal-declaration,accepted,L4,二手,catalogue_only_online,verified,no,no,FAIL,G1_level=L4;G2_avail=catalogue_only_online;G3_class=二手,
domestic:GXMM:dagongbao-1947-10-29-self-surrender,accepted,L4,二手,catalogue_only_online,verified,no,no,FAIL,G1_level=L4;G2_avail=catalogue_only_online;G3_class=二手,
domestic:GXMM:dagongbao-1947-10-30-ban-activities,accepted,L4,二手,catalogue_only_online,verified,no,no,FAIL,G1_level=L4;G2_avail=catalogue_only_online;G3_class=二手,
domestic:GXMM:dagongbao-dissolution-report-1947-11-06,accepted,L4,二手,full_item_online,verified,no,no,FAIL,G1_level=L4;G3_class=二手,
domestic:GXMM:dagongbao-tianjin-dissolution-1947-11-06,accepted,L4,二手,full_item_online,verified,0,,FAIL,G1_level=L4;G3_class=二手,
domestic:GXMM:forced-dissolution-1947-11-05,accepted,L4,二手,full_item_online,verified,no,no,FAIL,G1_level=L4;G3_class=二手,
domestic:GXMM:lead--大公报-和-观察-对民盟被迫解散的不同反应,accepted,L4,二手,full_item_online,verified,no,no,FAIL,G1_level=L4;G3_class=二手,
domestic:GXMM:observer-professors-statement-1947-11-08,accepted,L4,二手,full_item_online,verified,no,no,FAIL,G1_level=L4;G3_class=二手,
domestic:GXMM:xinminbao-professors-statement-1947-11-04,accepted,L4,二手,full_item_online,verified,no,no,FAIL,G1_level=L4;G3_class=二手,
domestic:GZ:guizhou-minmengshi-2013,accepted,L3,待定,catalogue_only_online,verified,yes,no,FAIL,G1_level=L3;G2_avail=catalogue_only_online;G3_class=待定;G5_ocr_draft,
domestic:HB:hubei-minmengshi-2014-xiangbiwu,accepted,L3,待定,catalogue_only_online,verified,yes,no,FAIL,G1_level=L3;G2_avail=catalogue_only_online;G3_class=待定;G5_ocr_draft,
domestic:HBMJ:lead-民建简史第三章-迎接新中国的诞生,accepted,L4,待定,full_item_online,verified,no,no,FAIL,G1_level=L4;G3_class=待定,
domestic:HE:zhongguo-minmengtongmeng-shijiazhuang-shi-zhi-2013,accepted,L3,待定,catalogue_only_online,verified,yes,no,FAIL,G1_level=L3;G2_avail=catalogue_only_online;G3_class=待定;G5_ocr_draft,
domestic:HKU:guangmingbao-1941-microform-holdings,needs_human_review,L2,一手,catalogue_only_online,verified,1,,FAIL,G2_avail=catalogue_only_online,
domestic:HKU:guangmingbao-primo-record,needs_human_review,L2,一手,catalogue_only_online,verified,1,,FAIL,G2_avail=catalogue_only_online,
domestic:HLJMM:first-congress-files-1945,accepted,L4,二手,full_item_online,verified,no,no,FAIL,G1_level=L4;G3_class=二手,
domestic:HN:hunan-minmengrenwu-2020,accepted,L2,待定,catalogue_only_online,verified,yes,no,FAIL,G2_avail=catalogue_only_online;G3_class=待定;G5_ocr_draft,
domestic:HNMM:lead-民盟精神解析,accepted,L4,二手,full_item_online,verified,no,no,FAIL,G1_level=L4;G3_class=二手,
domestic:HNMM:response-may-day-1948,accepted,L3,二手,full_item_online,verified,no,no,FAIL,G1_level=L3;G3_class=二手,
domestic:JFB:1944-02-22-jiefang-ribao-zhang-lan-booklet-review,accepted,L4,二手,surrogate_online,pending,no,no,FAIL,G1_level=L4;G2_avail=surrogate 但证据类型非影像;G3_class=二手;G4_catref_status=pending,
domestic:JS:jiangsu-minmengshi-gao-2004,accepted,L3,待定,catalogue_only_online,verified,yes,no,FAIL,G1_level=L3;G2_avail=catalogue_only_online;G3_class=待定;G5_ocr_draft,
domestic:JS:zhongguo-minmengtongmeng-jiangsu-jianshi-2012,accepted,L3,待定,catalogue_only_online,verified,yes,no,FAIL,G1_level=L3;G2_avail=catalogue_only_online;G3_class=待定;G5_ocr_draft,
domestic:KMY:minzhuzhoukan-1946-li-wen-wen-yiduo-1946-07,needs_human_review,L1,待定,surrogate_online,pending,0,,FAIL,G2_avail=surrogate 但证据类型非影像;G3_class=待定;G4_catref_status=pending;G6_uncertain:未公开核验,
domestic:LNU:guangmingbao-index-1941,accepted,L3,二手,full_item_online,verified,no,no,FAIL,G1_level=L3;G3_class=二手,
domestic:MG:minge-gov-cn-history-1948-hongkong,accepted,L2,待定,full_item_online,verified,no,yes,FAIL,G3_class=待定,
domestic:MGCH:TJPRESS-minjizhongtian-zhuguan,accepted,L2,汇编,catalogue_only_online,verified,yes,no,FAIL,G2_avail=catalogue_only_online;G5_ocr_draft,
domestic:MGCH:mengge-qianbei-chuanji-congshu-2025,accepted,L2,汇编,catalogue_only_online,verified,yes,no,FAIL,G2_avail=catalogue_only_online;G5_ocr_draft,
domestic:MH:modernhistory-periodical-guoxun,accepted,L4,汇编,catalogue_only_online,verified,no,no,FAIL,G1_level=L4;G2_avail=catalogue_only_online,
domestic:MH:platform-anchor-modernhistory-2026,accepted,L3,汇编,catalogue_only_online,verified,no,no,FAIL,G1_level=L3;G2_avail=catalogue_only_online,
domestic:MJ:minj-gov-cn-history-1945-shanghai,accepted,L2,待定,full_item_online,verified,no,yes,FAIL,G3_class=待定,
domestic:MM1941:outline-1936-pingjin-wenhuajie-qijunzi,accepted,L3,汇编,catalogue_only_online,verified,,,FAIL,G1_level=L3;G2_avail=catalogue_only_online,
domestic:MM1941:outline-1936-qijunzi-song-qingling-feng-yuxiang,accepted,L3,汇编,catalogue_only_online,verified,,,FAIL,G1_level=L3;G2_avail=catalogue_only_online,
domestic:MM1941:outline-1937-04-03-jiangsu-fayuan-qijunzi-qisong,accepted,L3,汇编,catalogue_only_online,verified,,,FAIL,G1_level=L3;G2_avail=catalogue_only_online,
domestic:MM1941:outline-1937-04-12-zhonggong-qijunzi-shengming,accepted,L3,汇编,catalogue_only_online,verified,,,FAIL,G1_level=L3;G2_avail=catalogue_only_online,
domestic:MM1941:outline-1937-05-05-jiuguohui-shengming,accepted,L3,汇编,catalogue_only_online,verified,,,FAIL,G1_level=L3;G2_avail=catalogue_only_online,
domestic:MM1941:outline-1937-06-07-qijunzi-bianhu,needs_human_review,L3,汇编,catalogue_only_online,verified,,,FAIL,G1_level=L3;G2_avail=catalogue_only_online,
domestic:MM1941:outline-1937-06-11-jiangsu-fayuan-shenli,accepted,L3,汇编,catalogue_only_online,verified,,,FAIL,G1_level=L3;G2_avail=catalogue_only_online,
domestic:MM1941:outline-1937-06-24-qijunzi-shangsu,accepted,L3,汇编,catalogue_only_online,verified,,,FAIL,G1_level=L3;G2_avail=catalogue_only_online,
domestic:MM1941:outline-1937-07-04-he-xiangning-qijunzi,accepted,L3,汇编,catalogue_only_online,verified,,,FAIL,G1_level=L3;G2_avail=catalogue_only_online,
domestic:MM1941:outline-1937-jiuguohui-jiguan-bao,accepted,L3,汇编,catalogue_only_online,verified,no,no,FAIL,G1_level=L3;G2_avail=catalogue_only_online,
domestic:MM1941:outline-1937-meiguo-wenxuejie-qijunzi,accepted,L3,汇编,catalogue_only_online,verified,,,FAIL,G1_level=L3;G2_avail=catalogue_only_online,
domestic:MM1941:outline-1937-qijunzi-yuzhong-dushu,accepted,L3,汇编,catalogue_only_online,verified,,,FAIL,G1_level=L3;G2_avail=catalogue_only_online,
domestic:MM1941:outline-1937-qijunzi-yuzhong-gemingge,accepted,L3,汇编,catalogue_only_online,verified,,,FAIL,G1_level=L3;G2_avail=catalogue_only_online,
domestic:MM1941:outline-1937-qijunzi-yuzhong-zhao,needs_human_review,L3,汇编,catalogue_only_online,verified,,,FAIL,G1_level=L3;G2_avail=catalogue_only_online,
domestic:MM1941:outline-1939-1950-sichuan-meng-biannian-shi,accepted,L3,汇编,catalogue_only_online,verified,no,no,FAIL,G1_level=L3;G2_avail=catalogue_only_online,
domestic:MM1941:outline-1941-1953-wuxi-meng-biannian-shi,accepted,L3,汇编,catalogue_only_online,verified,no,no,FAIL,G1_level=L3;G2_avail=catalogue_only_online,
domestic:MM1941:outline-1941-1989-gansu-meng-jianzhi,accepted,L3,汇编,catalogue_only_online,verified,no,no,FAIL,G1_level=L3;G2_avail=catalogue_only_online,
domestic:MM1941:outline-1941-2014-chongqing-meng-shi-jing,accepted,L3,汇编,catalogue_only_online,verified,no,no,FAIL,G1_level=L3;G2_avail=catalogue_only_online,
domestic:MM1941:outline-1941-zhongguo-minzhengtongmeng-chengli-huizhi,accepted,L3,汇编,catalogue_only_online,verified,no,no,FAIL,G1_level=L3;G2_avail=catalogue_only_online,
domestic:MM1941:outline-1942-1949-minmeng-zai-shaanxi,accepted,L3,汇编,catalogue_only_online,verified,no,no,FAIL,G1_level=L3;G2_avail=catalogue_only_online,
domestic:MM1941:outline-1942-1949-minmeng-zai-shaanxi-jing,accepted,L3,汇编,catalogue_only_online,verified,0,,FAIL,G1_level=L3;G2_avail=catalogue_only_online,
domestic:MM1941:outline-1942-1949-xian-minmeng-xibei-zongzhibu-mimi-huodongdi,accepted,L3,汇编,catalogue_only_online,verified,0,,FAIL,G1_level=L3;G2_avail=catalogue_only_online,
domestic:MM1941:outline-1942-2012-shaanxi-meng-70nian,accepted,L3,汇编,catalogue_only_online,verified,no,no,FAIL,G1_level=L3;G2_avail=catalogue_only_online,
domestic:MM1941:outline-1942-shaanxi-tongzhanbu-meng-zhibu-renxuan,accepted,L3,汇编,catalogue_only_online,verified,no,no,FAIL,G1_level=L3;G2_avail=catalogue_only_online,
domestic:MM1941:outline-1943-xibei-ju-ierkuozhang-huiyi,accepted,L3,汇编,catalogue_only_online,verified,no,no,FAIL,G1_level=L3;G2_avail=catalogue_only_online,
domestic:MM1941:outline-1944-1946-minmeng-zongbu-chongqing,accepted,L3,汇编,catalogue_only_online,verified,no,no,FAIL,G1_level=L3;G2_avail=catalogue_only_online,
domestic:MM1941:outline-1946-1949-minmeng-zongbu-shanghai,accepted,L3,汇编,catalogue_only_online,verified,0,,FAIL,G1_level=L3;G2_avail=catalogue_only_online,
domestic:MM1941:outline-1946-1949-nanfang-mengshi-shiling,accepted,L3,汇编,catalogue_only_online,verified,0,,FAIL,G1_level=L3;G2_avail=catalogue_only_online,
domestic:MM1941:outline-1946-1953-jiangsu-meng-biannian-shi,accepted,L3,汇编,catalogue_only_online,verified,no,no,FAIL,G1_level=L3;G2_avail=catalogue_only_online,
domestic:MM1941:outline-1946-beiyoudang-tewu-qinfeng-bao,accepted,L3,汇编,catalogue_only_online,verified,no,no,FAIL,G1_level=L3;G2_avail=catalogue_only_online,
domestic:MM1941:outline-1946-nian-shengming-jianghua-neirong,accepted,L3,汇编,catalogue_only_online,verified,0,,FAIL,G1_level=L3;G2_avail=catalogue_only_online,
domestic:MM1941:outline-1947-1949-zhongyang-zongzhanhui-lianhehuiyi,accepted,L3,汇编,catalogue_only_online,verified,no,no,FAIL,G1_level=L3;G2_avail=catalogue_only_online,
domestic:MM1941:outline-1949qian-beijing-minmeng-biannian-shi,accepted,L3,汇编,catalogue_only_online,verified,no,no,FAIL,G1_level=L3;G2_avail=catalogue_only_online,
domestic:MM1941:outline-jianguoqian-fujian-mengshi-ziliao-shang,accepted,L3,汇编,catalogue_only_online,verified,no,no,FAIL,G1_level=L3;G2_avail=catalogue_only_online,
domestic:MM1941:outline-jianguoqian-fujian-mengshi-ziliao-xia,accepted,L3,汇编,catalogue_only_online,verified,0,,FAIL,G1_level=L3;G2_avail=catalogue_only_online,
domestic:MM1941:outline-jianguoqian-fujian-mengshi-ziliao-zhong,accepted,L3,汇编,catalogue_only_online,verified,0,,FAIL,G1_level=L3;G2_avail=catalogue_only_online,
domestic:MM1941:outline-shaanxi-minmeng-shi,accepted,L3,汇编,catalogue_only_online,verified,0,,FAIL,G1_level=L3;G2_avail=catalogue_only_online,
domestic:MM1941:outline-shaanxi-sheng-zhibu-choubei-weiyuanhui-mingdan,accepted,L3,汇编,catalogue_only_online,verified,0,,FAIL,G1_level=L3;G2_avail=catalogue_only_online,
domestic:MM1941:outline-shanghai-minmeng-biannian-shi,accepted,L3,汇编,catalogue_only_online,verified,no,no,FAIL,G1_level=L3;G2_avail=catalogue_only_online,
domestic:MM1941:platform-anchor-minmeng1941-cn,accepted,L3,汇编,catalogue_only_online,verified,no,no,FAIL,G1_level=L3;G2_avail=catalogue_only_online,
domestic:MMC:lijie-zhongyang-weiyuanhui-index,accepted,L2,汇编,catalogue_only_online,verified,no,yes,FAIL,G2_avail=catalogue_only_online,
domestic:MMC:lingdao-jiegou-2026,accepted,L2,汇编,full_item_online,verified,no,yes,PASS,,
domestic:MMC:zhangcheng-latest,accepted,L2,汇编,full_item_online,verified,no,yes,PASS,,
domestic:MMC:zuzhi-jiegou,accepted,L2,汇编,full_item_online,verified,no,yes,PASS,,
domestic:MMHIST:chang-dong-sun-freedom-1946-01-14,accepted,L2,汇编,surrogate_online,verified,yes,no,FAIL,G5_ocr_draft,
domestic:MMHIST:chang-lan-pcc-opening-1946-01-10,accepted,L2,汇编,surrogate_online,verified,yes,no,FAIL,G5_ocr_draft,
domestic:MMHIST:chang-po-chun-national-assembly-1946-01-17,accepted,L2,汇编,surrogate_online,verified,yes,no,FAIL,G5_ocr_draft,
domestic:MMHIST:congress-declaration-1945,accepted,L2,汇编,surrogate_online,verified,yes,no,FAIL,G5_ocr_draft,
domestic:MMHIST:formation-declaration-1941,accepted,L2,汇编,surrogate_online,verified,yes,no,FAIL,G5_ocr_draft,
domestic:MMHIST:huang-yan-pei-common-program-1946-01-16,accepted,L2,汇编,surrogate_online,verified,yes,no,FAIL,G5_ocr_draft,
domestic:MMHIST:huang-yan-pei-constitution-draft-1946-01-19,accepted,L2,汇编,surrogate_online,verified,yes,no,FAIL,G5_ocr_draft,
domestic:MMHIST:league-banned-1947-10-27,accepted,L2,汇编,surrogate_online,verified,yes,no,FAIL,G5_ocr_draft,
domestic:MMHIST:league-dissolution-announcement-1947-11-06,accepted,L2,汇编,surrogate_online,verified,yes,no,FAIL,G5_ocr_draft,
domestic:MMHIST:league-military-proposal-1946-01-16,accepted,L2,汇编,surrogate_online,verified,yes,no,FAIL,G5_ocr_draft,
domestic:MMHIST:li-gongpu-protest-1946-07-12,accepted,L2,汇编,surrogate_online,verified,yes,no,FAIL,G5_ocr_draft,
domestic:MMHIST:li-gongpu-statement-1946-07-17,accepted,L2,汇编,surrogate_online,verified,yes,no,FAIL,G2_avail=surrogate 但证据类型非影像;G5_ocr_draft,
domestic:MMHIST:lo-lung-chi-common-program-1946-01-16,accepted,L2,汇编,surrogate_online,verified,yes,no,FAIL,G5_ocr_draft,
domestic:MMHIST:lo-lung-chi-government-reorganization-1946-01-14,accepted,L2,汇编,surrogate_online,verified,yes,no,FAIL,G5_ocr_draft,
domestic:MMHIST:lo-lung-chi-national-assembly-1946-01-17,accepted,L2,汇编,surrogate_online,verified,yes,no,FAIL,G5_ocr_draft,
domestic:MMHIST:organization-regulation-1945,accepted,L2,汇编,surrogate_online,verified,yes,no,FAIL,G5_ocr_draft,
domestic:MMHIST:platform-1945,accepted,L2,汇编,surrogate_online,verified,yes,no,FAIL,G5_ocr_draft,
domestic:MMHIST:political-report-1945,accepted,L2,汇编,surrogate_online,verified,yes,no,FAIL,G5_ocr_draft,
domestic:MMHIST:program-draft-1944-09-19,accepted,L2,汇编,surrogate_online,verified,yes,no,FAIL,G5_ocr_draft,
domestic:MMHIST:situation-talk-1946-01-02,accepted,L2,汇编,surrogate_online,verified,yes,no,FAIL,G5_ocr_draft,
domestic:MMHIST:wen-yiduo-emergency-statement-1946-07-16,accepted,L2,汇编,surrogate_online,verified,yes,no,FAIL,G5_ocr_draft,
domestic:MMHIST:yannan-meeting-minutes-1945-07-04,accepted,L2,汇编,catalogue_only_online,verified,no,yes,FAIL,G2_avail=catalogue_only_online,
domestic:MMHIST:zhang-bo-jun-common-program-1946-01-16,accepted,L2,汇编,surrogate_online,verified,yes,no,FAIL,G5_ocr_draft,
domestic:MMSH:guangmingbao-formation-editorial-1941,accepted,L4,汇编,full_item_online,verified,no,no,FAIL,G1_level=L4,
domestic:MMSH:lead-新中国成立前民盟对政治协商制度的贡献,accepted,L4,汇编,full_item_online,verified,no,no,FAIL,G1_level=L4,
domestic:MMSH:web-bases,accepted,L4,待定,full_item_online,verified,,,FAIL,G1_level=L4;G3_class=待定,
domestic:MMSH:web-history,accepted,L4,汇编,full_item_online,verified,no,no,FAIL,G1_level=L4,
domestic:MMSH:web-intro,accepted,L4,待定,full_item_online,verified,,,FAIL,G1_level=L4;G3_class=待定,
domestic:MMSH:web-leaders,accepted,L4,待定,full_item_online,verified,,,FAIL,G1_level=L4;G3_class=待定,
domestic:MMSH:web-liukaiqu,accepted,L4,汇编,full_item_online,verified,no,no,FAIL,G1_level=L4,
domestic:MMSH:web-newspapers,accepted,L4,待定,full_item_online,verified,,,FAIL,G1_level=L4;G3_class=待定,
domestic:MMSH:web-office-history,accepted,L4,汇编,full_item_online,verified,no,no,FAIL,G1_level=L4,
domestic:MMSH:web-political-cooperation,accepted,L4,汇编,full_item_online,verified,no,no,FAIL,G1_level=L4,
domestic:MMSH:web-zhanglan,accepted,L4,待定,full_item_online,verified,,,FAIL,G1_level=L4;G3_class=待定,
domestic:MMYunnan:democracy-weekly-run-1944-1946,accepted,L4,二手,catalogue_only_online,verified,no,no,FAIL,G1_level=L4;G2_avail=catalogue_only_online;G3_class=二手,
domestic:MMZY:1945-first-congress-page,accepted,L4,汇编,full_item_online,verified,no,no,FAIL,G1_level=L4,
domestic:MMZY:lead-周恩来与第一届人民政协会议的召开,accepted,L4,汇编,full_item_online,verified,no,no,FAIL,G1_level=L4,
domestic:MMZY:lead-楚图南-民盟文章,accepted,L4,汇编,full_item_online,verified,no,no,FAIL,G1_level=L4,
domestic:MX:cheng-boren-1942-join-northwest-org,needs_human_review,L3,汇编,not_online,unpublished,0,,FAIL,G1_level=L3;G2_avail=not_online;G4_catref_status=unpublished,
domestic:MX:ding-cong-1942-chongqing-artist,needs_human_review,L3,汇编,not_online,unpublished,0,,FAIL,G1_level=L3;G2_avail=not_online;G4_catref_status=unpublished,
domestic:MX:lu-jinhua-1942-yueju-troupe,needs_human_review,L3,汇编,not_online,unpublished,0,,FAIL,G1_level=L3;G2_avail=not_online;G4_catref_status=unpublished,
domestic:MX:shang-ding-1942-journalist-secretary,needs_human_review,L3,汇编,not_online,unpublished,0,,FAIL,G1_level=L3;G2_avail=not_online;G4_catref_status=unpublished,
domestic:MX:shang-ding-1943-11-join-mengxian,needs_human_review,L3,汇编,not_online,unpublished,0,,FAIL,G1_level=L3;G2_avail=not_online;G4_catref_status=unpublished,
domestic:MX:wang-lingu-1942-art-troupe,needs_human_review,L3,汇编,not_online,unpublished,0,,FAIL,G1_level=L3;G2_avail=not_online;G4_catref_status=unpublished,
domestic:NGD:jie-fang-qian-jiao-tuan-ji-fengyun,accepted,L2,汇编,full_item_online,verified,no,yes,PASS,,
domestic:NGD:ngd-org-cn-history-1930-shanghai,accepted,L2,汇编,full_item_online,verified,no,yes,PASS,,
domestic:NGD:website-jianjie-anchor,accepted,L2,汇编,full_item_online,verified,no,yes,PASS,,
domestic:NJSH:2nd-Historical-Archives-1912-1949-220w-juan,accepted,L3,待定,catalogue_only_online,verified,yes,no,FAIL,G1_level=L3;G2_avail=catalogue_only_online;G3_class=待定;G5_ocr_draft,
domestic:NLC:dagongbao-hankow-1947-11-04-league-dissolution-meeting,accepted,L1,一手,full_item_online,verified,0,,PASS,,
domestic:NLC:dagongbao-hankow-1947-11-04-zhang-qun-notice,accepted,L1,一手,full_item_online,verified,no,yes,PASS,,
domestic:NLC:dagongbao-hankow-1947-11-06-league-dissolution,accepted,L1,一手,full_item_online,verified,no,yes,PASS,,
domestic:NLC:dagongbao-shanghai-1947-11-06-page2-full,accepted,L1,一手,full_item_online,verified,no,yes,PASS,,
domestic:NLC:dagongbao-tianjin-1947-11-06-page2-full,accepted,L1,一手,full_item_online,verified,0,,PASS,,
domestic:NLC:guangmingbao-1946-issue01,accepted,L1,一手,full_item_online,verified,no,yes,PASS,,
domestic:NLC:guangmingbao-1946-issue01-liu-simou-youth-degeneration,accepted,L1,一手,full_item_online,verified,0,,PASS,,
domestic:NLC:guangmingbao-1946-issue01-refounding-editorial,accepted,L1,一手,full_item_online,verified,no,yes,PASS,,
domestic:NLC:guangmingbao-1946-issue01-shen-zhiyuan-minmeng-current-situation-proposal,accepted,L1,一手,full_item_online,verified,0,,PASS,,
domestic:NLC:guangmingbao-1946-issue02,accepted,L1,一手,full_item_online,verified,no,yes,PASS,,
domestic:NLC:guangmingbao-1946-issue02-huang-yaomian-us-imperialism-china,accepted,L1,一手,full_item_online,verified,0,,PASS,,
domestic:NLC:guangmingbao-1946-issue02-people-power-editorial,accepted,L1,一手,full_item_online,verified,no,yes,PASS,,
domestic:NLC:guangmingbao-1946-issue03,accepted,L1,一手,full_item_online,verified,no,yes,PASS,,
domestic:NLC:guangmingbao-1946-issue03-ceasefire-telegram,accepted,L1,一手,full_item_online,verified,no,yes,PASS,,
domestic:NLC:guangmingbao-1946-issue03-double-ten-task-article,accepted,L1,一手,full_item_online,verified,no,yes,PASS,,
domestic:NLC:guangmingbao-1946-issue04,accepted,L1,一手,full_item_online,verified,no,yes,PASS,,
domestic:NLC:guangmingbao-1946-issue04-di-chaobai-us-basic-attitude,accepted,L1,一手,full_item_online,verified,0,,PASS,,
domestic:NLC:guangmingbao-1946-issue04-urgent-situation-editorial,accepted,L1,一手,full_item_online,verified,no,yes,PASS,,
domestic:NLC:guangmingbao-1946-issue04-yang-bokai-jiang-jieshi-speech-review,accepted,L1,一手,full_item_online,verified,0,,PASS,,
domestic:NLC:guangmingbao-1946-issue05,accepted,L1,一手,full_item_online,verified,no,yes,PASS,,
domestic:NLC:guangmingbao-1946-issue05-beijing-comrades-editorial,accepted,L1,一手,full_item_online,verified,no,yes,PASS,,
domestic:NLC:guangmingbao-1946-issue06,accepted,L1,一手,full_item_online,verified,no,yes,PASS,,
domestic:NLC:guangmingbao-1946-issue06-editorial-pcc-ten-months,accepted,L1,一手,full_item_online,verified,0,,PASS,,
domestic:NLC:guangmingbao-1946-issue06-qian-jiaju-unequal-treaty,accepted,L1,一手,full_item_online,verified,0,,PASS,,
domestic:NLC:guangmingbao-1946-issue06-shen-zhiyuan-truce-statement-review,accepted,L1,一手,full_item_online,verified,0,,PASS,,
domestic:NLC:guangmingbao-1946-issue07,accepted,L1,一手,full_item_online,verified,no,yes,PASS,,
domestic:NLC:guangmingbao-1946-issue07-qian-jiaju-unequal-treaty,accepted,L1,一手,full_item_online,verified,0,,PASS,,
domestic:NLC:guangmingbao-1946-issue07-shen-zhiyuan-truce-statement-review,accepted,L1,一手,full_item_online,verified,0,,PASS,,
domestic:NLC:guangmingbao-1946-issue07-why-not-national-assembly,accepted,L1,一手,full_item_online,verified,no,yes,PASS,,
domestic:NLC:guangmingbao-1946-issue10,accepted,L1,一手,full_item_online,verified,no,yes,PASS,,
domestic:NLC:guangmingbao-1946-issue10-guangdong-kmt-protest-editorial,accepted,L1,一手,full_item_online,verified,no,yes,PASS,,
domestic:NLC:guangmingbao-1946-issue11,accepted,L1,一手,full_item_online,verified,no,yes,PASS,,
domestic:NLC:guangmingbao-1946-issue11-anti-one-party-constitution,accepted,L1,一手,full_item_online,verified,0,,PASS,,
domestic:NLC:guangmingbao-1946-issue11-china-at-1947-threshold,accepted,L1,一手,full_item_online,verified,0,,PASS,,
domestic:NLC:guangmingbao-1946-issue11-truman-december-18-statement,accepted,L1,一手,full_item_online,verified,0,,PASS,,
domestic:NLC:guangmingbao-1946-issue11-zhang-lan-shanghai-welcome-speech,accepted,L1,一手,full_item_online,verified,no,yes,PASS,,
domestic:NLC:guangmingbao-1946-issue8,accepted,L1,一手,full_item_online,verified,no,yes,PASS,,
domestic:NLC:guangmingbao-1946-issue8-conditional-national-assembly,accepted,L1,一手,full_item_online,verified,no,yes,PASS,,
domestic:NLC:guangmingbao-1946-issue8-qiu-xini-guangdong-shengtianli,accepted,L1,一手,full_item_online,verified,no,yes,PASS,,
domestic:NLC:guangmingbao-1946-issue8-zhang-tiesheng-republican-withdraw-us-diplomacy,accepted,L1,一手,full_item_online,verified,no,yes,PASS,,
domestic:NLC:guangmingbao-1946-issue9,accepted,L1,一手,full_item_online,verified,no,yes,PASS,,
domestic:NLC:guangmingbao-1946-issue9-anti-civil-war-conscription-editorial,accepted,L1,一手,full_item_online,verified,no,yes,PASS,,
domestic:NLC:guangmingbao-1947-12-congratulate-second-plenum-editorial,accepted,L1,一手,full_item_online,verified,no,yes,PASS,,
domestic:NLC:guangmingbao-1947-12-interview-shen-junru,accepted,L1,一手,full_item_online,verified,0,,PASS,,
domestic:NLC:guangmingbao-1947-12-oppose-us-atrocities-shanghai,accepted,L1,一手,full_item_online,verified,0,,PASS,,
domestic:NLC:guangmingbao-1947-12-qingmo-democracy-two-paths,accepted,L1,一手,full_item_online,verified,0,,PASS,,
domestic:NLC:guangmingbao-1947-12-respond-anti-us-military,accepted,L1,一手,full_item_online,verified,0,,PASS,,
domestic:NLC:guangmingbao-1947-12-second-plenum-domestic-situation,accepted,L1,一手,full_item_online,verified,0,,PASS,,
domestic:NLC:guangmingbao-1947-12-shanghai-democrats-on-us-atrocities,accepted,L1,一手,full_item_online,verified,0,,PASS,,
domestic:NLC:guangmingbao-1947-12-si-tan-guo-shi,accepted,L1,一手,full_item_online,verified,0,,PASS,,
domestic:NLC:guangmingbao-1947-12-statement-one-sided-constitution,accepted,L1,一手,full_item_online,verified,no,yes,PASS,,
domestic:NLC:guangmingbao-1947-12-students-letter-to-truman,accepted,L1,一手,full_item_online,verified,no,yes,PASS,,
domestic:NLC:guangmingbao-1947-19-article-01,accepted,L1,一手,full_item_online,verified,0,,PASS,,
domestic:NLC:guangmingbao-1947-19-article-02,accepted,L1,一手,full_item_online,verified,0,,PASS,,
domestic:NLC:guangmingbao-1947-19-article-03,accepted,L1,一手,full_item_online,verified,0,,PASS,,
domestic:NLC:guangmingbao-1947-19-article-04,accepted,L1,一手,full_item_online,verified,0,,PASS,,
domestic:NLC:guangmingbao-1947-19-article-05,accepted,L1,一手,full_item_online,verified,0,,PASS,,
domestic:NLC:guangmingbao-1947-1947-12,accepted,L1,一手,full_item_online,verified,no,yes,PASS,,
domestic:NLC:guangmingbao-1947-1947-13,accepted,L1,一手,full_item_online,verified,no,yes,PASS,,
domestic:NLC:guangmingbao-1947-1947-14,accepted,L1,一手,full_item_online,verified,no,yes,PASS,,
domestic:NLC:guangmingbao-1947-1947-15,accepted,L1,一手,full_item_online,verified,no,yes,PASS,,
domestic:NLC:guangmingbao-1947-1947-16–17,accepted,L1,一手,full_item_online,verified,no,yes,PASS,,
domestic:NLC:guangmingbao-1947-1947-18,accepted,L1,一手,full_item_online,verified,no,yes,PASS,,
domestic:NLC:guangmingbao-1947-1947-19,accepted,L1,一手,full_item_online,verified,no,yes,PASS,,
domestic:NLC:guangmingbao-1947-1947-20,accepted,L1,一手,full_item_online,verified,no,yes,PASS,,
domestic:NLC:guangmingbao-1947-issue13-our-attitude-editorial,accepted,L1,一手,full_item_online,verified,0,,PASS,,
domestic:NLC:guangmingbao-1947-issue13-plenum-clippings,accepted,L1,一手,full_item_online,verified,0,,PASS,,
domestic:NLC:guangmingbao-1947-issue13-zhang-lan-plenum-closing,accepted,L1,一手,full_item_online,verified,0,,PASS,,
domestic:NLC:guangmingbao-1947-issue13-zhang-lan-plenum-opening,accepted,L1,一手,full_item_online,verified,0,,PASS,,
domestic:NLC:guangmingbao-1947-issue14-li-boqiu-plenum-gains,accepted,L1,一手,full_item_online,verified,0,,PASS,,
domestic:NLC:guangmingbao-1947-issue14-pcc-anniversary-editorial,accepted,L1,一手,full_item_online,verified,0,,PASS,,
domestic:NLC:guangmingbao-1947-issue14-plenum-political-report,accepted,L1,一手,full_item_online,verified,0,,PASS,,
domestic:NLC:guangmingbao-1947-issue14-shen-zhiyuan-plenum-impression,accepted,L1,一手,full_item_online,verified,0,,PASS,,
domestic:NLC:guangmingbao-1947-issue15-heavier-task-editorial,accepted,L1,一手,full_item_online,verified,0,,PASS,,
domestic:NLC:guangmingbao-1947-issue15-huang-yaomian-pcc-line,accepted,L1,一手,full_item_online,verified,0,,PASS,,
domestic:NLC:guangmingbao-1947-issue16-17-li-jishen-situation-views,accepted,L1,一手,full_item_online,verified,0,,PASS,,
domestic:NLC:guangmingbao-1947-issue16-17-minmeng-situation-declaration,accepted,L1,一手,full_item_online,verified,0,,PASS,,
domestic:NLC:guangmingbao-1947-issue16-17-moscow-conference-china-editorial,accepted,L1,一手,full_item_online,verified,0,,PASS,,
domestic:NLC:guangmingbao-1947-issue16-17-respond-li-jishen-editorial,accepted,L1,一手,full_item_online,verified,0,,PASS,,
domestic:NLC:guangmingbao-1947-issue18-nantotal-press-reception,accepted,L1,一手,full_item_online,verified,0,,PASS,,
domestic:NLC:guangmingbao-1947-issue18-peng-zemin-statement,accepted,L1,一手,full_item_online,verified,0,,PASS,,
domestic:NLC:guangmingbao-1947-issue18-people-cannot-endure-editorial,accepted,L1,一手,full_item_online,verified,0,,PASS,,
domestic:NLC:guangmingbao-1947-issue21,accepted,L1,一手,full_item_online,verified,no,yes,PASS,,
domestic:NLC:guangmingbao-1947-issue21-critique-dictatorship-new-policy-editorial,accepted,L1,一手,full_item_online,verified,no,yes,PASS,,
domestic:NLC:guangmingbao-1947-issue21-deng-chumin-middle-route,accepted,L1,一手,full_item_online,verified,0,,PASS,,
domestic:NLC:guangmingbao-1947-issue22,accepted,L1,一手,full_item_online,verified,no,yes,PASS,,
domestic:NLC:guangmingbao-1947-issue22-action-memorial-peng,accepted,L1,一手,full_item_online,verified,0,,PASS,,
domestic:NLC:guangmingbao-1947-issue22-cry-recall-xingzhi-deng,accepted,L1,一手,full_item_online,verified,0,,PASS,,
domestic:NLC:guangmingbao-1947-issue22-dare-not-forget-chen,accepted,L1,一手,full_item_online,verified,0,,PASS,,
domestic:NLC:guangmingbao-1947-issue22-dictators-killed-them-ye,accepted,L1,一手,full_item_online,verified,0,,PASS,,
domestic:NLC:guangmingbao-1947-issue22-double-effort-people-shen,accepted,L1,一手,full_item_online,verified,0,,PASS,,
domestic:NLC:guangmingbao-1947-issue22-fight-for-human-rights-editorial,accepted,L1,一手,full_item_online,verified,no,yes,PASS,,
domestic:NLC:guangmingbao-1947-issue22-gongpu-rest-in-peace-simu,accepted,L1,一手,full_item_online,verified,0,,PASS,,
domestic:NLC:guangmingbao-1947-issue22-gongpu-still-beside-zhang,accepted,L1,一手,full_item_online,verified,0,,PASS,,
domestic:NLC:guangmingbao-1947-issue22-hengshe-tonghua-sa,accepted,L1,一手,full_item_online,verified,0,,PASS,,
domestic:NLC:guangmingbao-1947-issue22-history-essays-shen-gong,accepted,L1,一手,full_item_online,verified,0,,PASS,,
domestic:NLC:guangmingbao-1947-issue22-learn-taofen-spirit-hu,accepted,L1,一手,full_item_online,verified,0,,PASS,,
domestic:NLC:guangmingbao-1947-issue22-liwen-anniversary-qian,accepted,L1,一手,full_item_online,verified,0,,PASS,,
domestic:NLC:guangmingbao-1947-issue22-meixian-recent-look,accepted,L1,一手,full_item_online,verified,0,,PASS,,
domestic:NLC:guangmingbao-1947-issue22-middle-route-again-deng,accepted,L1,一手,full_item_online,verified,0,,PASS,,
domestic:NLC:guangmingbao-1947-issue22-mourn-and-spur-song,accepted,L1,一手,full_item_online,verified,0,,PASS,,
domestic:NLC:guangmingbao-1947-issue22-one-falls-thousands-rise-lu,accepted,L1,一手,full_item_online,verified,0,,PASS,,
domestic:NLC:guangmingbao-1947-issue22-one-year-war-result-lu,accepted,L1,一手,full_item_online,verified,0,,PASS,,
domestic:NLC:guangmingbao-1947-issue22-painful-memorial-chen,accepted,L1,一手,full_item_online,verified,0,,PASS,,
domestic:NLC:guangmingbao-1947-issue22-pass-the-test-hu-sheng,accepted,L1,一手,full_item_online,verified,0,,PASS,,
domestic:NLC:guangmingbao-1947-issue22-patriotic-poet-wen-hong,accepted,L1,一手,full_item_online,verified,0,,PASS,,
domestic:NLC:guangmingbao-1947-issue22-shantou-black-terror,accepted,L1,一手,full_item_online,verified,0,,PASS,,
domestic:NLC:guangmingbao-1947-issue22-wipe-out-killers-li,accepted,L1,一手,full_item_online,verified,0,,PASS,,
domestic:NLC:guangmingbao-1948-1949-v1n1,accepted,L1,一手,full_item_online,verified,no,yes,PASS,,
domestic:NLC:guangmingbao-1948-1949-v1n1-article,accepted,L1,一手,full_item_online,verified,0,,PASS,,
domestic:NLC:guangmingbao-1948-1949-v1n1-current-tasks-zhangbojun,accepted,L1,一手,full_item_online,verified,no,yes,PASS,,
domestic:NLC:guangmingbao-1948-1949-v1n1-refute-hu-shi-gaoji,accepted,L1,一手,full_item_online,verified,0,,PASS,,
domestic:NLC:guangmingbao-1948-1949-v1n12,accepted,L1,一手,full_item_online,verified,no,yes,PASS,,
domestic:NLC:guangmingbao-1948-1949-v1n12-article,accepted,L1,一手,full_item_online,verified,0,,PASS,,
domestic:NLC:guangmingbao-1948-1949-v1n12-three-premises-li-xiangfu,accepted,L1,一手,full_item_online,verified,0,,PASS,,
domestic:NLC:guangmingbao-1948-1949-v2n1,accepted,L1,一手,full_item_online,verified,no,yes,PASS,,
domestic:NLC:guangmingbao-1948-1949-v2n1-article,accepted,L1,一手,full_item_online,verified,0,,PASS,,
domestic:NLC:guangmingbao-1948-1949-v2n12,accepted,L1,一手,full_item_online,verified,no,yes,PASS,,
domestic:NLC:guangmingbao-1948-1949-v2n12-article,accepted,L1,一手,full_item_online,verified,0,,PASS,,
domestic:NLC:guangmingbao-1948-1949-v2n12-taiwan-liberation,accepted,L1,一手,full_item_online,verified,no,yes,PASS,,
domestic:NLC:minmeng-wenxian-1946-congress-declaration-1945-10-16,accepted,L2,汇编,full_item_online,verified,0,,PASS,,
domestic:NLC:minmeng-wenxian-1946-final-war-political-platform,accepted,L2,汇编,full_item_online,verified,0,,PASS,,
domestic:NLC:minmeng-wenxian-1946-formation-declaration,accepted,L2,汇编,full_item_online,verified,0,,PASS,,
domestic:NLC:minmeng-wenxian-1946-minmeng-platform-1945,accepted,L2,汇编,full_item_online,verified,0,,PASS,,
domestic:NLC:minmeng-wenxian-1946-situation-declaration-1945-01-15,accepted,L2,汇编,full_item_online,verified,0,,PASS,,
domestic:NLC:minmeng-wenxian-1946-ten-program,accepted,L2,汇编,full_item_online,verified,0,,PASS,,
domestic:NLC:minmeng-wenxian-1946-toc-political-report-gap,accepted,L3,汇编,full_item_online,verified,no,no,FAIL,G1_level=L3,
domestic:NLC:minmeng-wenxian-1946-whole,accepted,L2,汇编,full_item_online,verified,no,yes,PASS,,
domestic:NLC:minmeng-yanlunji-1945-congress-declaration,accepted,L2,汇编,full_item_online,verified,no,yes,PASS,,
domestic:NLC:minmeng-yanlunji-1945-congress-political-report,accepted,L2,汇编,full_item_online,verified,no,yes,PASS,,
domestic:NLC:minmeng-yanlunji-1945-whole,accepted,L2,汇编,full_item_online,verified,no,yes,PASS,,
domestic:NLC:minxian-85443-1944-05-01,accepted,L1,一手,full_item_online,verified,no,yes,PASS,,
domestic:NLC:minxian-85444-1944-06-15,accepted,L1,一手,full_item_online,verified,no,yes,PASS,,
domestic:NLC:minxian-85445-1944-06-30,accepted,L1,一手,full_item_online,verified,no,yes,PASS,,
domestic:NLC:minxian-85446-1944-07-16,accepted,L1,一手,full_item_online,verified,no,yes,PASS,,
domestic:NLC:minxian-85448-1944-09-10,accepted,L1,一手,full_item_online,verified,no,yes,PASS,,
domestic:NLC:minxian-85449-1944-10-12,accepted,L1,一手,full_item_online,verified,no,yes,PASS,,
domestic:NLC:minxian-85452-1945-01-15,accepted,L1,一手,full_item_online,verified,no,yes,PASS,,
domestic:NLC:minxian-85453-1945-02-25,accepted,L1,一手,full_item_online,verified,no,yes,PASS,,
domestic:NLC:minxian-85454-1945-05-15,accepted,L1,一手,full_item_online,verified,no,yes,PASS,,
domestic:NLC:minxian-85455-1945-06-13,accepted,L1,一手,full_item_online,verified,no,yes,PASS,,
domestic:NLC:minxian-v1n1-1944-05-16,accepted,L1,一手,full_item_online,verified,no,yes,PASS,,
domestic:NLC:minxian-v1n10-1944-12-20,accepted,L1,一手,full_item_online,verified,no,yes,PASS,,
domestic:NLC:minxian-v1n6-1944-08-15,accepted,L1,一手,full_item_online,verified,no,yes,PASS,,
domestic:NLC:minxian-v1n9-1944-11-20,accepted,L1,一手,full_item_online,verified,no,yes,PASS,,
domestic:NLC:minxian-v1n9-democracy-vs-nondemocracy-1944-11-20,accepted,L1,一手,full_item_online,verified,0,,PASS,,
domestic:NLC:observer-1947-3-11-article-government-oppression-minmeng,needs_human_review,L1,一手,surrogate_online,pending,0,,FAIL,G2_avail=surrogate 但证据类型非影像;G4_catref_status=pending,
domestic:NLC:observer-1947-v3n11,accepted,L1,一手,full_item_online,verified,no,yes,PASS,,
domestic:NLC:observer-1947-v3n11-dong-shijin,accepted,L1,一手,full_item_online,verified,no,yes,PASS,,
domestic:NLC:observer-1947-v3n11-han-depei,accepted,L1,一手,full_item_online,verified,no,yes,PASS,,
domestic:PP:2024-08-09-nonggong-dang-chengli,accepted,L2,待定,full_item_online,verified,,,FAIL,G3_class=待定,
domestic:PP:huishi-daxuexi-difang-zuzhi-jianshe-1,accepted,L2,汇编,full_item_online,verified,no,yes,PASS,,
domestic:PP:menshi-zonglan-minmeng-chengli-4-gaizu,accepted,L2,汇编,full_item_online,verified,no,yes,PASS,,
domestic:PP:menshi-zonglan-series-anchor,accepted,L2,汇编,full_item_online,verified,no,yes,PASS,,
domestic:QY:1991-wo-yu-minmeng-50zhounian-jinianwenji,accepted,L2,汇编,catalogue_only_online,verified,yes,no,FAIL,G2_avail=catalogue_only_online;G5_ocr_draft,
domestic:QY:1991-zhongguo-minmeng-jianshi-1941-1949,accepted,L2,汇编,catalogue_only_online,verified,yes,no,FAIL,G2_avail=catalogue_only_online;G5_ocr_draft,
domestic:QY:1991-zhongguo-minmeng-shi-1941-1949,accepted,L2,汇编,catalogue_only_online,verified,yes,no,FAIL,G2_avail=catalogue_only_online;G5_ocr_draft,
domestic:QY:2011-zhongguo-minmeng-qishinian,accepted,L2,汇编,catalogue_only_online,verified,yes,no,FAIL,G2_avail=catalogue_only_online;G5_ocr_draft,
domestic:QY:2013-minmeng-chutunan,accepted,L2,汇编,catalogue_only_online,verified,yes,no,FAIL,G2_avail=catalogue_only_online;G5_ocr_draft,
domestic:QY:2013-minmeng-taoxingzhi,accepted,L2,汇编,catalogue_only_online,verified,yes,no,FAIL,G2_avail=catalogue_only_online;G5_ocr_draft,
domestic:QY:2014-minmeng-dubincheng,accepted,L2,汇编,catalogue_only_online,verified,yes,no,FAIL,G2_avail=catalogue_only_online;G5_ocr_draft,
domestic:QY:2014-minmeng-tongdizhou,accepted,L2,汇编,catalogue_only_online,verified,yes,no,FAIL,G2_avail=catalogue_only_online;G5_ocr_draft,
domestic:QY:2021-qingyang-minmeng-shi,accepted,L2,汇编,catalogue_only_online,verified,yes,no,FAIL,G2_avail=catalogue_only_online;G5_ocr_draft,
domestic:QY:chongqing-minmengshi-2014-qunyan,accepted,L2,汇编,catalogue_only_online,verified,yes,no,FAIL,G2_avail=catalogue_only_online;G5_ocr_draft,
domestic:QY:mengtuan-lishi-renwu-congshu-anchor,accepted,L2,汇编,catalogue_only_online,verified,yes,no,FAIL,G2_avail=catalogue_only_online;G5_ocr_draft,
domestic:QY:mengtuan-lishiwenxian-congshu-anchor,accepted,L2,汇编,catalogue_only_online,verified,yes,no,FAIL,G2_avail=catalogue_only_online;G5_ocr_draft,
domestic:QY:qunyan-chubanshe-meng-zhongyang,accepted,L2,汇编,catalogue_only_online,verified,no,yes,FAIL,G2_avail=catalogue_only_online,
domestic:QY:zhongguo-minmengtongmeng-50nian-chongqing-2014,accepted,L2,汇编,catalogue_only_online,verified,yes,no,FAIL,G2_avail=catalogue_only_online;G5_ocr_draft,
domestic:QY:zhongguo-minmengtongmengshi-2012-qunyan,accepted,L2,汇编,catalogue_only_online,verified,yes,no,FAIL,G2_avail=catalogue_only_online;G5_ocr_draft,
domestic:RCL:qian-weichang-1942-phd-meng-vice-chairman,needs_human_review,L3,汇编,not_online,unpublished,0,,FAIL,G1_level=L3;G2_avail=not_online;G4_catref_status=unpublished,
domestic:RCL:textile-engineer-1943-12-join,needs_human_review,L3,汇编,not_online,unpublished,0,,FAIL,G1_level=L3;G2_avail=not_online;G4_catref_status=unpublished,
domestic:RCL:wenliangmo-1942-join-national-anthem,needs_human_review,L3,汇编,not_online,unpublished,0,,FAIL,G1_level=L3;G2_avail=not_online;G4_catref_status=unpublished,
domestic:RMTZ:2013-01-24-liangshuming-xianggang-guangmingbao,accepted,L2,汇编,full_item_online,verified,no,yes,PASS,,
domestic:RMTZ:dangshi-minmeng-zaili-chengli,accepted,L2,汇编,full_item_online,verified,no,yes,PASS,,
domestic:RMZXB:2015-04-09-guangming-bao-chibaijiafan,accepted,L2,待定,full_item_online,verified,no,yes,FAIL,G3_class=待定,
domestic:RMZXB:2024-12-10-huangyanpei-jiuxinzheng,accepted,L2,待定,full_item_online,verified,no,yes,FAIL,G3_class=待定,
domestic:RMZXW:2025-05-21-minmeng-chengli-80-zhounian,accepted,L2,待定,full_item_online,verified,no,yes,FAIL,G3_class=待定,
domestic:RMZXW:website-anchor-1949,accepted,L2,待定,full_item_online,verified,no,yes,FAIL,G3_class=待定,
domestic:RMrb:1946-11-19-national-assembly-boycott,accepted,L2,汇编,surrogate_online,verified,no,yes,FAIL,G2_avail=surrogate 但证据类型非影像,
domestic:RMrb:1947-11-04-page1-league-illegal-report,accepted,L2,汇编,surrogate_online,verified,no,yes,FAIL,G2_avail=surrogate 但证据类型非影像,
domestic:RMrb:1947-11-07-page1-league-dissolution,accepted,L2,汇编,surrogate_online,verified,no,yes,FAIL,G2_avail=surrogate 但证据类型非影像,
domestic:SAAC:1948-04-30-01,accepted,L1,一手,surrogate_online,verified,yes,no,FAIL,G5_ocr_draft,
domestic:SAAC:1948-04-30-02,accepted,L1,一手,surrogate_online,verified,yes,no,FAIL,G5_ocr_draft,
domestic:SAAC:1948-05-01-01,accepted,L1,一手,surrogate_online,verified,yes,no,FAIL,G5_ocr_draft,
domestic:SAAC:1948-08-01-01,accepted,L1,一手,surrogate_online,verified,yes,no,FAIL,G5_ocr_draft,
domestic:SAAC:1948-10-01-01,accepted,L1,一手,surrogate_online,verified,yes,no,FAIL,G5_ocr_draft,
domestic:SAAC:1948-10-08-01,accepted,L1,一手,surrogate_online,verified,yes,no,FAIL,G5_ocr_draft,
domestic:SAAC:1949-01-08-01,accepted,L1,一手,surrogate_online,verified,yes,no,FAIL,G5_ocr_draft,
domestic:SAAC:1949-02-01-01,accepted,L1,一手,surrogate_online,verified,yes,no,FAIL,G5_ocr_draft,
domestic:SAAC:1949-02-14-01,accepted,L1,一手,surrogate_online,verified,yes,no,FAIL,G5_ocr_draft,
domestic:SAAC:1949-03-12-01,accepted,L1,一手,surrogate_online,verified,yes,no,FAIL,G5_ocr_draft,
domestic:SAAC:1949-09-21-01,accepted,L1,一手,surrogate_online,verified,yes,no,FAIL,G5_ocr_draft,
domestic:SAAC:1949-09-21-02,accepted,L1,一手,surrogate_online,verified,yes,no,FAIL,G5_ocr_draft,
domestic:SAAC:1949-09-21-03,accepted,L1,一手,surrogate_online,verified,yes,no,FAIL,G5_ocr_draft,
domestic:SAAC:1949-09-21-04,accepted,L1,一手,surrogate_online,verified,yes,no,FAIL,G5_ocr_draft,
domestic:SAAC:1949-09-21-05,accepted,L1,一手,surrogate_online,verified,yes,no,FAIL,G5_ocr_draft,
domestic:SAAC:1949-09-21-06,accepted,L1,一手,surrogate_online,verified,yes,no,FAIL,G5_ocr_draft,
domestic:SAAC:1949-09-21-07,accepted,L1,一手,surrogate_online,verified,yes,no,FAIL,G5_ocr_draft,
domestic:SAAC:1949-09-22-01,accepted,L1,一手,surrogate_online,verified,yes,no,FAIL,G5_ocr_draft,
domestic:SAAC:1949-09-22-02,accepted,L1,一手,surrogate_online,verified,yes,no,FAIL,G5_ocr_draft,
domestic:SAAC:1949-09-23-01,accepted,L1,一手,surrogate_online,verified,yes,no,FAIL,G5_ocr_draft,
domestic:SAAC:1949-09-25-01,accepted,L1,一手,surrogate_online,verified,yes,no,FAIL,G5_ocr_draft,
domestic:SAAC:1949-09-26-01,accepted,L1,一手,surrogate_online,verified,yes,no,FAIL,G5_ocr_draft,
domestic:SAAC:1949-09-27-01,accepted,L1,一手,surrogate_online,verified,yes,no,FAIL,G5_ocr_draft,
domestic:SAAC:1949-09-27-02,accepted,L1,一手,surrogate_online,verified,yes,no,FAIL,G5_ocr_draft,
domestic:SAAC:1949-09-28-01,accepted,L1,一手,surrogate_online,verified,yes,no,FAIL,G5_ocr_draft,
domestic:SAAC:1949-09-29-01,accepted,L1,一手,surrogate_online,verified,yes,no,FAIL,G5_ocr_draft,
domestic:SAAC:1949-09-29-02,accepted,L1,一手,surrogate_online,verified,yes,no,FAIL,G5_ocr_draft,
domestic:SAAC:1949-09-30-01,accepted,L1,一手,surrogate_online,verified,yes,no,FAIL,G5_ocr_draft,
domestic:SAAC:1949-09-30-02,accepted,L1,一手,surrogate_online,verified,yes,no,FAIL,G5_ocr_draft,
domestic:SAAC:1949-09-30-03,accepted,L1,一手,surrogate_online,verified,yes,no,FAIL,G5_ocr_draft,
domestic:SAAC:1949-index-c01,accepted,L1,一手,surrogate_online,verified,yes,no,FAIL,G5_ocr_draft,
domestic:SAAC:1949-index-c02,accepted,L1,一手,surrogate_online,verified,yes,no,FAIL,G5_ocr_draft,
domestic:SAAC:1949-index-c03,accepted,L1,一手,surrogate_online,verified,yes,no,FAIL,G5_ocr_draft,
domestic:SAAC:1949-index-c04,accepted,L1,一手,surrogate_online,verified,yes,no,FAIL,G5_ocr_draft,
domestic:SAAC:1949-index-c05,accepted,L1,一手,surrogate_online,verified,yes,no,FAIL,G5_ocr_draft,
domestic:SAAC:1949-index-c06,accepted,L1,一手,surrogate_online,verified,yes,no,FAIL,G5_ocr_draft,
domestic:SAAC:1949-index-c07,accepted,L1,一手,surrogate_online,verified,yes,no,FAIL,G5_ocr_draft,
domestic:SAAC:1949-index-c08,accepted,L1,一手,surrogate_online,verified,yes,no,FAIL,G5_ocr_draft,
domestic:SAAC:1949-index-c09,accepted,L1,一手,surrogate_online,verified,yes,no,FAIL,G5_ocr_draft,
domestic:SAAC:1949-index-c10,accepted,L1,一手,surrogate_online,verified,yes,no,FAIL,G5_ocr_draft,
domestic:SAAC:1949-index-c11,accepted,L1,一手,surrogate_online,verified,yes,no,FAIL,G5_ocr_draft,
domestic:SAAC:1949-index-c12,accepted,L1,一手,surrogate_online,verified,yes,no,FAIL,G5_ocr_draft,
domestic:SAAC:1949-index-c13,accepted,L1,一手,surrogate_online,verified,yes,no,FAIL,G5_ocr_draft,
domestic:SAAC:1949-index-c14,accepted,L1,一手,surrogate_online,verified,yes,no,FAIL,G5_ocr_draft,
domestic:SAAC:1949-index-c15,accepted,L1,一手,surrogate_online,verified,yes,no,FAIL,G5_ocr_draft,
domestic:SAAC:1949-index-c16,accepted,L1,一手,surrogate_online,verified,yes,no,FAIL,G5_ocr_draft,
domestic:SAAC:1949-index-c17,accepted,L1,一手,surrogate_online,verified,yes,no,FAIL,G5_ocr_draft,
domestic:SAAC:1949-index-c18,accepted,L1,一手,surrogate_online,verified,yes,no,FAIL,G5_ocr_draft,
domestic:SAAC:1949-index-c19,accepted,L1,一手,surrogate_online,verified,yes,no,FAIL,G5_ocr_draft,
domestic:SAAC:1949-index-c20,accepted,L1,一手,surrogate_online,verified,yes,no,FAIL,G5_ocr_draft,
domestic:SAAC:1949-index-c21,accepted,L1,一手,surrogate_online,verified,yes,no,FAIL,G5_ocr_draft,
domestic:SAAC:1949-index-c22,accepted,L1,一手,surrogate_online,verified,yes,no,FAIL,G5_ocr_draft,
domestic:SAAC:1949-index-c23,accepted,L1,一手,surrogate_online,verified,yes,no,FAIL,G5_ocr_draft,
domestic:SAAC:1949-index-c24,accepted,L1,一手,surrogate_online,verified,yes,no,FAIL,G5_ocr_draft,
domestic:SAAC:1949-index-c25,accepted,L1,一手,surrogate_online,verified,yes,no,FAIL,G5_ocr_draft,
domestic:SAAC:1949-index-c26,accepted,L1,一手,surrogate_online,verified,yes,no,FAIL,G5_ocr_draft,
domestic:SAAC:1949-index-c27,accepted,L1,一手,surrogate_online,verified,yes,no,FAIL,G5_ocr_draft,
domestic:SAAC:1949-index-c28,accepted,L1,一手,surrogate_online,verified,yes,no,FAIL,G5_ocr_draft,
domestic:SAAC:1949-index-c29,accepted,L1,一手,surrogate_online,verified,yes,no,FAIL,G5_ocr_draft,
domestic:SAAC:1949-index-c30,accepted,L1,一手,surrogate_online,verified,yes,no,FAIL,G5_ocr_draft,
domestic:SAAC:1949-index-c31,accepted,L1,一手,surrogate_online,verified,yes,no,FAIL,G5_ocr_draft,
domestic:SAAC:1949-index-c32,accepted,L1,一手,surrogate_online,verified,yes,no,FAIL,G5_ocr_draft,
domestic:SAAC:1949-item-a01,accepted,L1,一手,surrogate_online,verified,yes,no,FAIL,G5_ocr_draft,
domestic:SAAC:1949-item-a02,accepted,L1,一手,surrogate_online,verified,yes,no,FAIL,G5_ocr_draft,
domestic:SAAC:1949-item-a03,accepted,L1,一手,surrogate_online,verified,yes,no,FAIL,G5_ocr_draft,
domestic:SAAC:1949-item-a04,accepted,L1,一手,surrogate_online,verified,yes,no,FAIL,G5_ocr_draft,
domestic:SAAC:1949-item-a05,accepted,L1,一手,surrogate_online,verified,yes,no,FAIL,G5_ocr_draft,
domestic:SAAC:1949-item-a06,accepted,L1,一手,surrogate_online,verified,yes,no,FAIL,G5_ocr_draft,
domestic:SAAC:1949-item-a07,accepted,L1,一手,surrogate_online,verified,yes,no,FAIL,G5_ocr_draft,
domestic:SAAC:1949-item-a08,accepted,L1,一手,surrogate_online,verified,yes,no,FAIL,G5_ocr_draft,
domestic:SAAC:1949-item-a09,accepted,L1,一手,surrogate_online,verified,yes,no,FAIL,G5_ocr_draft,
domestic:SAAC:1949-item-a10,accepted,L1,一手,surrogate_online,verified,yes,no,FAIL,G5_ocr_draft,
domestic:SAAC:1949-item-a11,accepted,L1,一手,surrogate_online,verified,yes,no,FAIL,G5_ocr_draft,
domestic:SAAC:1949-item-a12,accepted,L1,一手,surrogate_online,verified,yes,no,FAIL,G5_ocr_draft,
domestic:SAAC:1949-item-a13,accepted,L1,一手,surrogate_online,verified,yes,no,FAIL,G5_ocr_draft,
domestic:SAAC:1949-item-a14,accepted,L1,一手,surrogate_online,verified,yes,no,FAIL,G5_ocr_draft,
domestic:SAAC:1949-item-a15,accepted,L1,一手,surrogate_online,verified,yes,no,FAIL,G5_ocr_draft,
domestic:SAAC:1949-item-a16,accepted,L1,一手,surrogate_online,verified,yes,no,FAIL,G5_ocr_draft,
domestic:SAAC:1949-item-a17,accepted,L1,一手,surrogate_online,verified,yes,no,FAIL,G5_ocr_draft,
domestic:SAAC:51koukou-p01-dde04,accepted,L2,一手,full_item_online,verified,no,yes,PASS,,
domestic:SAAC:51koukou-p01-dde07,accepted,L2,一手,full_item_online,verified,no,yes,PASS,,
domestic:SAAC:51koukou-p01-dde08-i3,accepted,L2,一手,full_item_online,verified,no,yes,PASS,,
domestic:SAAC:51koukou-p01-dde13,accepted,L2,一手,full_item_online,verified,no,yes,PASS,,
domestic:SAAC:51koukou-p01-dde14,accepted,L2,一手,full_item_online,verified,no,yes,PASS,,
domestic:SAAC:51koukou-p01-dde15-i3,accepted,L2,一手,full_item_online,verified,no,yes,PASS,,
domestic:SAAC:51koukou-p01-dde20,accepted,L2,一手,full_item_online,verified,no,yes,PASS,,
domestic:SAAC:51koukou-p01-dde21,accepted,L2,一手,full_item_online,verified,no,yes,PASS,,
domestic:SAAC:51koukou-p01-dde22-i3,accepted,L2,一手,full_item_online,verified,no,yes,PASS,,
domestic:SAAC:51koukou-p02-dde01-f1,accepted,L2,一手,full_item_online,verified,no,yes,PASS,,
domestic:SAAC:51koukou-p02-dde02-f1,accepted,L2,一手,full_item_online,verified,no,yes,PASS,,
domestic:SAAC:51koukou-p02-dde03-f1,accepted,L2,一手,full_item_online,verified,no,yes,PASS,,
domestic:SAAC:51koukou-p02-dde04-f1,accepted,L2,一手,full_item_online,verified,no,yes,PASS,,
domestic:SAAC:51koukou-p02-dde05-f1,accepted,L2,一手,full_item_online,verified,no,yes,PASS,,
domestic:SAAC:51koukou-p02-dde06-f1,accepted,L2,一手,full_item_online,verified,no,yes,PASS,,
domestic:SAAC:51koukou-p02-dde07-f1,accepted,L2,一手,full_item_online,verified,no,yes,PASS,,
domestic:SAAC:51koukou-p02-dde08-f1,accepted,L2,一手,full_item_online,verified,no,yes,PASS,,
domestic:SAAC:51koukou-p03-dde01-f1,accepted,L2,一手,full_item_online,verified,no,yes,PASS,,
domestic:SAAC:51koukou-p03-dde02-f1,accepted,L2,一手,full_item_online,verified,no,yes,PASS,,
domestic:SAAC:51koukou-p03-dde03-f1,accepted,L2,一手,full_item_online,verified,no,yes,PASS,,
domestic:SAAC:51koukou-p03-dde04-f1,accepted,L2,一手,full_item_online,verified,no,yes,PASS,,
domestic:SAAC:51koukou-p03-dde05-f1,accepted,L2,一手,full_item_online,verified,no,yes,PASS,,
domestic:SAAC:51koukou-p04-dde01-i3,accepted,L2,一手,full_item_online,verified,no,yes,PASS,,
domestic:SAAC:51koukou-p04-dde02-i3,accepted,L2,一手,full_item_online,verified,no,yes,PASS,,
domestic:SAAC:51koukou-p04-dde03-i3,accepted,L2,一手,full_item_online,verified,no,yes,PASS,,
domestic:SAAC:51koukou-p04-dde04,accepted,L2,一手,full_item_online,verified,no,yes,PASS,,
domestic:SAAC:51koukou-p04-dde05,accepted,L2,一手,full_item_online,verified,no,yes,PASS,,
domestic:SAAC:51koukou-p04-dde06-i3,accepted,L2,一手,full_item_online,verified,no,yes,PASS,,
domestic:SAAC:51koukou-p04-dde07,accepted,L2,一手,full_item_online,verified,no,yes,PASS,,
domestic:SAAC:51koukou-p04-dde08-i3,accepted,L2,一手,full_item_online,verified,no,yes,PASS,,
domestic:SAAC:51koukou-p04-dde12,accepted,L2,一手,full_item_online,verified,no,yes,PASS,,
domestic:SAAC:51koukou-p05-dde01-i3,accepted,L2,一手,full_item_online,verified,no,yes,PASS,,
domestic:SAAC:51koukou-p05-dde02,accepted,L2,一手,full_item_online,verified,no,yes,PASS,,
domestic:SAAC:51koukou-p05-dde03-i3,accepted,L2,一手,full_item_online,verified,no,yes,PASS,,
domestic:SAAC:51koukou-p05-dde04-i3,accepted,L2,一手,full_item_online,verified,no,yes,PASS,,
domestic:SAAC:51koukou-p05-dde05-i3,accepted,L2,一手,full_item_online,verified,no,yes,PASS,,
domestic:SAAC:51koukou-p05-dde06-i3,accepted,L2,一手,full_item_online,verified,no,yes,PASS,,
domestic:SAAC:51koukou-p05-dde07-i3,accepted,L2,一手,full_item_online,verified,no,yes,PASS,,
domestic:SAAC:51koukou-p05-dde08-i3,accepted,L2,一手,full_item_online,verified,no,yes,PASS,,
domestic:SAAC:51koukou-p05-dde09-i3,accepted,L2,一手,full_item_online,verified,no,yes,PASS,,
domestic:SAAC:51koukou-p05-dde10,accepted,L2,一手,full_item_online,verified,no,yes,PASS,,
domestic:SAAC:51koukou-p05-dde11,accepted,L2,一手,full_item_online,verified,no,yes,PASS,,
domestic:SAAC:51koukou-p05-dde12-i3,accepted,L2,一手,full_item_online,verified,no,yes,PASS,,
domestic:SAAC:51koukou-p05-dde13-i3,accepted,L2,一手,full_item_online,verified,no,yes,PASS,,
domestic:SAAC:51koukou-p05-dde14-i3,accepted,L2,一手,full_item_online,verified,no,yes,PASS,,
domestic:SAAC:51koukou-p05-dde15,accepted,L2,一手,full_item_online,verified,no,yes,PASS,,
domestic:SAAC:51koukou-p05-dde16,accepted,L2,一手,full_item_online,verified,no,yes,PASS,,
domestic:SAAC:51koukou-p06-dde01-f1,accepted,L2,一手,full_item_online,verified,no,yes,PASS,,
domestic:SAAC:51koukou-p06-dde02-f1,accepted,L2,一手,full_item_online,verified,no,yes,PASS,,
domestic:SAAC:51koukou-p06-dde03-f1,accepted,L2,一手,full_item_online,verified,no,yes,PASS,,
domestic:SAAC:51koukou-p06-dde04-f1,accepted,L2,一手,full_item_online,verified,no,yes,PASS,,
domestic:SAAC:51koukou-p06-dde05-f1,accepted,L2,一手,full_item_online,verified,no,yes,PASS,,
domestic:SAAC:51koukou-p06-dde06-f1,accepted,L2,一手,full_item_online,verified,no,yes,PASS,,
domestic:SAAC:51koukou-p06-dde07-f1,accepted,L2,一手,full_item_online,verified,no,yes,PASS,,
domestic:SAAC:51koukou-p06-dde08-f1,accepted,L2,一手,full_item_online,verified,no,yes,PASS,,
domestic:SAAC:51koukou-p06-dde09-f1,accepted,L2,一手,full_item_online,verified,no,yes,PASS,,
domestic:SAAC:51koukou-p06-dde10-f1,accepted,L2,一手,full_item_online,verified,no,yes,PASS,,
domestic:SAAC:51koukou-p06-dde11-f1,accepted,L2,一手,full_item_online,verified,no,yes,PASS,,
domestic:SAAC:51koukou-p06-dde12-f1,accepted,L2,一手,full_item_online,verified,no,yes,PASS,,
domestic:SAAC:album-51koukou-kaoguodadian,accepted,L2,汇编,full_item_online,verified,no,yes,PASS,,
domestic:SAAC:catalog-01-01_03,accepted,L1,汇编,surrogate_online,verified,yes,no,FAIL,G5_ocr_draft;G6_uncertain:需人工,
domestic:SAAC:catalog-01-01_05,accepted,L1,汇编,surrogate_online,verified,yes,no,FAIL,G5_ocr_draft;G6_uncertain:需人工,
domestic:SAAC:catalog-01-01_09,accepted,L1,汇编,surrogate_online,verified,yes,no,FAIL,G5_ocr_draft;G6_uncertain:需人工,
domestic:SAAC:catalog-01-01_10,accepted,L1,汇编,surrogate_online,verified,yes,no,FAIL,G5_ocr_draft;G6_uncertain:需人工,
domestic:SAAC:catalog-01-01_11,accepted,L1,汇编,surrogate_online,verified,yes,no,FAIL,G5_ocr_draft;G6_uncertain:需人工,
domestic:SAAC:catalog-01-01_13,accepted,L1,汇编,surrogate_online,verified,yes,no,FAIL,G5_ocr_draft;G6_uncertain:需人工,
domestic:SAAC:catalog-01-01_17,accepted,L1,汇编,surrogate_online,verified,yes,no,FAIL,G5_ocr_draft;G6_uncertain:需人工,
domestic:SAAC:catalog-01-01_18,accepted,L1,汇编,surrogate_online,verified,yes,no,FAIL,G5_ocr_draft;G6_uncertain:需人工,
domestic:SAAC:catalog-01-01_19,accepted,L1,汇编,surrogate_online,verified,yes,no,FAIL,G5_ocr_draft;G6_uncertain:需人工,
domestic:SAAC:catalog-01-01_20,accepted,L1,汇编,surrogate_online,verified,yes,no,FAIL,G5_ocr_draft;G6_uncertain:需人工,
domestic:SAAC:catalog-01-01_21,accepted,L1,汇编,surrogate_online,verified,yes,no,FAIL,G5_ocr_draft;G6_uncertain:需人工,
domestic:SAAC:catalog-01-01_22,accepted,L1,汇编,surrogate_online,verified,yes,no,FAIL,G5_ocr_draft;G6_uncertain:需人工,
domestic:SAAC:catalog-02-02_01,accepted,L1,汇编,surrogate_online,verified,yes,no,FAIL,G5_ocr_draft;G6_uncertain:需人工,
domestic:SAAC:catalog-02-02_02,accepted,L1,汇编,surrogate_online,verified,yes,no,FAIL,G5_ocr_draft;G6_uncertain:需人工,
domestic:SAAC:catalog-02-02_03,accepted,L1,汇编,surrogate_online,verified,yes,no,FAIL,G5_ocr_draft;G6_uncertain:需人工,
domestic:SAAC:catalog-02-02_04,accepted,L1,汇编,surrogate_online,verified,yes,no,FAIL,G5_ocr_draft;G6_uncertain:需人工,
domestic:SAAC:catalog-02-02_05,accepted,L1,汇编,surrogate_online,verified,yes,no,FAIL,G5_ocr_draft,
domestic:SAAC:catalog-02-02_06,accepted,L1,汇编,surrogate_online,verified,yes,no,FAIL,G5_ocr_draft;G6_uncertain:需人工,
domestic:SAAC:catalog-02-02_07,accepted,L1,汇编,surrogate_online,verified,yes,no,FAIL,G5_ocr_draft;G6_uncertain:需人工,
domestic:SAAC:catalog-02-02_08,accepted,L1,汇编,surrogate_online,verified,yes,no,FAIL,G5_ocr_draft;G6_uncertain:需人工,
domestic:SAAC:catalog-02-02_09,accepted,L1,汇编,surrogate_online,verified,yes,no,FAIL,G5_ocr_draft;G6_uncertain:需人工,
domestic:SAAC:catalog-02-02_10,accepted,L1,汇编,surrogate_online,verified,yes,no,FAIL,G5_ocr_draft;G6_uncertain:需人工,
domestic:SAAC:catalog-02-02_11,accepted,L1,汇编,surrogate_online,verified,yes,no,FAIL,G5_ocr_draft;G6_uncertain:需人工,
domestic:SAAC:catalog-02-02_12,accepted,L1,汇编,surrogate_online,verified,yes,no,FAIL,G5_ocr_draft;G6_uncertain:需人工,
domestic:SAAC:catalog-02-02_13,accepted,L1,汇编,surrogate_online,verified,yes,no,FAIL,G5_ocr_draft;G6_uncertain:需人工,
domestic:SAAC:catalog-02-02_14,accepted,L1,汇编,surrogate_online,verified,yes,no,FAIL,G5_ocr_draft;G6_uncertain:需人工,
domestic:SAAC:catalog-02-02_15,accepted,L1,汇编,surrogate_online,verified,yes,no,FAIL,G5_ocr_draft;G6_uncertain:需人工,
domestic:SAAC:catalog-02-02_16,accepted,L1,汇编,surrogate_online,verified,yes,no,FAIL,G5_ocr_draft;G6_uncertain:需人工,
domestic:SAAC:catalog-02-02_17,accepted,L1,汇编,surrogate_online,verified,yes,no,FAIL,G5_ocr_draft;G6_uncertain:需人工,
domestic:SAAC:catalog-03-03_01_01,accepted,L1,汇编,surrogate_online,verified,yes,no,FAIL,G5_ocr_draft;G6_uncertain:需人工,
domestic:SAAC:catalog-03-03_01_02,accepted,L1,汇编,surrogate_online,verified,yes,no,FAIL,G5_ocr_draft;G6_uncertain:需人工,
domestic:SAAC:catalog-03-03_02_01,accepted,L1,汇编,surrogate_online,verified,yes,no,FAIL,G5_ocr_draft;G6_uncertain:需人工,
domestic:SAAC:catalog-03-03_02_02,accepted,L1,汇编,surrogate_online,verified,yes,no,FAIL,G5_ocr_draft;G6_uncertain:需人工,
domestic:SAAC:catalog-03-03_02_03,accepted,L1,汇编,surrogate_online,verified,yes,no,FAIL,G5_ocr_draft;G6_uncertain:需人工,
domestic:SAAC:catalog-03-03_02_04,accepted,L1,汇编,surrogate_online,verified,yes,no,FAIL,G5_ocr_draft;G6_uncertain:需人工,
domestic:SAAC:catalog-03-03_03_01,accepted,L1,汇编,surrogate_online,verified,yes,no,FAIL,G5_ocr_draft;G6_uncertain:需人工,
domestic:SAAC:catalog-03-03_03_02,accepted,L1,汇编,surrogate_online,verified,yes,no,FAIL,G5_ocr_draft;G6_uncertain:需人工,
domestic:SAAC:catalog-03-03_03_03,accepted,L1,汇编,surrogate_online,verified,yes,no,FAIL,G5_ocr_draft;G6_uncertain:需人工,
domestic:SAAC:catalog-03-03_03_04,accepted,L1,汇编,surrogate_online,verified,yes,no,FAIL,G5_ocr_draft;G6_uncertain:需人工,
domestic:SAAC:catalog-03-03_03_05,accepted,L1,汇编,surrogate_online,verified,yes,no,FAIL,G5_ocr_draft;G6_uncertain:需人工,
domestic:SAAC:catalog-03-03_04_01,accepted,L1,汇编,surrogate_online,verified,yes,no,FAIL,G5_ocr_draft;G6_uncertain:需人工,
domestic:SAAC:catalog-03-03_04_02,accepted,L1,汇编,surrogate_online,verified,yes,no,FAIL,G5_ocr_draft;G6_uncertain:需人工,
domestic:SAAC:catalog-03-03_04_03,accepted,L1,汇编,surrogate_online,verified,yes,no,FAIL,G5_ocr_draft;G6_uncertain:需人工,
domestic:SAAC:catalog-03-03_04_04,accepted,L1,汇编,surrogate_online,verified,yes,no,FAIL,G5_ocr_draft;G6_uncertain:需人工,
domestic:SAAC:catalog-03-03_04_05,accepted,L1,汇编,surrogate_online,verified,yes,no,FAIL,G5_ocr_draft;G6_uncertain:需人工,
domestic:SAAC:catalog-03-03_05_01,accepted,L1,汇编,surrogate_online,verified,yes,no,FAIL,G5_ocr_draft;G6_uncertain:需人工,
domestic:SAAC:catalog-03-03_05_02,accepted,L1,汇编,surrogate_online,verified,yes,no,FAIL,G5_ocr_draft;G6_uncertain:需人工,
domestic:SAAC:catalog-03-03_06_01,accepted,L1,汇编,surrogate_online,verified,yes,no,FAIL,G5_ocr_draft;G6_uncertain:需人工,
domestic:SAAC:catalog-03-03_06_02,accepted,L1,汇编,surrogate_online,verified,yes,no,FAIL,G5_ocr_draft;G6_uncertain:需人工,
domestic:SAAC:catalog-03-03_06_03,accepted,L1,汇编,surrogate_online,verified,yes,no,FAIL,G5_ocr_draft;G6_uncertain:需人工,
domestic:SAAC:catalog-03-03_06_04,accepted,L1,汇编,surrogate_online,verified,yes,no,FAIL,G5_ocr_draft;G6_uncertain:需人工,
domestic:SAAC:catalog-03-03_06_05,accepted,L1,汇编,surrogate_online,verified,yes,no,FAIL,G5_ocr_draft;G6_uncertain:需人工,
domestic:SAAC:catalog-03-03_06_06,accepted,L1,汇编,surrogate_online,verified,yes,no,FAIL,G5_ocr_draft;G6_uncertain:需人工,
domestic:SAAC:catalog-03-03_06_07,accepted,L1,汇编,surrogate_online,verified,yes,no,FAIL,G5_ocr_draft;G6_uncertain:需人工,
domestic:SAAC:catalog-03-03_06_08,accepted,L1,汇编,surrogate_online,verified,yes,no,FAIL,G5_ocr_draft;G6_uncertain:需人工,
domestic:SAAC:catalog-03-03_06_09,accepted,L1,汇编,surrogate_online,verified,yes,no,FAIL,G5_ocr_draft;G6_uncertain:需人工,
domestic:SAAC:catalog-04-04_01,accepted,L1,汇编,surrogate_online,verified,yes,no,FAIL,G5_ocr_draft;G6_uncertain:需人工,
domestic:SAAC:catalog-04-04_02,accepted,L1,汇编,surrogate_online,verified,yes,no,FAIL,G5_ocr_draft;G6_uncertain:需人工,
domestic:SAAC:catalog-04-04_03,accepted,L1,汇编,surrogate_online,verified,yes,no,FAIL,G5_ocr_draft;G6_uncertain:需人工,
domestic:SAAC:catalog-04-04_04,accepted,L1,汇编,surrogate_online,verified,yes,no,FAIL,G5_ocr_draft;G6_uncertain:需人工,
domestic:SAAC:catalog-04-04_05,accepted,L1,汇编,surrogate_online,verified,yes,no,FAIL,G5_ocr_draft;G6_uncertain:需人工,
domestic:SAAC:catalog-05-05_01,accepted,L1,汇编,surrogate_online,verified,1,,FAIL,G6_uncertain:需人工,
domestic:SAAC:catalog-05-05_19,accepted,L1,汇编,surrogate_online,verified,yes,no,FAIL,G5_ocr_draft;G6_uncertain:需人工,
domestic:SAAC:catalog-05-05_21,accepted,L1,汇编,surrogate_online,verified,yes,no,FAIL,G5_ocr_draft;G6_uncertain:需人工,
domestic:SAAC:catalog-05-05_22,accepted,L1,汇编,surrogate_online,verified,yes,no,FAIL,G5_ocr_draft;G6_uncertain:需人工,
domestic:SAAC:catalog-05-05_35,accepted,L1,汇编,surrogate_online,verified,yes,no,FAIL,G5_ocr_draft;G6_uncertain:需人工,
domestic:SAAC:catalog-05-05_36,accepted,L1,汇编,surrogate_online,verified,yes,no,FAIL,G5_ocr_draft;G6_uncertain:需人工,
domestic:SAAC:catalog-05-05_37,accepted,L1,汇编,surrogate_online,verified,yes,no,FAIL,G5_ocr_draft;G6_uncertain:需人工,
domestic:SAAC:catalog-05-05_38,accepted,L1,汇编,surrogate_online,verified,yes,no,FAIL,G5_ocr_draft;G6_uncertain:需人工,
domestic:SAAC:catalog-05-05_40,accepted,L1,汇编,surrogate_online,verified,yes,no,FAIL,G5_ocr_draft;G6_uncertain:需人工,
domestic:SAAC:catalog-05-05_60,accepted,L1,汇编,surrogate_online,verified,yes,no,FAIL,G5_ocr_draft;G6_uncertain:需人工,
domestic:SAAC:catalog-05-05_74,accepted,L1,汇编,surrogate_online,verified,yes,no,FAIL,G5_ocr_draft;G6_uncertain:需人工,
domestic:SAAC:catalog-05-05_77,accepted,L1,汇编,surrogate_online,verified,yes,no,FAIL,G5_ocr_draft;G6_uncertain:需人工,
domestic:SAAC:catalog-05-05_78,accepted,L1,汇编,surrogate_online,verified,yes,no,FAIL,G5_ocr_draft;G6_uncertain:需人工,
domestic:SAAC:catalog-05-05_79,accepted,L1,汇编,surrogate_online,verified,yes,no,FAIL,G5_ocr_draft;G6_uncertain:需人工,
domestic:SAAC:catalog-05-05_81,accepted,L1,汇编,surrogate_online,verified,yes,no,FAIL,G5_ocr_draft;G6_uncertain:需人工,
domestic:SAAC:catalog-05-05_83,accepted,L1,汇编,surrogate_online,verified,yes,no,FAIL,G5_ocr_draft,
domestic:SAAC:catalog-05-05_85,accepted,L1,汇编,surrogate_online,verified,yes,no,FAIL,G5_ocr_draft;G6_uncertain:需人工,
domestic:SAAC:catalog-05-05_86,accepted,L1,汇编,surrogate_online,verified,yes,no,FAIL,G5_ocr_draft;G6_uncertain:需人工,
domestic:SAAC:catalog-05-05_87,accepted,L1,汇编,surrogate_online,verified,yes,no,FAIL,G5_ocr_draft;G6_uncertain:需人工,
domestic:SAAC:catalog-05-05_88,accepted,L1,汇编,surrogate_online,verified,yes,no,FAIL,G5_ocr_draft;G6_uncertain:需人工,
domestic:SAAC:catalog-05-05_89,accepted,L1,汇编,surrogate_online,verified,yes,no,FAIL,G5_ocr_draft;G6_uncertain:需人工,
domestic:SAAC:catalog-05-05_90,accepted,L1,汇编,surrogate_online,verified,yes,no,FAIL,G5_ocr_draft;G6_uncertain:需人工,
domestic:SAAC:catalog-06-06_01,accepted,L1,汇编,surrogate_online,verified,yes,no,FAIL,G5_ocr_draft;G6_uncertain:需人工,
domestic:SAAC:catalog-06-06_02,accepted,L1,汇编,surrogate_online,verified,yes,no,FAIL,G5_ocr_draft;G6_uncertain:需人工,
domestic:SAAC:catalog-06-06_03,accepted,L1,汇编,surrogate_online,verified,yes,no,FAIL,G5_ocr_draft;G6_uncertain:需人工,
domestic:SAAC:catalog-06-06_04,accepted,L1,汇编,surrogate_online,verified,yes,no,FAIL,G5_ocr_draft;G6_uncertain:需人工,
domestic:SAAC:catalog-06-06_05,accepted,L1,汇编,surrogate_online,verified,yes,no,FAIL,G5_ocr_draft;G6_uncertain:需人工,
domestic:SAAC:catalog-06-06_06,accepted,L1,汇编,surrogate_online,verified,yes,no,FAIL,G5_ocr_draft;G6_uncertain:需人工,
domestic:SAAC:catalog-06-06_07,accepted,L1,汇编,surrogate_online,verified,yes,no,FAIL,G5_ocr_draft;G6_uncertain:需人工,
domestic:SAAC:catalog-06-06_08,accepted,L1,汇编,surrogate_online,verified,yes,no,FAIL,G5_ocr_draft;G6_uncertain:需人工,
domestic:SAAC:catalog-06-06_09,accepted,L1,汇编,surrogate_online,verified,yes,no,FAIL,G5_ocr_draft,
domestic:SAAC:catalog-06-06_10,accepted,L1,汇编,surrogate_online,verified,yes,no,FAIL,G5_ocr_draft;G6_uncertain:需人工,
domestic:SAAC:catalog-06-06_11,accepted,L1,汇编,surrogate_online,verified,yes,no,FAIL,G5_ocr_draft;G6_uncertain:需人工,
domestic:SAAC:catalog-06-06_12,accepted,L1,汇编,surrogate_online,verified,yes,no,FAIL,G5_ocr_draft;G6_uncertain:需人工,
domestic:SC:sichuan-minmengshi-sichuan-renmin,accepted,L3,待定,catalogue_only_online,verified,yes,no,FAIL,G1_level=L3;G2_avail=catalogue_only_online;G3_class=待定;G5_ocr_draft,
domestic:SCIO:2021-12-china-political-party-system,accepted,L2,汇编,full_item_online,verified,no,yes,PASS,,
domestic:SCU:democratic-league-anti-civil-war-talk-1945-11-02,accepted,L2,汇编,surrogate_online,verified,yes,no,FAIL,G2_avail=surrogate 但证据类型非影像;G5_ocr_draft,
domestic:SCU:democratic-league-situation-talk-1946-01-02,accepted,L2,汇编,surrogate_online,verified,yes,no,FAIL,G2_avail=surrogate 但证据类型非影像;G5_ocr_draft,
domestic:SH:1946-junzi-xieding-jiuxinzheng,accepted,L2,待定,full_item_online,verified,no,yes,FAIL,G3_class=待定,
domestic:SH:2010-01-10-zhenxie-huifu,accepted,L2,待定,full_item_online,verified,no,yes,FAIL,G3_class=待定,
domestic:SHAC:6-5-1216-meng-illegal-transfer-1947,accepted,L4,待定,catalogue_only_online,verified,no,no,FAIL,G1_level=L4;G2_avail=catalogue_only_online;G3_class=待定,
domestic:SHCM:revolutionary-relics-1945-minmeng-platform,accepted,L3,二手,catalogue_only_online,verified,yes,no,FAIL,G1_level=L3;G2_avail=catalogue_only_online;G3_class=二手;G5_ocr_draft,
domestic:SHDPZ:printed-page816-su-yanbin-1943-11-join,needs_human_review,L3,一手,not_online,unpublished,0,,FAIL,G1_level=L3;G2_avail=not_online;G4_catref_status=unpublished,
domestic:SHDPZ:printed-page820-zhou-gucheng-federation-consultant-1942,needs_human_review,L3,一手,not_online,unpublished,0,,FAIL,G1_level=L3;G2_avail=not_online;G4_catref_status=unpublished,
domestic:SHDPZ:printed-page840-shang-ding-1943-10-join,needs_human_review,L3,一手,not_online,unpublished,0,,FAIL,G1_level=L3;G2_avail=not_online;G4_catref_status=unpublished,
domestic:SHDPZ:zlc-chapter5-line571-shi-liang-1942-join,needs_human_review,L3,一手,not_online,unpublished,0,,FAIL,G1_level=L3;G2_avail=not_online;G4_catref_status=unpublished,
domestic:SHDPZ:zlc-characters-line527-shang-ding-1943-join,needs_human_review,L3,一手,not_online,unpublished,0,,FAIL,G1_level=L3;G2_avail=not_online;G4_catref_status=unpublished,
domestic:SHDPZ:zlc-characters-line79-liu-simou-1942-return,needs_human_review,L3,一手,not_online,unpublished,0,,FAIL,G1_level=L3;G2_avail=not_online;G4_catref_status=unpublished,
domestic:SHPRESS:zhanglan-shidai-ribao-1947-11-07-lead,needs_human_review,L4,二手,not_online,pending,0,,FAIL,G1_level=L4;G2_avail=not_online;G3_class=二手;G4_catref_status=pending,
domestic:SN:shaanxi-minmengshi-chenxitao,accepted,L3,待定,catalogue_only_online,verified,yes,no,FAIL,G1_level=L3;G2_avail=catalogue_only_online;G3_class=待定;G5_ocr_draft,
domestic:TM:taimeng-org-cn-history-1947-hongkong,accepted,L2,汇编,full_item_online,verified,no,yes,PASS,,
domestic:TM:tmly-tmjj-jianyao-1947,accepted,L2,汇编,full_item_online,verified,no,yes,PASS,,
domestic:TM:tmly-tmzc-zhangcheng,accepted,L2,汇编,full_item_online,verified,no,yes,PASS,,
domestic:VOC:guoxun-1942-issue253-cnbksy-index,accepted,L3,二手,catalogue_only_online,verified,yes,no,FAIL,G1_level=L3;G2_avail=catalogue_only_online;G3_class=二手;G5_ocr_draft,
domestic:WH:wenhuibao-1946-pcc-five-agreements-1946-01-31,needs_human_review,L1,待定,surrogate_online,pending,0,,FAIL,G2_avail=surrogate 但证据类型非影像;G3_class=待定;G4_catref_status=pending;G6_uncertain:未直接核验,
domestic:WH:wenhuibao-1946-refuse-national-assembly-shanghai-1946-11-25,needs_human_review,L1,待定,surrogate_online,pending,0,,FAIL,G2_avail=surrogate 但证据类型非影像;G3_class=待定;G4_catref_status=pending;G6_uncertain:未直接核验,
domestic:WM:1936-shen-junru-zaiyuzhong,accepted,L2,待定,full_item_online,verified,,,FAIL,G3_class=待定,
domestic:WM:1937-07-31-qijunzi-chuyu-heying,accepted,L2,待定,full_item_online,verified,,,FAIL,G3_class=待定,
domestic:WM:1940s-luo-longji-portrait,accepted,L2,一手,full_item_online,verified,no,yes,PASS,,
domestic:WM:1940s-zhang-junmai-portrait-1,accepted,L2,一手,full_item_online,verified,no,yes,PASS,,
domestic:WM:1940s-zhang-lan-portrait-zhang-lan-tomb,accepted,L2,一手,full_item_online,verified,no,yes,PASS,,
domestic:WM:1945-liucanzhengyuan-fangwen-yanan,accepted,L2,一手,full_item_online,verified,no,yes,PASS,,
domestic:WM:1945-liucanzhengyuan-fangwen-yanan-2,accepted,L2,一手,full_item_online,verified,no,yes,PASS,,
domestic:WM:1945-maozedong-zhude-liucanzhengyuan,accepted,L2,一手,full_item_online,verified,no,yes,PASS,,
domestic:WM:1945-zhanglan-chongqing-tanpan-gongkai-xin,accepted,L2,一手,full_item_online,verified,no,yes,PASS,,
domestic:WM:1946-06-23-xiaguan-can'an-maxulun,accepted,L2,一手,full_item_online,verified,no,yes,PASS,,
domestic:WM:1946-10-18-zhouenlai-minmeng-shanghai-tanpan,accepted,L2,一手,full_item_online,verified,no,yes,PASS,,
domestic:WM:1946-dengyingchao-daoci-li-wen,accepted,L2,一手,full_item_online,verified,no,yes,PASS,,
domestic:WM:1946-li-gongpu-fangwen-balujun-zongbu,accepted,L2,待定,full_item_online,verified,,,FAIL,G3_class=待定,
domestic:WM:1946-li-gongpu-wen-yiduo-lieshi-jinian,accepted,L2,一手,catalogue_only_online,verified,no,yes,FAIL,G2_avail=catalogue_only_online,
domestic:WM:1946-li-gongpu-yiguanzhong-highres,accepted,L1,一手,full_item_online,verified,no,yes,PASS,,
domestic:WM:1946-nierongzhen-tici-li-gongpu,accepted,L2,一手,full_item_online,verified,no,yes,PASS,,
domestic:WM:1946-pengdehuai-tici-li-gongpu,accepted,L2,一手,full_item_online,verified,no,yes,PASS,,
domestic:WM:1946-qieshi-baozhang-renmin-quanli-an,accepted,L2,一手,full_item_online,verified,no,yes,PASS,,
domestic:WM:1946-ship-huazhong-minjin-dongbei-jiefangqu,accepted,L2,一手,full_item_online,verified,no,yes,PASS,,
domestic:WM:1946-taoxingzhi-zangli,accepted,L2,一手,full_item_online,verified,no,yes,PASS,,
domestic:WM:1946-wen-yiduo-yiguanzhong,accepted,L2,一手,full_item_online,verified,no,yes,PASS,,
domestic:WM:1946-zhonggong-weituo-minmeng-daiguanfangchan-xin,accepted,L2,一手,full_item_online,verified,no,yes,PASS,,
domestic:WM:1946-zhouenlai-luolongji-zhengxie,accepted,L2,一手,full_item_online,verified,no,yes,PASS,,
domestic:WM:1946-zhouenlai-shougao-daoci-li-wen,accepted,L2,一手,full_item_online,verified,no,yes,PASS,,
domestic:WM:1947-du-bincheng-lieshi-minmeng-xibei,accepted,L2,一手,catalogue_only_online,verified,no,yes,FAIL,G2_avail=catalogue_only_online,
domestic:WM:1947-zhonggong-minmeng-kangyi-zhengfu-jiesan-minmeng,accepted,L2,一手,full_item_online,verified,no,yes,PASS,,
domestic:WM:1949-cai-chang-shiliang-tiananmen,accepted,L2,一手,full_item_online,verified,no,yes,PASS,,
domestic:WM:1949-liushaoqi-huangyanpei,accepted,L2,一手,full_item_online,verified,no,yes,PASS,,
domestic:WM:1949-maozedong-zhude-daoda-beiping,accepted,L2,一手,full_item_online,verified,no,yes,PASS,,
domestic:WM:1949-minjin-daibiao-heying-yijie-zhengxie,accepted,L2,一手,full_item_online,verified,no,yes,PASS,,
domestic:WM:1949-minmeng-daibiao-zhonggong-daibiao-huitan,accepted,L2,一手,full_item_online,verified,no,yes,PASS,,
domestic:WM:1949-minmeng-leaders-see-CCP-mission-off,accepted,L2,一手,full_item_online,verified,no,yes,PASS,,
domestic:WM:1949-shiliang-tiananmen-cropped,accepted,L2,一手,full_item_online,verified,no,yes,PASS,,
domestic:WM:1949-song-ching-ling-1st-cppcc,accepted,L2,一手,full_item_online,verified,no,yes,PASS,,
domestic:WM:1949-wei-sakongliao-songxing,accepted,L2,一手,full_item_online,verified,no,yes,PASS,,
domestic:WM:1949-xianfa-caogao-zuotanhui-di8zu-heying,accepted,L2,一手,full_item_online,verified,no,yes,PASS,,
domestic:WM:1949-xinzhengxie-choubeihui-changwei-heying,accepted,L2,一手,full_item_online,verified,0,,PASS,,
domestic:WM:1949-xinzhengxie-choubeihui-changwei-maxulun-categorized,accepted,L1,一手,full_item_online,verified,no,yes,PASS,,
domestic:WM:1949-xinzhengxie-kaimushi-zhuxitai,accepted,L2,一手,full_item_online,verified,no,yes,PASS,,
domestic:WM:1949-yijie-zhengxie-nvdaibiao,accepted,L2,一手,full_item_online,verified,no,yes,PASS,,
domestic:WM:1949-zhang-lan-mao-zedong-heying,accepted,L2,一手,full_item_online,verified,no,yes,PASS,,
domestic:WM:1949-zhanglan-zhouenlai-zhongyang-zhengfu-heying,accepted,L2,一手,catalogue_only_online,verified,no,yes,FAIL,G2_avail=catalogue_only_online,
domestic:WM:1949-zhongyang-renmin-zhengfu-zhuxi-fuzhuxi,accepted,L2,一手,full_item_online,verified,no,yes,PASS,,
domestic:WM:1949-zhongyang-zhengfu-shouge-fuxinjiang-weiwentuan,accepted,L2,一手,full_item_online,verified,no,yes,PASS,,
domestic:WM:1949-zhouenlai-maxulun-masicong,accepted,L2,一手,full_item_online,verified,no,yes,PASS,,
domestic:WM:1949-zhouenlai-minmeng-daibiao-xinzhengxie,accepted,L2,一手,full_item_online,verified,no,yes,PASS,,
domestic:WM:people-of-china-democratic-league-anchor,accepted,L3,一手,catalogue_only_online,verified,no,no,FAIL,G1_level=L3;G2_avail=catalogue_only_online,
domestic:WM:qijunzi-heying-shen-junru-categorized,accepted,L2,待定,full_item_online,verified,,,FAIL,G3_class=待定,
domestic:WM:shiliang-portrait-1,accepted,L2,待定,full_item_online,verified,,,FAIL,G3_class=待定,
domestic:WM:taoxingzhi-heweigui-hengfu,accepted,L2,一手,full_item_online,verified,no,yes,PASS,,
domestic:WM:wen-yiduo-portrait,accepted,L2,一手,full_item_online,verified,no,yes,PASS,,
domestic:WM:wen-yiduo-xi-nan-lian-da-yin-zhang,accepted,L2,一手,full_item_online,verified,no,yes,PASS,,
domestic:WM:xinan-lianda-jiuzhi-1946-meng,accepted,L3,一手,full_item_online,verified,no,no,FAIL,G1_level=L3,
domestic:WM:zhang-bojun-portrait,accepted,L2,待定,full_item_online,verified,,,FAIL,G3_class=待定,
domestic:WM:zhang-lan-tomb,accepted,L3,一手,full_item_online,verified,no,no,FAIL,G1_level=L3,
domestic:WP:1949-1988-minmeng-wenwu-1991,accepted,L2,汇编,catalogue_only_online,verified,yes,no,FAIL,G2_avail=catalogue_only_online;G5_ocr_draft,
domestic:WS:dagongbao-1946-pcc-five-agreements-1946-01-31,needs_human_review,L1,二手,surrogate_online,pending,0,,FAIL,G2_avail=surrogate 但证据类型非影像;G3_class=二手;G4_catref_status=pending;G6_uncertain:未直接核验,
domestic:WS:dagongbao-1946-refuse-national-assembly-minmeng-1946-11-14,needs_human_review,L1,二手,surrogate_online,pending,0,,FAIL,G2_avail=surrogate 但证据类型非影像;G3_class=二手;G4_catref_status=pending;G6_uncertain:未直接核验,
domestic:WS:democratic-league-declaration-1941,accepted,LX,二手,full_item_online,verified,no,no,FAIL,G1_level=LX;G3_class=二手;G6_uncertain:未核验,
domestic:WS:democratic-movement-editorial-1941,accepted,L3,二手,full_item_online,verified,no,no,FAIL,"G1_level=L3;G3_class=二手;G6_uncertain:未核验,尚未核验",
domestic:WS:pcc-government-reorganization-1946,accepted,LX,二手,full_item_online,verified,no,no,FAIL,G1_level=LX;G3_class=二手;G6_uncertain:需人工,
domestic:WS:pcc-national-assembly-resolution-1946,accepted,LX,二手,full_item_online,verified,no,no,FAIL,G1_level=LX;G3_class=二手,
domestic:WS:peace-building-program-1946,accepted,LX,二手,full_item_online,verified,no,no,FAIL,G1_level=LX;G3_class=二手;G6_uncertain:未核验,
domestic:WS:wen-yiduo-last-testament-1946,accepted,L3,二手,full_item_online,pending,no,no,FAIL,G1_level=L3;G3_class=二手;G4_catref_status=pending,
domestic:XHB:reprint-1938-1947-1987-shanghai-bookstore,accepted,L3,一手,catalogue_only_online,verified,yes,no,FAIL,G1_level=L3;G2_avail=catalogue_only_online;G5_ocr_draft,
domestic:XHB:xinhuaribao-1946-li-wen-mao-zhu-condolence-1946-07-21,needs_human_review,L1,一手,surrogate_online,pending,0,,FAIL,G2_avail=surrogate 但证据类型非影像;G4_catref_status=pending;G6_uncertain:未直接核验,
domestic:XHB:xinhuaribao-1946-pcc-five-agreements-1946-01-31,needs_human_review,L1,一手,surrogate_online,pending,0,,FAIL,G2_avail=surrogate 但证据类型非影像;G4_catref_status=pending;G6_uncertain:未直接核验,
domestic:XHB:xinhuaribao-1946-refuse-national-assembly-editorial-1946-11-25,needs_human_review,L1,一手,surrogate_online,pending,0,,FAIL,G2_avail=surrogate 但证据类型非影像;G4_catref_status=pending;G6_uncertain:未直接核验,
domestic:XINHUA:2017-12-11-cdl-12th-congress-english,accepted,L2,汇编,full_item_online,verified,no,yes,PASS,,
domestic:YADS:yanan-record-1945-07-04,accepted,L3,汇编,full_item_online,verified,no,no,FAIL,G1_level=L3;G6_uncertain:需人工,
domestic:YN:yunan-minmengshi-2021-chenguang,accepted,L3,待定,catalogue_only_online,verified,yes,no,FAIL,G1_level=L3;G2_avail=catalogue_only_online;G3_class=待定;G5_ocr_draft,
domestic:ZG:website-anchor,accepted,L2,待定,full_item_online,verified,no,yes,FAIL,G3_class=待定,
domestic:ZG:zg-org-cn-history-1925-america,accepted,L2,待定,full_item_online,verified,no,yes,FAIL,G3_class=待定,
domestic:ZJ:zhejiang-sheng-minzhudangpai-zhi-2002,accepted,L2,待定,catalogue_only_online,verified,yes,no,FAIL,G2_avail=catalogue_only_online;G3_class=待定;G5_ocr_draft,
domestic:ZJMG:lead-中国国民党革命委员会60年-一-,accepted,L4,待定,full_item_online,verified,no,no,FAIL,G1_level=L4;G3_class=待定,
domestic:ZJMM:yann-an-meeting-minmeng-1945-07-01,accepted,L4,二手,full_item_online,verified,no,no,FAIL,G1_level=L4;G3_class=二手,
domestic:ZL1872:chang-lan-dissolution-statement-1947,accepted,L4,二手,full_item_online,verified,no,no,FAIL,G1_level=L4;G3_class=二手,
domestic:ZL1872:chang-lan-pcc-opening-transcript-1946,accepted,L4,二手,full_item_online,verified,no,no,FAIL,G1_level=L4;G3_class=二手,
domestic:ZLWEB:1943-09-17-jiang-zhang-chongqing-exchange,accepted,L4,二手,surrogate_online,verified,no,no,FAIL,G1_level=L4;G2_avail=surrogate 但证据类型非影像;G3_class=二手,
domestic:ZLWEB:1943-09-18-zhang-lan-china-needs-real-democracy,accepted,L4,二手,surrogate_online,verified,no,no,FAIL,G1_level=L4;G2_avail=surrogate 但证据类型非影像;G3_class=二手,
domestic:ZSY:website-anchor-1941-1949,accepted,L2,汇编,full_item_online,verified,no,yes,PASS,,
