person,organization,cooccurrence_events
蒋介石,中国共产党,754
周恩来,中国共产党,646
马歇尔,中国共产党,641
蒋介石,中国民主同盟,562
蒋介石,国民党,543
马歇尔,中国民主同盟,475
司徒雷登,中国共产党,471
周恩来,国民党,441
罗隆基,中国共产党,429
周恩来,中国民主同盟,421
司徒雷登,中国民主同盟,415
马歇尔,国民党,413
罗隆基,中国民主同盟,378
罗隆基,国民党,326
周恩来,政治协商会议,309
蒋介石,政治协商会议,309
司徒雷登,国民党,305
马歇尔,政治协商会议,291
马歇尔,国民大会,276
蒋介石,国民大会,265
司徒雷登,美国国务院,263
蒋介石,美国国务院,262
蒋介石,国民政府,254
马歇尔,国民政府,232
司徒雷登,政治协商会议,230
罗隆基,政治协商会议,218
罗隆基,美国国务院,213
司徒雷登,国民大会,207
张澜,中国民主同盟,198
张君劢,中国共产党,191
周恩来,美国国务院,187
周恩来,国民大会,179
张澜,中国共产党,173
马歇尔,美国国务院,163
蒋介石,青年党,163
张君劢,国民党,162
周恩来,国民政府,160
张澜,国民党,155
张君劢,中国民主同盟,155
蒋介石,行政院,153
司徒雷登,行政院,147
马歇尔,青年党,146
司徒雷登,国民政府,144
马歇尔,行政院,135
黄炎培,中国共产党,132
黄炎培,中国民主同盟,131
张澜,政治协商会议,126
黄炎培,国民党,119
张澜,美国国务院,119
周恩来,青年党,118
罗隆基,国民大会,117
章伯钧,中国共产党,115
张君劢,国民大会,110
周恩来,行政院,106
章伯钧,中国民主同盟,106
罗隆基,行政院,104
张东荪,中国民主同盟,104
沈钧儒,中国共产党,103
司徒雷登,青年党,103
张君劢,青年党,102
张东荪,中国共产党,102
章伯钧,国民党,101
沈钧儒,中国民主同盟,100
黄炎培,政治协商会议,98
张东荪,国民党,96
罗隆基,国民政府,92
沈钧儒,政治协商会议,91
章伯钧,政治协商会议,91
张君劢,政治协商会议,89
沈钧儒,国民党,86
黄炎培,美国国务院,84
张东荪,政治协商会议,83
张君劢,美国国务院,79
蒋介石,美国驻华使馆,72
周恩来,美国驻北平总领事馆,67
章伯钧,美国国务院,66
马歇尔,美国驻华使馆,64
沈钧儒,美国国务院,63
罗隆基,青年党,63
张东荪,美国国务院,62
张君劢,行政院,61
张君劢,国民政府,59
罗隆基,美国驻华使馆,55
张君劢,民主社会党,55
罗隆基,美国驻北平总领事馆,53
张东荪,美国驻北平总领事馆,52
司徒雷登,美国驻华使馆,51
史良,中国民主同盟,49
梁漱溟,中国共产党,47
蒋介石,民主社会党,46
周恩来,美国驻华使馆,43
史良,国民党,42
张澜,美国驻北平总领事馆,42
史良,中国共产党,38
沈钧儒,美国驻北平总领事馆,37
黄炎培,美国驻北平总领事馆,37
梁漱溟,中国民主同盟,36
史良,政治协商会议,36
张澜,国民大会,33
张澜,青年党,33
梁漱溟,国民党,32
蒋介石,美国驻上海总领事馆,30
罗隆基,民主社会党,29
司徒雷登,民主社会党,29
章伯钧,美国驻北平总领事馆,28
蒋介石,美国驻北平总领事馆,28
梁漱溟,政治协商会议,25
马歇尔,民主社会党,25
梁漱溟,美国国务院,24
罗隆基,美国驻上海总领事馆,24
司徒雷登,美国驻北平总领事馆,23
张澜,美国驻上海总领事馆,22
梁漱溟,青年党,21
黄炎培,青年党,21
黄炎培,国民大会,21
章伯钧,行政院,21
张东荪,青年党,19
梁漱溟,国民大会,19
沈钧儒,行政院,18
周恩来,民主社会党,17
张君劢,美国驻华使馆,16
黄炎培,美国驻上海总领事馆,16
黄炎培,行政院,16
张澜,美国驻华使馆,15
沈钧儒,青年党,15
章伯钧,青年党,15
周恩来,美国驻上海总领事馆,15
张澜,国民政府,14
章伯钧,美国驻华使馆,14
张澜,民主社会党,13
梁漱溟,行政院,13
黄炎培,美国驻华使馆,13
沈钧儒,美国驻华使馆,11
张君劢,美国驻上海总领事馆,11
史良,美国国务院,11
马歇尔,美国驻北平总领事馆,11
梁漱溟,美国驻华使馆,10
章伯钧,国民大会,10
马歇尔,美国驻上海总领事馆,9
蒋介石,美国驻昆明领事馆,7
史良,美国驻华使馆,7
史良,行政院,7
张澜,行政院,7
张东荪,民主社会党,7
马歇尔,美国驻昆明领事馆,6
司徒雷登,美国驻昆明领事馆,6
梁漱溟,民主社会党,6
黄炎培,民主社会党,6
史良,美国驻北平总领事馆,6
张东荪,国民大会,5
司徒雷登,美国驻上海总领事馆,5
张东荪,国民政府,5
章伯钧,美国驻上海总领事馆,5
周恩来,美国驻昆明领事馆,4
沈钧儒,国民政府,3
沈钧儒,国民大会,3
梁漱溟,国民政府,3
张东荪,美国驻华使馆,3
张东荪,美国驻上海总领事馆,3
黄炎培,国民政府,3
章伯钧,国民政府,3
