id,source_id,source_name,institution,source_type,authority_level,official_url,record_or_search_url,material_types,shanghai_relevance,access_mode,rights_status,verification_note,checked_at,status
1,domestic:source:modernhistory,抗日战争与近代中日关系文献数据平台,中国历史研究院近代史研究所等,官方文献数据库,一手原件数字化入口,https://www.modernhistory.org.cn/,,"[""图书"", ""报纸"", ""档案"", ""期刊"", ""图片""]",高,在线检索；部分全文,以平台和具体记录为准,官方首页可见图书、报纸、档案、期刊等检索分类；具体记录需逐条核验,2026-07-18,verified_entry
2,domestic:source:nlc_republican,国家图书馆民国时期文献保护计划资源库,国家图书馆,官方文献数据库,一手原件数字化入口,https://mgwxbh.nlc.cn/zyk/,,"[""民国图书"", ""民国期刊"", ""民国报纸"", ""革命文献""]",高,在线目录与部分阅览,以国图版权声明和具体资源条款为准,官方资源页明确列出民国图书、期刊、报纸资源库,2026-07-18,verified_entry
3,domestic:source:nlc_local,民国时期地方文献知识库,国家图书馆,地方文献数据库,数字化文献入口,https://mg.nlc.cn/,,"[""地方志"", ""地方文献"", ""人物"", ""机构"", ""事件""]",中高,在线图文阅览,以页面版权声明为准,官方页面说明支持图文对照、知识关联和文献溯源,2026-07-18,verified_entry
4,domestic:source:cnbksy,全国报刊索引,上海图书馆,报刊索引与全文数据库,一手报刊定位入口,https://www.cnbksy.com/,https://www.cnbksy.com/portal/pushManager/pushItem?id=322&isActivity=true&source=index,"[""近代报刊索引"", ""民国期刊"", ""近代报纸""]",极高,在线检索；全文依订阅或馆内权限,索引与全文使用权分开核实,官方页面确认由上海图书馆主管主办；具体条目需登录或馆内检索。2026-07-19公开检索进一步确认其民国时期期刊全文数据库覆盖1911—1949年两万五千余种期刊，但未在无需登录的公开页面取得《光明報》1941-10-10或1941-10-16原刊影像；保留为可执行的一手报刊定位入口。,2026-07-19,verified_entry
5,domestic:source:shanghai_archives,跟着档案观上海数字人文平台,上海市档案馆,官方档案数字平台,一手档案入口,https://dh.archives.sh.cn/,,"[""上海地方档案"", ""社会团体档案"", ""数字档案文献"", ""照片""]",极高,在线浏览部分数字档案；具体档案依开放状态,以档案馆开放和版权规则为准,官方平台说明馆藏含1945—1949年上海党政军警机关及社会团体档案,2026-07-18,verified_entry
6,domestic:source:shac,中国第二历史档案馆,中国第二历史档案馆,民国档案馆,一手档案入口,https://www.shac.net.cn/,https://www.shac.net.cn/mgcq/,"[""民国中央政府档案"", ""党派档案"", ""社会团体档案"", ""编研成果""]",高,目录、预约查档、现场利用,以开放办法和利用者须知为准,官网可核验预约查档、开放办法和民国档案栏目；具体档号不在本次入库中推断,2026-07-18,verified_entry
7,domestic:source:minmengsh,中国民主同盟上海市委员会,民盟上海市委,官方地方组织网站,官方历史叙述与盟史线索,https://www.minmengsh.gov.cn/,https://mng.minmengsh.gov.cn/detailpage/mmgk-3da6fe99-f684-11ec-95d4-94c691be0bb6.html,"[""组织沿革"", ""盟史专区"", ""人物资料"", ""数字报""]",极高,在线公开浏览,以站点版权声明和具体页面条款为准,官方历史沿革页可核验1945年筹备、1946年成立、1947年被宣布非法等叙述；页面本身不是原始档案,2026-07-18,verified_entry
8,domestic:source:cppcc,全国政协文史资料入口,中国人民政治协商会议全国委员会,官方文史资料入口,亲历回忆与官方整理,http://www.cppcc.gov.cn/,,"[""文史资料"", ""亲历亲见亲闻回忆"", ""政协史料""]",高,官网栏目与出版物并行,以网页和出版物版权规则为准,具体上海民盟条目尚需站内检索或纸本核对；文史资料不等同于原始档案,2026-07-18,verified_entry
9,domestic:source:ncpssd,国家哲学社会科学文献中心,中国社会科学院,官方学术文献平台,二次研究入口,https://www.ncpssd.cn/,https://www.nssd.cn/,"[""社科期刊"", ""学术论文"", ""研究文献""]",中,注册后在线；全文依授权,按平台和期刊授权,nssd.cn 官方通知说明服务并入 ncpssd.cn；只用于研究谱系和反查档案线索,2026-07-18,verified_entry
10,domestic:source:jiangsu_archives,江苏档案信息网 / 苏州市档案馆珍档赏析,苏州市档案馆,官方档案数字展示页,一手档案数字影像入口,https://www.dajs.gov.cn/,https://www.dajs.gov.cn/art/2026/2/19/art_123_45642.html,"[""民盟地方报刊"", ""解放战争时期地方史料"", ""档案影像""]",中；用于全国民盟地方组织对位研究,在线浏览具体展示页；原件利用依馆方规则,以档案馆开放和版权规则为准,官方珍档赏析页明确标注保管单位为苏州市档案馆，并展示1949年民盟苏州支部印刷的《光明报》解放号外；页面未公开档号,2026-07-18,verified_entry
11,domestic:source:saac_special,国家档案局／中央档案馆“从五一口号到开国大典”档案文献专题,国家档案局、中央档案馆,官方档案数字专题,中央档案馆馆藏档案数字影像入口,https://www.saac.gov.cn/daj/gqzt/index.html,https://www.saac.gov.cn/daj/gqzt/01.html,"[""电报"", ""信件"", ""会议记录"", ""讲话稿"", ""名单"", ""会议刊物"", ""照片""]",高；专题中多条记录涉及港沪民主人士、新政协和民盟代表,在线浏览公开数字影像替身；完整馆藏档号依馆方查档,以国家档案局和中央档案馆页面规则为准,官方专题索引按事件、题名和形成日期列出多组1948—1949年档案文献，并提供具体条目页和图片入口；公开页通常未展示全宗/案卷号,2026-07-18,verified_entry
12,domestic:source:mmzy_history,中国民主同盟中央委员会盟史网页,中国民主同盟中央委员会,官方盟史专题,官方历史叙述与文件线索,https://www.mmzy.org.cn/,https://www.mmzy.org.cn/mmzt/sydzt/lcdbdh/34517.aspx,"[""第一次全国代表大会史料线索"", ""盟史专题"", ""组织沿革""]",高；补充民盟中央组织史和上海地方史的全国背景,在线公开浏览,以民盟中央网站版权规则为准,官方页面明确记载1945年临时全国代表大会、通过文件和组织人事；页面属于后期叙述，不直接等同于原件,2026-07-18,verified_entry
13,domestic:source:wikisource_transcripts,维基文库民国文献公开转录,维基文库社区,公开历史文献转录入口,文本线索；非档案保管机构,https://zh.wikisource.org/,https://zh.wikisource.org/zh-hans/中国民主政团同盟成立宣言,"[""历史宣言转录"", ""政协决议转录"", ""民国公文转录""]",中高；用于跨来源文本比对和原件追索,在线公开浏览,以页面版本、底本和版权说明为准,公开页面标注文献形成机关/日期并提供全文转录，但多数不是原件影像，必须回追馆藏或同期报刊,2026-07-18,verified_entry
14,domestic:source:hnmm_history,民盟湖南省委盟史资料页,中国民主同盟湖南省委员会,官方地方组织历史资料页,官方历史文本转载与线索,https://www.hnmm.gov.cn/,https://www.hnmm.gov.cn/content/644247/54/12382002.html,"[""民盟宣言文本转载"", ""盟史资料"", ""地方组织史""]",中；用于全国地方组织对位和原文追索,在线公开浏览,以民盟湖南省委网站规则为准,页面完整转载1948年6月14日《致全国各民主党派各人民团体各报馆暨全国同胞书》，但未提供原刊影像或档号,2026-07-18,verified_entry
15,domestic:source:fjmm,民盟福建省委盟史资料页,中国民主同盟福建省委员会,官方地方组织历史资料页,官方历史叙述与同期文献线索,https://www.fjmm.gov.cn/,https://www.fjmm.gov.cn/zsjs/sxjs/msyj/mstd/202203/t20220308_5880339.htm,"[""盟史综述"", ""人物与事件线索"", ""地方组织史""]",中；用于全国组织史对位和原始报刊追踪,在线公开浏览,以网站版权规则和具体页面条款为准,官方页面列出1941—1947年民盟组织史节点，作为原始材料追踪线索，不等同于原件,2026-07-18,verified_entry
16,domestic:source:93js,九三学社中央历史大事记,九三学社中央委员会,民主党派官方历史资料页,官方历史叙述与同期文献线索,https://www.93.gov.cn/,https://www.93.gov.cn/lshm-dsj/250156.html,"[""历史大事记"", ""民主党派声明线索"", ""人物资料""]",中高；用于1947年声援民盟材料的跨党派反查,在线公开浏览,以网站版权规则为准,官方大事记明确给出1947年11月4日声援民盟声明线索，需回追同期报刊,2026-07-18,verified_entry
17,domestic:source:gxmm,民盟广西区委盟史资料页,中国民主同盟广西壮族自治区委员会,官方地方组织历史资料页,后期整理与同期报刊线索,https://www.gxmm.gov.cn/,https://www.gxmm.gov.cn/index/index/artical/id/7063,"[""报刊反应整理"", ""1947年民盟解散线索""]",中；用于跨地区报刊对读,在线公开浏览,以网站版权规则为准,页面整理《大公报》《新民报》《观察》相关出处，必须逐期回追原报刊,2026-07-18,verified_entry
18,domestic:source:bj_tzb,北京市委统战部统一战线史料页,中共北京市委统战部,官方统战历史资料页,官方历史叙述与文件线索,https://www.bjtzb.gov.cn/,https://www.bjtzb.gov.cn/wwwroot/sdtyzx/publish/article/12/7772.shtml,"[""统一战线史"", ""会议文件线索"", ""党派史""]",中；用于全国事件时间线对照,在线公开浏览,以网站版权规则为准,官方页面概述1947年民盟被取缔和1948年一届三中全会，作为线索层使用,2026-07-18,verified_entry
19,domestic:source:hbmj,民建湖北省委会史料页,中国民主建国会湖北省委员会,民主党派官方历史资料页,跨党派地方史料线索,https://www.hbmj.gov.cn/,https://www.hbmj.gov.cn/a/302.html,"[""上海民主党派活动线索"", ""1947年组织应变史料""]",高；涉及1947年上海民主党派活动,在线公开浏览,以网站版权规则为准,官方页面提供1947年11月上海活动线索，待回追会议记录和报刊,2026-07-18,verified_entry
20,domestic:source:zjmg,民革浙江省委党史资料页,中国国民党革命委员会浙江省委员会,民主党派官方历史资料页,跨党派官方历史叙述与文献线索,https://www.zjmg.gov.cn/,https://www.zjmg.gov.cn/ch119/system/2009/04/29/021400419.shtml,"[""李济深相关史料"", ""1947年民主党派反应""]",中高；用于跨地区民主党派反应对读,在线公开浏览,以网站版权规则为准,官方页面记载李济深对民盟被宣布非法的反应，需回追同期声明和报刊,2026-07-18,verified_entry
21,domestic:source:bjdcmm,民盟北京市东城区委员会盟史资料页,中国民主同盟北京市东城区委员会,官方地方组织历史资料页,后期官方盟史线索,https://www.bjdcmm.org.cn/,https://www.bjdcmm.org.cn/01msjs/20040310/01.htm,"[""组织沿革"", ""1944年改组线索"", ""人物资料""]",中；用于全国组织史对位,在线公开浏览,以网站版权规则为准,官方地方盟史页面记载1944年全国代表会议改名和组织改组，需回追同期会议文件,2026-07-18,verified_entry
22,domestic:source:hljmm,民盟黑龙江省委盟史资料页,中国民主同盟黑龙江省委员会,官方地方组织历史资料页,后期官方盟史与文件线索,https://www.hljmm.gov.cn/,https://www.hljmm.gov.cn/show.aspx?id=892,"[""1945年民盟一大文件线索"", ""组织沿革"", ""盟史简介""]",中；用于全国组织史和文件追踪,在线公开浏览,以网站版权规则为准,官方简介列出1945年临时全国代表大会通过的主要文件，需回追原件、汇编或同期刊物,2026-07-18,verified_entry
23,domestic:source:scu_stop_talks,《停战谈判资料》公开数字化汇编,四川大学马列主义教研室中共党史科研组；四川人民出版社,正式文献汇编与公共数字化扫描,正式出版汇编，公开扫描副本,https://xgb.scu.edu.cn/info/1086/1692.htm,https://upload.wikimedia.org/wikipedia/commons/2/29/NTUL-9910001969_%E5%81%9C%E6%88%98%E8%B0%88%E5%88%A4%E8%B5%84%E6%96%99%E9%80%89%E7%BC%96.pdf,"[""1945-1946停战/反内战文件"", ""民盟发言与公开信"", ""正式汇编页码""]",中；可与1946上海/重庆线索对读,在线公开浏览,public,CiNii确认书名、编选机构、四川人民出版社和1981年6月书目；公开扫描目录页确认民盟记录题名、形成日期和页码。汇编不替代原件。,2026-07-18,verified_entry
24,domestic:source:minmengsh_democracy_weekly,昆明《民主周刊》官方出版史料线索,中国民主同盟云南省委员会,官方盟史专题与期刊馆藏追索线索,地方民盟官方后期史料线索,https://www.minmengsh.gov.cn/detailpage/lshm-5881f0f7-d19e-11ec-8d57-8c554a2845d4.html,https://www.minmengsh.gov.cn/detailpage/lshm-5881f0f7-d19e-11ec-8d57-8c554a2845d4.html,"[""《民主周刊》出版沿革"", ""卷期范围"", ""李闻事件后停刊线索""]",中；用于跨地区民盟机关刊物与同期报刊对读,在线公开浏览,public,官方页面给出1944-12-09至1946-08-02出版区间、3卷71期、编者与社长线索，并说明李闻事件后停刊；原刊影像和馆藏目录仍需逐期回查。,2026-07-18,verified_entry
25,domestic:source:mm_history_docs_1941_49,《中国民主同盟历史文献 1941—1949》公开扫描,中国民主同盟中央文史资料委员会；文史资料出版社,民盟中央文史资料委员会正式历史文献汇编与公开数字化扫描,正式编纂汇编，公开扫描副本,https://www.csspw.com.cn/booksdetail_15923_2060553_0.jhtml,https://www.marxists.org/chinese/pdf/history_of_international/china/mzhtm1.pdf,"[""1941—1949民盟宣言、纲领、声明、报告、函电"", ""李公朴/闻一多事件文件"", ""1947宣布非法与解散文件""]",高；含上海支部和全国民盟文件，可与上海档案线索对读,在线公开浏览,public,扫描版权页确认文史资料出版社1983年4月第一版；目录页逐项核到1941成立、1944改组、1945一大、1946李闻、1947非法化与解散的书内页码。已下载公开 PDF 到 data/domestic/sourcebooks/中国民主同盟历史文献_1941-1949_公开扫描.pdf，共622页、未加密，SHA256 为 257bb7be70abe374be9864ec451b5a90e2442ae8c877b15f4e6bbb8bb30be3。人工可视核验书内第355页《被迫发表解散公告》和第360页《国民党政府宣布民盟为非法团体》；汇编仍不替代1947年原件。,2026-07-18,verified_entry
26,domestic:source:cppcc_history_1938_48_lower,《国民参政会纪实》下册公开书目与试读入口,重庆市政协文史资料研究委员会；中共重庆市委党校；重庆出版社,正式史料汇编书目与公共试读入口,正式出版汇编，公开书目和试读 PDF,https://www.shukui.net/book/44285.html,https://pdfyl.ertongbook.com/01/30051852.pdf,"[""1938—1948国民参政会文件"", ""1945延安会谈纪要"", ""第四届第一次会议资料"", ""正式汇编书内页码""]",中；用于民盟全国活动、延安会谈和国民参政会原始载体追踪,在线公开浏览,以书目页、试读入口和出版社权利规则为准,公开书目页确认下册出版信息、总页数和目录，并明确列出第四届第一次会议中的《延安会谈纪要》第858页；完整正文和原件影像尚未取得，书目不替代原件。,2026-07-18,verified_entry
27,domestic:source:yads_yanan_1945,延安党史网：六参政员延安会谈记录追索页,中共延安市委党史研究室页面,官方党史研究页面与正式文献书目定位,地方党史研究机构后期页面，引用正式出版文献,https://yads.org.cn/index.php?a=index&aid=856&c=View&m=home,https://yads.org.cn/index.php?a=index&aid=856&c=View&m=home,"[""1945延安会谈记录"", ""六参政员访问延安"", ""《中共中央抗日民族统一战线文件选编》（下）第809页定位""]",中；用于民盟全国政治活动和原始文献版本追踪,在线公开浏览,以网站页面和被引汇编权利规则为准,页面给出完整会谈记录题名、1945年7月4日通过信息、内容摘要，并注明《中共中央抗日民族统一战线文件选编》（下）（档案出版社，1986）第809页；页面不是该汇编原件影像。,2026-07-18,verified_entry
28,domestic:source:lnu_guangming_1941_index,岭南大学《光明报，1941》剪报索引,岭南大学数字典藏；陈明銶教授学术藏书,高校数字典藏中的同期报刊剪报索引,机构数字典藏与馆藏追索入口,https://commons.ln.edu.hk/profmkchan_indexlist/14/,https://commons.ln.edu.hk/profmkchan_indexlist/14/,"[""1941年10—11月《光明报》剪报索引"", ""新闻标题、日期和页码"", ""原刊版位追踪""]",中；用于香港民盟机关报与全国民盟史料对读,在线公开浏览,以岭南大学数字典藏和原剪报权利规则为准,机构页面明确说明该1页索引含13条1941年10—11月《光明报》剪报记录，并记录标题、日期、印行页码及原刊版位；已下载本地2页 PDF（第2页为索引原图），SHA256 为 7ff54b899dddbbfe4f089aca87c3ca98b4de1fcd0074e0ae571f598bdcceb3a9。人工核读确认13条均为香港工运相关条目、指向原刊第3版，未见1941-10-10或1941-10-16民盟成立宣言/社论条目；索引不等于原刊影像。,2026-07-18,verified_entry
29,domestic:source:ia_takungpao_1947_hk,Internet Archive 香港版《大公报》1947年公开期号,Internet Archive；公开数字化报刊馆藏,公开数字化同期报刊与 OCR 检索入口,公开报刊数字副本；需按期号、版面和 OCR 质量逐条核验,https://archive.org/details/NPTKP19470427,https://archive.org/advancedsearch.php?q=identifier%3ANPTKP1947%2A&fl%5B%5D=identifier&fl%5B%5D=title&fl%5B%5D=date&rows=200&output=json,"[""香港版《大公报》"", ""1947年同期报刊"", ""期号影像与 OCR 文本"", ""民盟相关报道追索""]",中高；用于上海/天津版报道的外部同期舆论对照和跨报刊追索,在线公开浏览和按期号下载；具体文件受平台可用性影响,以 Internet Archive 项目页面、原报刊权利和具体文件条款为准,公开高级检索可定位 NPTKP 前缀馆藏；1947 年目前检出114期，覆盖1947-01-01至1947-04-30。已核验具体期号元数据及 OCR 文件名；当前未发现覆盖1947年10—11月解散民盟窗口的香港版期号，OCR 质量也不足以直接替代报面核读。,2026-07-18,verified_entry
30,domestic:source:drnh_1947_meng_illegalization,国史馆檔案史料文物查詢系統：1947年民盟非法化前后档案,台湾国史馆,官方档案目录与数字档案查询入口,国家档案馆目录记录；具体影像和利用权限按件核验,https://ahonline.drnh.gov.tw/,https://ahonline.drnh.gov.tw/index.php?act=Archive/search/eyJxdWVyeSI6W3siZmllbGQiOiJzdG9yZV9ubyIsInZhbHVlIjoiMDAyLTAyMDQwMC0wMDAxMi0wNjciLCJhdHRyIjoiKyJ9XX0%3D,"[""蒋中正总统文物"", ""1947民盟非法化前后公文"", ""军统/保密局情报"", ""上海与京沪民盟活动监视记录""]",极高；含上海大公报张澜谈话、京沪民盟人员监视与解散后上海留置人员动态,在线目录查询；部分件标示数字档在线阅览，影像逐件人工核验,以国史馆开放、阅览和复制规定及具体件标示为准,项目本地 DRNH 探针和摘要库已保存多件1945—1947年民盟相关目录记录、形成日期、档号、题名和官方查询 URL；本轮将其中十件纳入国内候选，并通过项目既有公开管线取得十件共19页官方水印影像，关联到主库 drnh_images。影像带锁定提示和访客水印，目录/摘要及水印底图仍不替代逐页原件核读，政治性案由须与其他来源交叉核对。,2026-07-18,verified_entry
31,domestic:source:hku_guangming_1941_microform,香港大学图书馆特别馆藏：《光明報》1941年缩微胶卷,香港大学图书馆 Special Collections,高校特别馆藏报刊馆藏记录,机构馆藏目录；可供原刊缩微胶卷现场核验,https://lib.hku.hk/sites/all/files/files/hkspc/pathfinders/newspaper_1940s_update_072021.pdf,https://julac.hosted.exlibrisgroup.com/primo-explore/fulldisplay?docid=HKU_IZ21440249790003414&vid=HKU&lang=en_US,"[""《光明報》1941年9月18日—12月12日"", ""缩微胶卷"", ""香港报刊馆藏记录""]",中；为1941年民盟机关报原刊回查提供具体馆藏入口,在线馆藏清单；缩微胶卷需按香港大学特别馆藏规则现场或申请阅览,以香港大学图书馆特别馆藏和原报刊复制规则为准,香港大学图书馆《Hong Kong Newspapers - Chronological List 1940s》明确列出第21项《光明報》，格式为Microform，Access为Microfilm at Special Collections，馆藏起止为1941年9月18日至12月12日且标注Nil gaps。公开 JULAС/Primo 书目片段进一步给出 Special Collections 闭架位置和索书号 HKC 951 G91 M，并可定位记录号 HKU_IZ21440249790003414。港大 Special Collections 官方规则进一步确认 HKC 历史报纸属闭架材料，最多10件应至少提前3个工作日发至 libspeco@hku.hk，现场使用微缩胶片和复制设备；该记录仍没有公开逐期影像或复制下载地址。,2026-07-19,verified_entry
32,domestic:source:nlc_guangming_1946_issue8,中国国家图书馆《光明報》1946年第8、9、10、11期及1947年新二十一、二十二号公开扫描,中国国家图书馆；Wikimedia Commons公开镜像,国家图书馆民国期刊数字影像,国家图书馆原始数字化扫描的公开镜像；按件核验页面和版权状态,https://commons.wikimedia.org/wiki/File%3ANLC404-01J000514-10429_%E5%85%89%E6%98%8E%E5%A0%B1_1946%E5%B9%B48%E6%9C%9F.pdf,https://upload.wikimedia.org/wikipedia/commons/b/ba/NLC404-01J000514-10429_%E5%85%89%E6%98%8E%E5%A0%B1_1946%E5%B9%B48%E6%9C%9F.pdf,"[""《光明報》1946年第8、9、10、11期"", ""《光明報》1947年新二十一、二十二号"", ""16—20页原刊扫描"", ""民盟政治路线、国大争议、李闻事件与纪念相关社论、演讲和报道""]",高；用于1946年民盟政治立场、李闻事件和国大争议的同期报刊核读,在线公开浏览与下载,unknown,Wikimedia Commons 具体文件页将 NLC404-01J000514-10429 标为1946年8期、16页，元数据来源机构为中国国家图书馆；页面描述列出‘论有条件参加国大（社论）’、‘民盟重申严正立场坚决拥护政协决议反对参加国大’和‘李闻惨案前后的昆明（续）’等内容。另取得 NLC404-01J000514-10430《光明報》新九號（1946-08-21，16页，社论‘反对内战，反对征兵！’）、NLC404-01J000514-10431新十號（1946-08-28，16页，社论‘向鹰巢国民党当局抗议’）和 NLC404-01J000514-23806新十一號（1946-09-13，20页，目录含‘反对一党独裁宪法（社论）’及张澜上海演讲）；并取得 NLC404-01J000514-10460《光明報》1947年新二十一号（16页）和 NLC404-01J000514-10483新二十二号（20页）。项目已下载六件本地副本并完成页数、文件哈希和首面或首尾页可视抽检；Wikimedia 的公版声明不替代国家图书馆具体复制规则。,2026-07-18,verified_entry
33,domestic:source:nlc_observer_1947_v3n11,中国国家图书馆《观察》1947年第3卷第11期公开扫描,中国国家图书馆；Wikimedia Commons公开镜像,国家图书馆民国期刊数字影像,国家图书馆原始数字化扫描的公开镜像；按件核验页面、卷期和版权状态,https://commons.wikimedia.org/wiki/File%3ANLC404-01J000332-6817_%E8%A7%80%E5%AF%9F_1947%E5%B9%B43%E5%8D%B711%E6%9C%9F.pdf,https://upload.wikimedia.org/wikipedia/commons/7/74/NLC404-01J000332-6817_%E8%A7%80%E5%AF%9F_1947%E5%B9%B43%E5%8D%B711%E6%9C%9F.pdf,"[""《观察》1947年第3卷第11期"", ""20页单期原刊扫描"", ""《观察》第3卷第1—12期278页合订本"", ""《我们对于政府压迫民盟的看法》教授联署声明""]",极高；该期是1947年民盟被宣布非法、总部被迫解散后同期公开抗议的直接报刊证据,在线公开浏览与下载,unknown,Wikimedia Commons文件页将 NLC404-01J000332-6817 标为《观察》1947年第3卷第11期、20页，元数据作者为储安平、出版者为观察社。项目首面可视核验到‘卷三 第十一期’、‘我们对于政府压迫民盟的看法’和‘周炳琳等四十八人’题头，末页可视核验为同期正文页面；文件未加密，SHA256 已记录。另取得 Wikimedia Commons 合订本 SSID-13679264《观察》第3卷第1—12期，278页，SHA256 为 d8f4dacfbf367f590d46344084fab8722d91d18fbb2d0b8cc241f7416d5f7f04；第11期在合订本 PDF 第239—258页，封面为第239页，第3—4页声明、第5页转入《人身自由的保障问题》，第259页为下一期封面，页序与单期扫描一致。该件直接补上原先只有后期官方整理的《观察》卷期线索，但仍需逐页转录、核对刊期日期和声明完整边界；公开镜像的公版声明不替代国家图书馆具体复制规则。,2026-07-18,verified_entry
34,domestic:source:roc_gazette_1947_oct_nov_public_scans,国民政府公报1947年10—11月公开扫描（第2967、2973、2974号）,国民政府公报影像系统；台湾立法院法律资料库；Wikimedia Commons公开镜像,官方公报数字影像,官方公报原始影像的公开镜像；逐页核验期号、日期和内容，不等同于民盟公函原件,https://npl.ly.gov.tw/do/www/homePage,https://commons.wikimedia.org/wiki/Category%3ANovember_1947_in_China,"[""国民政府公报第2967号（1947-10-30）"", ""国民政府公报第2973号（1947-11-06）"", ""国民政府公报第2974号（1947-11-07）""]",高；用于核查1947年10—11月官方公报是否刊载民盟非法化、解散或执行性公文,Wikimedia Commons公开PDF；原始入口为立法院公报影像系统,公开扫描页面标注公版；具体再利用按原始机构和平台规则复核,已下载三期公开扫描并逐页可视抽检：第2967号以选举及一般政府命令为主；第2973号未见民盟非法化或解散公文；第2974号以国民大会选举表格、选举法规及一般司法/行政命令为主，未见目标公文。三件均未加密，页数分别为13、9、17页，SHA256记录于docs/domestic/press_scan_manifest.md；本轮不新增记录级候选，保留为官方公报负向核查证据。,2026-07-18,verified_entry
35,domestic:source:rmrb_govopendata_1947,《人民日报》1947年历史版面公开数字转录,公开数据查询平台；页面标注人民日报电子版档案,公开数字化同期报刊文字转录入口,按日期和版面组织的公开转录；未提供对应报面扫描，需与原刊影像或权威数据库复核,https://cn.govopendata.com/renminribao/1947/11/7/1/,https://cn.govopendata.com/renminribao/1947/11/,"[""《人民日报》1947年11月7日第1版数字转录"", ""新华社时评《蒋介石解散民盟》"", ""1947年民盟被宣布非法事件同期舆论材料""]",高；用于1947年10月27日非法化与11月解散事件的同期中文报刊对照和事件时间线核验,公开网页浏览,unknown,已直接访问1947-11-07第1版页面，页面标题、版次和日期明确，正文收录《蒋介石解散民盟》并标注栏目为‘新华社时评’，正文写明蒋介石于1947-10-27宣布民主同盟为‘非法团体’。当前页面只返回结构化文字转录，未发现对应原报面图像或扫描下载入口，因此登记为数字转录入口，不替代《人民日报》原版扫描或官方报刊影像数据库。,2026-07-18,verified_entry
36,domestic:source:nlc_dagongbao_1947_v113,中国国家图书馆《大公报》第113卷（1931年11月）公开原刊扫描,中国国家图书馆；Wikimedia Commons公开镜像,民国报刊原刊影像／合订卷公开数字化扫描,国家图书馆馆藏标识对应的原刊扫描；具体再利用权利按原始机构和平台规则复核,https://commons.wikimedia.org/wiki/File:NLC511-012031312030001-21905_%E5%A4%A7%E5%85%AC%E5%A0%B1_%E7%AC%AC113%E5%8D%B7.pdf,https://upload.wikimedia.org/wikipedia/commons/3/32/NLC511-012031312030001-21905_%E5%A4%A7%E5%85%AC%E5%A0%B1_%E7%AC%AC113%E5%8D%B7.pdf,"[""1931年11月《大公报》原刊版面"", ""民盟成立前历史报刊"", ""不纳入1941—1949国内民盟史证据统计""]",不适用；该卷实际为1931年11月，早于民盟成立，排除出当前国内盟史证据范围,Wikimedia Commons公开PDF；馆藏标识 NLC511-012031312030001-21905,公开扫描页面标注公版；国家图书馆数字副本具体再利用规则仍待核对,2026-07-29纠错：W2逐页报头映射确认本卷232页覆盖1931-11-01至1931-11-30；首日报头含‘中华民国二十年十一月一日’，期号4564。此前1947年判断作废。原PDF与SHA256保持不变，仅纠正元数据；本卷不得作为1947年民盟受压迫、非法化或解散证据。,2026-07-29,corrected_misdated_out_of_scope
37,domestic:source:cppcc_political_consultative_1988,《政治协商会议纪实》（1988）公开扫描,重庆市政协文史资料研究委员会；中共重庆市委党史工作委员会；重庆出版社,正式历史资料汇编与公开数字化扫描,正式编纂汇编，公开扫描副本；书内所收材料需按原始载体分层,https://www.cqnews.net/1/detail/content_831493536561782784.html,https://www.marxists.org/chinese/pdf/history_of_international/china/0827049.pdf,"[""1946年政治协商会议与停战谈判资料"", ""中国民主同盟临时全国代表大会宣言摘编"", ""同期报刊和会议文献重刊""]",中；用于1945—1946民盟政治主张、旧政协及上海相关政治语境的正式文献交叉核验,在线公开浏览；公开扫描 PDF,公开扫描副本及原汇编复制权利待核,"已下载本地副本 data/domestic/sourcebooks/中国民主同盟临时全国代表大会宣言_公开转录.pdf，共789页、未加密、27,772,278 bytes，SHA256 为 088458899f8119895b58e5bc5f2cf2e986c7911423b7fcea69fcee4f93d1cf31。人工可视核验扫描书内第57页（PDF第86页）题为《中国民主同盟对国事的十项主张》，页下注明‘本文摘自中国民主同盟临时全国代表大会宣言，标题是编者加的’；该页是正式汇编摘编，不是1945年大会原件影像。",2026-07-18,verified_entry
38,domestic:source:nlc_dagongbao_1947_v114,中国国家图书馆《大公报》第114卷（1931年12月）公开原刊扫描,中国国家图书馆；Wikimedia Commons公开镜像,民国报刊原刊影像／合订卷公开数字化扫描,国家图书馆馆藏标识对应的原刊扫描；具体再利用权利按原始机构和平台规则复核,https://commons.wikimedia.org/wiki/File:NLC511-012031312030001-21906_%E5%A4%A7%E5%85%AC%E5%A0%B1_%E7%AC%AC114%E5%8D%B7.pdf,https://upload.wikimedia.org/wikipedia/commons/b/b4/NLC511-012031312030001-21906_%E5%A4%A7%E5%85%AC%E5%A0%B1_%E7%AC%AC114%E5%8D%B7.pdf,"[""1931年12月《大公报》原刊版面"", ""民盟成立前历史报刊"", ""不纳入1941—1949国内民盟史证据统计""]",不适用；该卷实际为1931年12月，早于民盟成立，排除出当前国内盟史证据范围,Wikimedia Commons公开PDF；馆藏标识 NLC511-012031312030001-21906,公开扫描页面标注公版；国家图书馆数字副本具体再利用规则仍待核对,2026-07-29纠错：W2逐页报头映射确认本卷248页覆盖1931-12-01至1931-12-31；首日报头含‘中华民国二十年十二月一日’，期号4593。此前1947年判断作废。原PDF与SHA256保持不变，仅纠正元数据；本卷不得作为1947年民盟受压迫、非法化或解散证据。,2026-07-29,corrected_misdated_out_of_scope
39,domestic:source:gxmm_dagongbao_tianjin_excerpt_1947_11_06,天津版《大公报》1947年11月6日第2版《民盟宣布解散》嵌图截取,中国民主同盟广西壮族自治区委员会公开文章；原刊据文章说明来自《大公报》,同期报刊原刊影像截取／后期官方文章嵌图,可见原刊版面和目标标题，但为裁切转载图，完整页及原始馆藏元数据仍待补齐,https://www.gxmm.gov.cn/index/index/artical/id/7063,https://www.gxmm.gov.cn/Upload/img/2025-11-07/690da67967700.png,"[""天津版《大公报》1947年11月6日第2版裁切影像"", ""民盟被迫解散同期报道"", ""民盟总部公告与政府洽商经过""]",高；用于与上海版《大公报》目标报道及民盟解散公告互证,公开文章内嵌图片；直接图片 URL 可访问,公开文章图片及原报刊再利用权利待核,已从公开文章 HTML 定位并下载图片 https://www.gxmm.gov.cn/Upload/img/2025-11-07/690da67967700.png；本地副本 data/domestic/press_scans/GXMM_大公報_天津版_1947-11-06_第2版_民盟宣布解散_嵌图截取.png，1080×796 pixels，SHA256 为 4c0970c8615b3f70f986fef21f252b22157d53335335d2610dc2110ef0839103。文章图注明确标为‘天津版《大公报》1947年11月6日第2版’，图中可见《民盟宣布解散》及‘公告与政府洽商之经过’、‘通知盟员停止政治活动’、‘一律免除登记可享合法自由’等目标标题和正文。该图为裁切嵌图，不是完整报面或独立馆藏 PDF，需继续补原始馆藏页码和完整页影像。,2026-07-18,verified_entry
40,domestic:source:udndata_dagongbao_1902_1949,《大公报》（1902—1949）全文与版面数据库公开产品页,中国近代报刊资料库／大公报数据库；天津师范大学图书馆公开资源说明,近代报刊全文与高清版面数据库入口,数据库产品与馆藏范围说明；具体报面需登录或通过有权限馆藏访问,https://udndata.com/promo/tknewsc/interduce.html,https://tsg.tjnu.edu.cn/info/1115/2576.htm,"[""天津版《大公报》1902—1949"", ""上海版《大公报》1936—1949"", ""全文检索与高清版面""]",极高；可用于追查上海版1947-11-06和天津版1947-11-06完整报面、版次及全文,公开产品说明；全文/版面通常需机构或订阅权限,数据库访问与再利用规则待核,公开产品页说明该数据库收录民国时期《大公报》各版面及文字，覆盖天津版至1949-01-15、上海版至1949-12-31；天津师范大学图书馆公开说明进一步列出天津、上海、重庆、汉口、桂林及香港等版别。当前仅登记为报刊原版获取入口，未将产品说明本身当作1947年目标报道候选。,2026-07-18,verified_entry
41,domestic:source:nlc_dagongbao_shanghai_1947_11_06_p2_full,上海版《大公报》1947年11月6日第2版完整报面影像,中国国家图书馆独家授权图像；中国近代报刊资料库／大公报数据库,同期报刊原刊全版影像／数据库试用检索结果,数据库提供的国家图书馆原刊图像；本地副本为试用查看器导出的单页 PDF，具体再利用权利按数据库和国家图书馆规则复核,https://udndata.com/promo/tknewsc/interduce.html,http://tk.dhcdb.com.tw/tknewsc/tknewskm?@@1,"[""上海版《大公报》1947年11月6日第2版完整报面"", ""《民盟今日解散》同期原刊报道"", ""中央社上海五日电""]",极高；直接补齐上海版目标报道的日期、版次、整版版面和原文影像,公开试用检索；检索条件：民盟 AND DA=19471106:19471106；结果记录52191；原版查看器可读取,数据库与国家图书馆图像再利用权利待核,公开试用检索返回8条1947-11-06‘民盟’记录，其中上海版第2版记录52191标题为‘民盟今日解散 張瀾等昨開會决定 通吿各地盟員停止政治活動’。已通过该记录的全版影像查看器取得单页 PDF，本地文件 data/domestic/press_scans/NLC_大公報_上海版_1947-11-06_第2版_完整影像_试用数据库.pdf，共1页，SHA256 为 c5db06a15df0da2042819461b700f3c8c4f629a79e60340486f291ceb166fbb8。人工可视核验整版报头日期为1947年11月6日，版次为第2版，版面中部可见目标标题及正文。该副本是试用查看器导出的低清单页，不等同于完整数据库下载授权，但已形成可复查的同期原刊影像证据。,2026-07-18,verified_entry
42,domestic:source:nlc_dagongbao_tianjin_1947_11_06_p2_full,天津版《大公报》1947年11月6日第2版完整报面影像,中国国家图书馆独家授权图像；中国近代报刊资料库／大公报数据库,同期报刊原刊全版影像／数据库试用检索结果,数据库提供的国家图书馆原刊图像；本地副本为试用查看器导出的单页 PDF，具体再利用权利按数据库和国家图书馆规则复核,https://udndata.com/promo/tknewsc/interduce.html,http://tk.dhcdb.com.tw/tknewsc/tknewskm?@@1,"[""天津版《大公报》1947年11月6日第2版完整报面"", ""《民盟宣布解散》同期原刊报道"", ""中央社上海五日电""]",高；直接补齐天津版目标报道的日期、版次、整版版面和原文影像，并与上海版同期报道互校,公开试用检索；检索条件：民盟 AND DA=19471106:19471106；结果记录39443；原版查看器可读取,数据库与国家图书馆图像再利用权利待核,公开试用检索返回天津版第2版记录39443，标题为‘民盟宣布解散 公告與政府洽商之經過 通知盟員停止政治活動 一律免除登記可享合法自由’。已通过该记录的全版影像查看器取得单页 PDF，本地文件 data/domestic/press_scans/NLC_大公報_天津版_1947-11-06_第2版_完整影像_试用数据库.pdf，共1页，SHA256 为 cb64bd1561540661c6de257313aaf3799c38b83f7f7fab9905f4e096a1ce247f。人工可视核验整版报头、日期为1947年11月6日、版次为第2版，版面中部可见‘民盟宣布解散’及相关副标题。该副本是试用查看器导出的低清单页，不等同于完整数据库下载授权，但已形成可复查的同期原刊影像证据。,2026-07-18,verified_entry
43,domestic:source:roc_gazette_1947-10-27_2964_commercial_lead,《国民政府公报》第2964号商业页面线索,孔夫子旧书网商品页；卖家实物照片,商业商品页及低清实物照片（原件追索线索）,商业目录线索，不是官方数字档案对象,https://book.kongfz.com/24139/221173956/,https://book.kongfz.com/24139/221173956/,"[""国民政府公报第2964号"", ""1947-10-27官方公报原件追索"", ""民盟非法化公报核查线索""]",高；目标日期与1947-10-27内政部宣布民盟非法时间点一致,公开商品页；低清图片可直接访问,unknown,商品页元数据明确标示1947-10-27、第2964号、总第2964号；三张公开实物照片可确认公报刊名、日期和期号，但分辨率不足以可靠读取目录或正文。图片直链为 https://www0.kfzimg.com/20131225/3220834/32208347iiTH0_b.jpg、https://www0.kfzimg.com/20131225/3220834/3220834fXKwK0_b.jpg、https://www0.kfzimg.com/20131225/3220834/3220834BaL950_b.jpg。MiniMax视觉提示的‘内政部/非法团体’未由Codex逐字复核，不作为已核实内容。,2026-07-18,lead_only
44,domestic:source:shac_q6-5-947_1947_association_control_lead,上海档案馆上档Q6-5-947社会团体管理案卷追索线索,上海档案馆；公开学术论文引注,档案馆案号的学术引注与档案目录追索入口,档案案号线索，当前未取得上海档案馆官方目录页或原件影像,https://www.archives.sh.cn/,https://www.jstage.jst.go.jp/article/asianstudies/49/3/49_38/_pdf,"[""市参议会公函"", ""上海市政府训令"", ""1947年社会团体管理与行政管制"", ""民盟非法化前后地方行政语境""]",高；可用于追查上海市社会局在1947年10月24—27日收到的市参议会公函、上海市政府训令及其与11月民盟解散执行的关系,公开学术论文 PDF 可核对脚注；档案原件需向上海档案馆申请目录确认、阅览或复制,unknown,公开论文PDF第13页注58列出上档Q6-5-947‘市参议会公函’（市议会议长潘公展致市社会局，1947-10-24、10-27）及‘上海市政府训令’（市政府致市社会局，1947-10-02）；该注释仅证明学术论文引用了档号和题名，不等于已取得档案馆目录或影像。论文脚注61另列上档6-5-1216民盟非法化转令，两个案号不可混并。,2026-07-18,lead_only
45,domestic:source:shlib_newspaper_catalog_1946_democratic_daily,上海图书馆《馆藏中文报纸目录1862—1949》中的《民主报》馆藏记录,上海图书馆；公开目录扫描副本,近代报纸馆藏目录与期号追索入口,馆藏目录线索，不是《民主报》原刊影像,https://www.library.sh.cn/,https://www.bnasie.eu/Asset/Source/bnBook_ID-86_No-1.pdf,"[""《民主报》重庆临时版"", ""《民主报》重庆版"", ""1946年2月—10月期号与馆藏范围"", ""民盟机关报原刊追索""]",高；上海图书馆馆藏目录可为1946年民盟机关报原刊申请、馆际互借或馆内复制提供具体期号依据,公开目录 PDF；原刊阅览/复制需按上海图书馆或馆藏机构权限申请,unknown,公开扫描目录相关页明确著录《民主报》日刊，重庆民主报社，1946-02-01创刊，社长罗隆基、发行人张澜；重庆临时版列出1946-02-11、14、16—28及1946-03-01—31（第59号），重庆版自1946-04-01第60号起另列连续期号。该目录提供馆藏/期号追索信息，不提供任何《民主报》原刊页面，不能直接作为同期报道候选。,2026-07-19,lead_only
46,domestic:source:rmrb_digital_transcription_1946_11_19,《人民日报》1946年11月19日第1版公开数字转录,公开数据查询平台；页面标注人民日报历史版面档案,同期报刊数字转录／版面索引入口,同期报刊文本的公开数字替身；不是《人民日报》原报面影像,https://cn.govopendata.com/renminribao/1946/11/19/1/,https://cn.govopendata.com/renminribao/1946/11/,"[""1946年11月19日《人民日报》第1版"", ""制宪国民大会开幕后的同期报道"", ""中共和其他民主党派拒绝出席的数字转录""]",中；用于1946年11月国大开幕后的同期舆论交叉核验，并为《民主报》同日或相邻期号原刊申请提供关键词,公开网页可直接阅读按版面组织的文字转录；原报面影像和正式数据库记录仍需追查,unknown,已直接访问1946-11-19第1版页面；页面正文记录南京国民大会于11月15日开幕，并写明中国共产党及其他民主党派拒绝出席。该页面提供同期文本和日期/版面入口，不提供原报面扫描，不能替代《人民日报》原版或官方报刊数据库影像。,2026-07-19,verified_entry
47,domestic:source:nlc_xinhua_daily_1941_early_issue_scans,《新华日报》1941年10月10日、10月16日、10月28日国家图书馆原刊扫描,中国国家图书馆数字化民国报纸；Wikimedia Commons公开镜像,同期报刊原刊全版扫描／国家图书馆数字化镜像,国家图书馆原刊数字化扫描的公开镜像；不是原始馆藏系统直链,https://read.nlc.cn/,https://commons.wikimedia.org/wiki/Commons:Library_back_up_project/file_list/NLC/民國報紙,"[""《新华日报》1941-10-10全版扫描"", ""《新华日报》1941-10-16全版扫描"", ""《新华日报》1941-10-28全版扫描"", ""1941年民盟成立同期中文报刊对照与负向核查""]",中；用于1941年民盟成立材料的同期中文报刊对照、日期核验和排除重复追索，不替代香港《光明报》原刊,公开 PDF；Commons 文件页提供原始下载入口,public_domain_claimed_unknown,已下载并核验三件公开 PDF：1941-10-10共6页、1941-10-16共2页、1941-10-28共2页，均未加密；文件分别为 NLC1080-00N000846-8631、NLC1080-00N000846-8658、NLC1080-00N000846-8712。Codex以120 dpi逐页可视核读，未在三期版面中发现可直接登记为中国民主政团同盟成立宣言、十大纲领或《民主运动的生力军》的明确报道标题；该结果是负向核查，不证明目标文件不存在，也不新增候选。三件本地文件和SHA256详见 docs/domestic/press_scan_manifest.md 与 work/domestic/nlc_xinhua_1941_early_scans_review_20260719.md。,2026-07-19,verified_entry
48,domestic:source:nlc_minxian_1944_representative_scans,《民憲》1944年第一卷第一、六、九期国家图书馆原刊扫描,中国国家图书馆数字化民国期刊；Wikimedia Commons公开镜像,同期政论刊物原刊整期扫描／国家图书馆数字化镜像,国家图书馆原刊数字化扫描的公开镜像；不是原始馆藏系统直链,https://read.nlc.cn/,https://commons.wikimedia.org/wiki/Category:民憲,"[""《民憲》第一卷第一期（1944-05-16）"", ""《民憲》第一卷第六期（1944-08-15）"", ""《民憲》第一卷第九期（1944-11-20）"", ""1944年民主宪政讨论与民盟改组前后传播材料""]",中；作为1944年民盟改组前后同期政治传播和刊物网络的原刊对照，补足正式汇编之外的传播载体,公开 PDF；Commons 分类页和文件页提供原始下载入口,public_domain_claimed_unknown,已下载三期公开 PDF：第一卷第一期47页、第一卷第六期51页、第一卷第九期51页，均未加密；三期封面/目录页分别明确标出1944-05-16、1944-08-15、1944-11-20，并可见同期政治、宪政和民主论题。已完成目录页核读，正文逐篇转录和具体文件出处仍待继续，故按整期原刊来源登记、候选保持人工复核。文件哈希和页级记录见 docs/domestic/press_scan_manifest.md 与 work/domestic/nlc_minxian_1944_representative_scans_review_20260719.md。,2026-07-19,verified_entry
49,domestic:source:roc_gazette_1947-10-27_2964_official_scan,《国民政府公报》第2964号官方原刊扫描（1947-10-27）,国民政府公报；立法院法律资料库总统府公报影像系统；Wikimedia Commons公开镜像,政府公报官方数字原刊扫描,官方公报影像公开镜像；不替代原始馆藏系统直链,https://npl.ly.gov.tw/do/www/homePage,https://commons.wikimedia.org/wiki/Special:FilePath/ROC1947-10-27%E5%9C%8B%E6%B0%91%E6%94%BF%E5%BA%9C%E5%85%AC%E5%A0%B12964.pdf,"[""国民政府公报第2964号"", ""1947-10-27政府命令、内政部代电及行政司法事项"", ""1947年10月民盟非法化原始公报负向核查""]",高；目标日期与1947-10-27民盟非法化时间点一致，可作为官方公报原刊排查证据,在线公开扫描 PDF；Commons文件页提供原始下载入口,public_domain_claimed_unknown,"已下载本地副本 data/domestic/gazette_scans/ROC1947-10-27國民政府公報2964.pdf，共17页、未加密、1,253,502 bytes，SHA256为3fa55d79a386f840d08c9268b39a301cf4322453e3134a5ab608acd3e3150e9c。已对17页逐页执行本地PaddleOCR，并目视核对目录、内政部代电和命中‘解散’页；未见‘民盟’、‘中国民主同盟’或民盟非法化/解散目标公文标题。该结果是负向核查，不证明目标文件不存在，也不新增候选。详细页级记录见 docs/domestic/press_scan_manifest.md 与 work/domestic/roc_gazette_2964_official_scan_review_20260719.md。",2026-07-19,verified_entry
50,domestic:source:nlc_dagongbao_hankow_1947-11-04_daily_scan,《大公报》汉口版（1947-11-04）国家图书馆原刊扫描,中国国家图书馆数字化民国报纸；Wikimedia Commons公开镜像,同期报纸原刊整日扫描／国家图书馆数字化镜像,国家图书馆原刊数字化扫描的公开镜像；不是原始馆藏系统直链,https://read.nlc.cn/,https://commons.wikimedia.org/wiki/Commons:Library_back_up_project/file_list/NLC/%E6%B0%91%E5%9C%8B%E5%A0%B1%E7%B4%99,"[""《大公报》汉口版1947-11-04单日原刊"", ""张群书面通知民盟、保障盟员安全"", ""民盟解散前夕中常会及政治活动报道""]",中；作为1947-11-06民盟总部解散前两日的同期报刊对照，补足全国传播和事件过程,公开 PDF；Commons文件清单提供原始下载入口,public_domain_claimed_unknown,"已下载本地副本 data/domestic/press_scans/NLC1080-00N001037-7604_大剛報_1947年11月04日.pdf，共4页、未加密、8,624,123 bytes，SHA256为5176d9591d915124572f7824e3131a1ed682a25cc637b03720fae7a87ee883cb。第1页可视确认刊名、汉口版、1947-11-04日期，并出现‘张群书面通知民盟 应允保障盟员安全’、‘民盟将召开中常会讨论解散’等目标报道标题；本地 OCR 结果见 work/domestic/dagongbao_nlc_7604_7606/ocr_low/issue7604-1.ocr.md。",2026-07-19,verified_entry
51,domestic:source:nlc_dagongbao_hankow_1947-11-06_daily_scan,《大公报》汉口版（1947-11-06）国家图书馆原刊扫描,中国国家图书馆数字化民国报纸；Wikimedia Commons公开镜像,同期报纸原刊整日扫描／国家图书馆数字化镜像,国家图书馆原刊数字化扫描的公开镜像；不是原始馆藏系统直链,https://read.nlc.cn/,https://commons.wikimedia.org/wiki/Commons:Library_back_up_project/file_list/NLC/%E6%B0%91%E5%9C%8B%E5%A0%B1%E7%B4%99,"[""《大公报》汉口版1947-11-06单日原刊"", ""民盟正式宣布解散"", ""通告各地盟员停止政治活动""]",中；作为1947-11-06民盟总部解散报道的全国版别对照，与上海、天津版原刊互证,公开 PDF；Commons文件清单提供原始下载入口,public_domain_claimed_unknown,"已下载本地副本 data/domestic/press_scans/NLC1080-00N001037-7606_大剛報_1947年11月06日.pdf，共4页、未加密、8,704,911 bytes，SHA256为9b4c22a6e905c40f0efef1ce24aa6f1f447b4eb64a1137513a5f6b6532f83284。第1页可视确认刊名、汉口版、1947-11-06日期，并出现‘民盟正式宣布解散’、‘通告各地盟员停止政治活动’等目标报道标题；该件与已有上海、天津版第2版影像形成版别互证。",2026-07-19,verified_entry
52,domestic:source:nlc_guangmingbao_1946_issue01,《光明報》新一號（1946-09-18）国家图书馆原刊扫描,中国国家图书馆数字化民国期刊；Wikimedia Commons公开镜像,同期政论报刊原刊整期扫描／国家图书馆数字化镜像,国家图书馆原刊数字化扫描的公开镜像；不是原始馆藏系统直链,https://read.nlc.cn/,https://commons.wikimedia.org/wiki/Commons:Library_back_up_project/file_list/NLC/%E6%B0%91%E5%9C%8B%E6%9C%9F%E5%88%8A/04,"[""《光明報》新一號整期原刊"", ""1946-09-18复刊词"", ""战后民主、和平与政治协商会议舆论""]",高；作为1946年旧政协后、李闻事件和拒绝国大争论前的民盟机关报原刊背景,公开 PDF；Commons文件清单提供原始下载入口,public_domain_claimed_unknown,"已下载本地副本 data/domestic/press_scans/NLC404-01J000514-10834_光明報_1946年1期.pdf，共24页、未加密、1,677,911 bytes，SHA256为29a5d3149bf83793ece67f8f7efe6280c29f68e584209add4f60aafafbefcbc5。封面可视确认‘新一號’及民國三十五年九月十八日出版；第1页首篇竖排标题为《复刊词》，正文明确回顾抗战胜利、民主政治和本年一月政治协商会议。本地 OCR 见 work/domestic/guangmingbao_1946_early/ocr/issue01-01.ocr.md。",2026-07-19,verified_entry
53,domestic:source:nlc_guangmingbao_1946_issue02,《光明報》新二號（1946-09-28）国家图书馆原刊扫描,中国国家图书馆数字化民国期刊；Wikimedia Commons公开镜像,同期政论报刊原刊整期扫描／国家图书馆数字化镜像,国家图书馆原刊数字化扫描的公开镜像；不是原始馆藏系统直链,https://read.nlc.cn/,https://commons.wikimedia.org/wiki/Commons:Library_back_up_project/file_list/NLC/%E6%B0%91%E5%9C%8B%E6%9C%9F%E5%88%8A/04,"[""《光明報》新二號整期原刊"", ""1946-09-28《我们相信人民的力量》"", ""反内战与战后民主舆论""]",高；作为1946年旧政协后民盟机关报连续出版物，补充拒绝内战和民主政治主张的同期语境,公开 PDF；Commons文件清单提供原始下载入口,public_domain_claimed_unknown,"已下载本地副本 data/domestic/press_scans/NLC404-01J000514-10835_光明報_1946年2期.pdf，共16页、未加密、1,078,186 bytes，SHA256为c6d05b14da2f4a46bbddd868df8a3ea559d1b7db06527ee42913d908eb3be792。封面可视确认‘新二號’及民國三十五年九月二十八日出版；第1页首篇竖排标题为《我们相信人民的力量》，正文讨论内战、人民意志和民主政治。本地 OCR 见 work/domestic/guangmingbao_1946_early/ocr/issue02-01.ocr.md。",2026-07-19,verified_entry
54,domestic:source:nlc_guangmingbao_1946_issue03,《光明報》新三號（1946-10-08）国家图书馆原刊扫描,中国国家图书馆数字化民国期刊；Wikimedia Commons公开镜像,同期政论报刊原刊整期扫描／国家图书馆数字化镜像,国家图书馆原刊数字化扫描的公开镜像；不是原始馆藏系统直链,https://read.nlc.cn/,https://commons.wikimedia.org/wiki/Commons:Library_back_up_project/file_list/NLC/%E6%B0%91%E5%9C%8B%E6%9C%9F%E5%88%8A/04,"[""《光明報》新三號整期原刊"", ""1946-10-08战后民主与反内战舆论""]",高；作为1946年旧政协后、国民大会争论期的民盟机关报连续出版物,公开 PDF；Commons文件清单提供原始下载入口,public_domain_claimed_unknown,"已下载本地副本 data/domestic/press_scans/NLC404-01J000514-10424_光明報_1946年3期.pdf，共16页、未加密、1,105,103 bytes，SHA256为826fba6a608093972cf54dabf8a9a117ff6e1416767610d6d49a35c0c58328de。封面可视确认新三號及民国三十五年十月八日出版；首面含反内战、民主与双十节语境，文章题名待逐页核定。",2026-07-19,verified_entry
55,domestic:source:nlc_guangmingbao_1946_issue04,《光明報》新四號（1946-10-18）国家图书馆原刊扫描,中国国家图书馆数字化民国期刊；Wikimedia Commons公开镜像,同期政论报刊原刊整期扫描／国家图书馆数字化镜像,国家图书馆原刊数字化扫描的公开镜像；不是原始馆藏系统直链,https://read.nlc.cn/,https://commons.wikimedia.org/wiki/Commons:Library_back_up_project/file_list/NLC/%E6%B0%91%E5%9C%8B%E6%9C%9F%E5%88%8A/04,"[""《光明報》新四號整期原刊"", ""《时机紧急中我们的态度》"", ""1946年内战与国民大会争论""]",高；直接补充1946年10月民盟机关报对内战和国民大会的同期表达,公开 PDF；Commons文件清单提供原始下载入口,public_domain_claimed_unknown,"已下载本地副本 data/domestic/press_scans/NLC404-01J000514-10425_光明報_1946年4期.pdf，共16页、未加密、1,072,890 bytes，SHA256为cfe3ac1821e7d400622079d75d6e9e455391804199b52d35f6757e37f426c163。封面可视确认新四號及民国三十五年十月十八日出版；第1页中央社论题名可辨为《时机紧急中我们的态度》，正文涉及内战、国民大会和民盟态度。",2026-07-19,verified_entry
56,domestic:source:nlc_guangmingbao_1946_issue05,《光明報》新五號（1946-10-28）国家图书馆原刊扫描,中国国家图书馆数字化民国期刊；Wikimedia Commons公开镜像,同期政论报刊原刊整期扫描／国家图书馆数字化镜像,国家图书馆原刊数字化扫描的公开镜像；不是原始馆藏系统直链,https://read.nlc.cn/,https://commons.wikimedia.org/wiki/Commons:Library_back_up_project/file_list/NLC/%E6%B0%91%E5%9C%8B%E6%9C%9F%E5%88%8A/04,"[""《光明報》新五號整期原刊"", ""民盟赴京谈判与和平民主舆论""]",高；作为1946年10月底民盟赴京和国民大会争议期的同期机关报,公开 PDF；Commons文件清单提供原始下载入口,public_domain_claimed_unknown,"已下载本地副本 data/domestic/press_scans/NLC404-01J000514-10426_光明報_1946年5期.pdf，共20页、未加密、1,429,954 bytes，SHA256为306b5dbe735a5950497c26e2f7ff510961f54e2dbdf4f443c8f0dfa83468194f。封面可视确认新五號及民国三十五年十月二十八日出版；第1页首面涉及民盟代表赴京、和平谈判和国民大会语境。",2026-07-19,verified_entry
57,domestic:source:nlc_guangmingbao_1946_issue06,《光明報》新六號（1946-11-08）国家图书馆原刊扫描,中国国家图书馆数字化民国期刊；Wikimedia Commons公开镜像,同期政论报刊原刊整期扫描／国家图书馆数字化镜像,国家图书馆原刊数字化扫描的公开镜像；不是原始馆藏系统直链,https://read.nlc.cn/,https://commons.wikimedia.org/wiki/Commons:Library_back_up_project/file_list/NLC/%E6%B0%91%E5%9C%8B%E6%9C%9F%E5%88%8A/04,"[""《光明報》新六號整期原刊"", ""拒绝参加国民大会与政协决议舆论""]",高；补充1946年11月国民大会开幕后民盟机关报的同期政治表达,公开 PDF；Commons文件清单提供原始下载入口,public_domain_claimed_unknown,"已下载本地副本 data/domestic/press_scans/NLC404-01J000514-10427_光明報_1946年6期.pdf，共16页、未加密、1,030,092 bytes，SHA256为aee7e822dde154aecf04f451e36a3c207d98a3dc58e9b0ba22a3132bfc9d0f16。封面可视确认新六號及民国三十五年十一月八日出版；第1页集中讨论在野党派拒绝参加国民大会、政协决议和和平民主。",2026-07-19,verified_entry
58,domestic:source:nlc_guangmingbao_1946_issue07,《光明報》新七號（1946-11-18）国家图书馆原刊扫描,中国国家图书馆数字化民国期刊；Wikimedia Commons公开镜像,同期政论报刊原刊整期扫描／国家图书馆数字化镜像,国家图书馆原刊数字化扫描的公开镜像；不是原始馆藏系统直链,https://read.nlc.cn/,https://commons.wikimedia.org/wiki/Commons:Library_back_up_project/file_list/NLC/%E6%B0%91%E5%9C%8B%E6%9C%9F%E5%88%8A/04,"[""《光明報》新七號整期原刊"", ""《我们为什么不参加国大》"", ""1946年拒绝参加国民大会舆论""]",高；直接补充1946年11月民盟机关报对拒绝参加国民大会的同期表达,公开 PDF；Commons文件清单提供原始下载入口,public_domain_claimed_unknown,"已下载本地副本 data/domestic/press_scans/NLC404-01J000514-10428_光明報_1946年7期.pdf，共16页、未加密、1,066,351 bytes，SHA256为367165396035893b6a8882a6c270cff4a4cf61dc1d9284525ebcd3240be68f8b。封面可视确认新七號及民国三十五年十一月十八日出版；第1页中央社论题名可辨为《我们为什么不参加国大》，正文讨论政协决议、内战和在野党派立场。",2026-07-19,verified_entry
59,domestic:source:nlc_modern_newspapers_xinminbao_beiping,国家图书馆出版社《中国历史文献总库·近代报纸数据库》：新民报（北平）,国家图书馆出版社；中国国家图书馆馆藏数字化报纸数据库,报纸数据库检索与影像调取入口,国家图书馆出版社官方数据库；馆藏影像入口而非本项目已下载原刊,https://www.nlcpress.com/DigitalPublishingView.aspx?DPId=10,https://bz.nlcpress.com/library/publish/default/PaperAll_en.jsp,"[""《新民报（北平）》1947年报面检索"", ""篇名/日期/版次定位"", ""报面影像或篇目预览（访问权限取决于IP或机构订购）""]",中；直接服务1947年北平版《新民报》11月4日教授联署声明原刊追索，并可与《观察》重刊及上海、天津、汉口版《大公报》互校,官方试用入口／机构IP或订购访问；当前未取得目标日期报面文件,database_access_and_reproduction_to_verify,2026-07-19核查国家图书馆出版社官方介绍与官方报纸清单：清单明确列出‘新民报（北平）’；官方说明支持按报纸、日期、版次、篇名检索并定位报面，但平台采用IP控制并提供在线访问或本地数据安装服务。该条目把1947-11-04《新民报》北平版作为下一步可执行的数据库调取路径，不把数据库清单当作已取得的原刊影像。目标检索式：报纸=新民报（北平），日期=1947-11-04，篇名=我们对于政府压迫民盟的看法；同时记录版次、页码、影像下载权限和复制许可。,2026-07-19,actionable_lead
60,domestic:source:sh_revolutionary_relics_minmeng_platform_1945,上海市第二批革命文物名录：1945年10月中国民主同盟发布的《中国民主同盟纲领》,上海市文化和旅游局；中国共产党第一次全国代表大会纪念馆,官方革命文物名录／馆藏实物追索入口,上海市文化和旅游局官方名录；具体实物由中国共产党第一次全国代表大会纪念馆保管,https://whlyj.sh.gov.cn/cmsres/87/87d4d293b6c24280a7650666d4a1aa0c/23771e474dbca731946c814f88200362.pdf,https://www.zgyd1921.com/about.html,"[""1945年10月中国民主同盟发布的《中国民主同盟纲领》"", ""上海市第二批革命文物名录条目1046"", ""馆藏实物1件""]",高；提供1945年民盟一大纲领实物的具体保管机构和官方目录编号,官方名录公开；实物影像、馆藏编号和复制条件需向中国共产党第一次全国代表大会纪念馆核查,institutional_access_to_verify,上海市文化和旅游局官方《上海市第二批革命文物名录》PDF第159页，名录条目1046，登记地点为黄浦区中国共产党第一次全国代表大会纪念馆，名称为‘1945年10月中国民主同盟发布的《中国民主同盟纲领》’，等级为三级、数量1。纪念馆官方站点列有‘藏品保管部’，职责包括藏品征集、保护、管理、利用和研究；官方活动页公布藏品保管部邮箱ydcpbgb@163.com，并公布咨询电话021-53830723、021-53832171。当前仍未取得实物照片、馆藏编号、原件页数或复制授权，应先通过馆方核对实物、题记、版本和影像条件。,2026-07-19,actionable_lead
61,domestic:source:nlc_guangmingbao_1948_1949_v1n1,《光明報》1948年1卷1期国家图书馆原刊扫描,中国国家图书馆数字化民国期刊；Wikimedia Commons公开镜像,同期政论报刊原刊整期扫描／国家图书馆数字化镜像,国家图书馆原刊数字化扫描的公开镜像；不是原始馆藏系统直链,https://read.nlc.cn/,https://commons.wikimedia.org/wiki/File:NLC404-01J000514-10484_光明報_1948年1卷1期.pdf,"[""《光明報》1948年1卷1期整期原刊"", ""民盟三中全会的决议"", ""略论民主同盟当前的任务"", ""坚持路线击破阴谋""]",中；补充1948—1949年民盟及民主人士在香港出版物中的同期政治表达和新政协前后语境,公开 PDF；Commons文件页提供原始下载入口,public_domain_claimed_unknown,已下载本地副本 data/domestic/press_scans/NLC404-01J000514-10484_光明報_1948年1卷1期.pdf，共24页；SHA256为55ac4cedee420a41427dbed23ccd4870adfac4315e987ef78aed20b1101b26e8。首面完成可视核验，PDF第2页及目录/正文完成定向核读；英文馆藏日期戳不作为出版日期，出版日期以报面民国纪年和卷期记录为准。,2026-07-19,verified_entry
62,domestic:source:nlc_guangmingbao_1948_1949_v1n12,《光明報》1948年1卷12期国家图书馆原刊扫描,中国国家图书馆数字化民国期刊；Wikimedia Commons公开镜像,同期政论报刊原刊整期扫描／国家图书馆数字化镜像,国家图书馆原刊数字化扫描的公开镜像；不是原始馆藏系统直链,https://read.nlc.cn/,https://commons.wikimedia.org/wiki/File:NLC404-01J000514-10514_光明報_1948年1卷12期.pdf,"[""《光明報》1948年1卷12期整期原刊"", ""反對美國援蔣扶日"", ""民盟政治声明"", ""民族独立""]",中；补充1948—1949年民盟及民主人士在香港出版物中的同期政治表达和新政协前后语境,公开 PDF；Commons文件页提供原始下载入口,public_domain_claimed_unknown,已下载本地副本 data/domestic/press_scans/NLC404-01J000514-10514_光明報_1948年1卷12期.pdf，共20页；SHA256为0ae20c45cbc20e06399c7133d12379a318643c0f2eafa2fc3852fac222a47450。首面完成可视核验，PDF第2页及目录/正文完成定向核读；英文馆藏日期戳不作为出版日期，出版日期以报面民国纪年和卷期记录为准。,2026-07-19,verified_entry
63,domestic:source:nlc_guangmingbao_1948_1949_v2n1,《光明報》1949年2卷1期国家图书馆原刊扫描,中国国家图书馆数字化民国期刊；Wikimedia Commons公开镜像,同期政论报刊原刊整期扫描／国家图书馆数字化镜像,国家图书馆原刊数字化扫描的公开镜像；不是原始馆藏系统直链,https://read.nlc.cn/,https://commons.wikimedia.org/wiki/File:NLC404-01J000514-10515_光明報_1949年2卷1期.pdf,"[""《光明報》1949年2卷1期整期原刊"", ""新政协问题笔谈"", ""加强掠夺的币制改革"", ""民主人士笔谈""]",中；补充1948—1949年民盟及民主人士在香港出版物中的同期政治表达和新政协前后语境,公开 PDF；Commons文件页提供原始下载入口,public_domain_claimed_unknown,已下载本地副本 data/domestic/press_scans/NLC404-01J000514-10515_光明報_1949年2卷1期.pdf，共20页；SHA256为71c72759499aca2025c18e3fae397850fd6ffb3be802ea06cd12e00d813e5623。首面完成可视核验，PDF第2页及目录/正文完成定向核读；英文馆藏日期戳不作为出版日期，出版日期以报面民国纪年和卷期记录为准。,2026-07-19,verified_entry
64,domestic:source:nlc_guangmingbao_1948_1949_v2n12,《光明報》1949年2卷12期国家图书馆原刊扫描,中国国家图书馆数字化民国期刊；Wikimedia Commons公开镜像,同期政论报刊原刊整期扫描／国家图书馆数字化镜像,国家图书馆原刊数字化扫描的公开镜像；不是原始馆藏系统直链,https://read.nlc.cn/,https://commons.wikimedia.org/wiki/File:NLC404-01J000514-72821_光明報_1949年2卷12期.pdf,"[""《光明報》1949年2卷12期整期原刊"", ""我們對和平的態度"", ""談台灣解放問題"", ""追悼馮裕芳同志特輯""]",中；补充1948—1949年民盟及民主人士在香港出版物中的同期政治表达和新政协前后语境,公开 PDF；Commons文件页提供原始下载入口,public_domain_claimed_unknown,已下载本地副本 data/domestic/press_scans/NLC404-01J000514-72821_光明報_1949年2卷12期.pdf，共20页；SHA256为48932502dcf7bff7dd01c86bb330ab3ba16d4f1ea9c7cc3b54bad4a38a7f16ae。首面完成可视核验，PDF第2页及目录/正文完成定向核读；英文馆藏日期戳不作为出版日期，出版日期以报面民国纪年和卷期记录为准。,2026-07-19,verified_entry
65,domestic:source:nlc_minxian_1944_v1n10,《民憲》1944年第一卷第十期国家图书馆原刊扫描,中国国家图书馆数字化民国期刊；Wikimedia Commons公开镜像,同期政论刊物原刊整期扫描／国家图书馆数字化镜像,国家图书馆原刊数字化扫描的公开镜像；不是原始馆藏系统直链,https://read.nlc.cn/,https://commons.wikimedia.org/wiki/File:NLC404-00J001436-85451_%E6%B0%91%E6%86%B2_1944%E2%80%931945%E5%B9%B4%E7%AC%AC%E4%B8%80%E5%8D%B7%E7%AC%AC%E5%8D%81%E6%9C%9F.pdf,"[""《民憲》第一卷第十期"", ""民主政治"", ""1944年改组前后政治传播""]",中；补充1944年民盟改组前后重庆民主政论刊物的同期传播环境,公开PDF；Commons文件页提供原始下载入口,public_domain_claimed_unknown,已下载本地副本 data/domestic/press_scans/NLC404-00J001436-85451_民憲_第一卷第十期.pdf；共49页、未加密，SHA256为7383f69dd74477969acf50708456b2975e167c16eaa3d6ed7deb6243616b6328。PDF第2页可视核定第一卷第十期、民国三十三年十二月二十日（1944-12-20）及目录；尚未将目录题名直接当作民盟正式文件。,2026-07-19,verified_entry
66,domestic:source:nlc_minmeng_documents_1946,《民主同盟文獻》（1946）民盟总部编印公开扫描,中国国家图书馆数字化民国图书；中国民主同盟总部编印；Wikimedia Commons公开镜像,1946年官方文献汇编／同期文件汇编扫描,民盟总部同期编印的官方汇编公开扫描；不是单件原始印本的直链,https://read.nlc.cn/,https://commons.wikimedia.org/wiki/File:NLC416-01jh004281-12557_%E6%B0%91%E4%B8%BB%E5%90%8C%E7%9B%9F%E6%96%87%E7%8D%BB.pdf,"[""1941成立宣言"", ""1941对时局主张纲领"", ""1944改组相关文件"", ""1945大会文件""]",高；补充1941—1945民盟总部同期官方文献汇编，供原刊/原件追索和页码互校,公开PDF；Commons文件页提供原始下载入口,public_domain_claimed_unknown,已下载本地副本 data/domestic/sourcebooks/NLC416-01jh004281-12557_民主同盟文獻_1946.pdf；176页、未加密，SHA256为276a82242c445bd7d6ca468f9022090922e0c2c243054e0e5af4353a1456e43f。PDF第2页书名页标明中国民主同盟总部编印、中华民国三十五年十二月；第5—8页目录，第9页起进入文件正文。,2026-07-19,verified_entry
67,domestic:source:nlc_guangmingbao_1947_1947_12,《光明報》1947年12期国家图书馆原刊扫描,中国国家图书馆数字化民国期刊；Wikimedia Commons公开镜像,同期政论报刊原刊整期扫描／国家图书馆数字化镜像,国家图书馆原刊数字化扫描的公开镜像；不是原始馆藏系统直链,https://read.nlc.cn/,https://commons.wikimedia.org/wiki/File:NLC404-01J000514-72818_光明報_1947年12期.pdf,"[""《光明報》1947年12期整期原刊"", ""民盟政治活动"", ""1947年国内民主运动语境""]",中；补充1947年民盟在非法化前的同期机关报和香港出版政治表达,公开 PDF；Commons文件页提供原始下载入口,public_domain_claimed_unknown,本地副本 data/domestic/press_scans/NLC404-01J000514-72818_光明報_1947年12期.pdf；共16页；SHA256 f61c03880c043ff7bbfb12bc170a3e92f6e2c65f70325bb46aafff20cc9001dd；首面已可视核对卷期和日期。,2026-07-19,verified_entry
68,domestic:source:nlc_guangmingbao_1947_1947_13,《光明報》1947年13期国家图书馆原刊扫描,中国国家图书馆数字化民国期刊；Wikimedia Commons公开镜像,同期政论报刊原刊整期扫描／国家图书馆数字化镜像,国家图书馆原刊数字化扫描的公开镜像；不是原始馆藏系统直链,https://read.nlc.cn/,https://commons.wikimedia.org/wiki/File:NLC404-01J000514-10453_光明報_1947年13期.pdf,"[""《光明報》1947年13期整期原刊"", ""民盟政治活动"", ""1947年国内民主运动语境""]",中；补充1947年民盟在非法化前的同期机关报和香港出版政治表达,公开 PDF；Commons文件页提供原始下载入口,public_domain_claimed_unknown,本地副本 data/domestic/press_scans/NLC404-01J000514-10453_光明報_1947年13期.pdf；共16页；SHA256 27209c19191d4fa6dcaa6b2f5ea55b7dfaf74f03cb739ec7067c6552b90fba41；首面已可视核对卷期和日期。,2026-07-19,verified_entry
69,domestic:source:nlc_guangmingbao_1947_1947_14,《光明報》1947年14期国家图书馆原刊扫描,中国国家图书馆数字化民国期刊；Wikimedia Commons公开镜像,同期政论报刊原刊整期扫描／国家图书馆数字化镜像,国家图书馆原刊数字化扫描的公开镜像；不是原始馆藏系统直链,https://read.nlc.cn/,https://commons.wikimedia.org/wiki/File:NLC404-01J000514-10454_光明報_1947年14期.pdf,"[""《光明報》1947年14期整期原刊"", ""民盟政治活动"", ""1947年国内民主运动语境""]",中；补充1947年民盟在非法化前的同期机关报和香港出版政治表达,公开 PDF；Commons文件页提供原始下载入口,public_domain_claimed_unknown,本地副本 data/domestic/press_scans/NLC404-01J000514-10454_光明報_1947年14期.pdf；共20页；SHA256 86564d9d810e17e8ba05abdd02b059ffe72ac7218816e22f46d675feb1250047；首面已可视核对卷期和日期。,2026-07-19,verified_entry
70,domestic:source:nlc_guangmingbao_1947_1947_15,《光明報》1947年15期国家图书馆原刊扫描,中国国家图书馆数字化民国期刊；Wikimedia Commons公开镜像,同期政论报刊原刊整期扫描／国家图书馆数字化镜像,国家图书馆原刊数字化扫描的公开镜像；不是原始馆藏系统直链,https://read.nlc.cn/,https://commons.wikimedia.org/wiki/File:NLC404-01J000514-10455_光明報_1947年15期.pdf,"[""《光明報》1947年15期整期原刊"", ""民盟政治活动"", ""1947年国内民主运动语境""]",中；补充1947年民盟在非法化前的同期机关报和香港出版政治表达,公开 PDF；Commons文件页提供原始下载入口,public_domain_claimed_unknown,本地副本 data/domestic/press_scans/NLC404-01J000514-10455_光明報_1947年15期.pdf；共16页；SHA256 42c7b19e6f84a2a615adbe5bc776aa54be395b745a168a72989279c50c02434e；首面已可视核对卷期和日期。,2026-07-19,verified_entry
71,domestic:source:nlc_guangmingbao_1947_1947_16–17,《光明報》1947年16–17期国家图书馆原刊扫描,中国国家图书馆数字化民国期刊；Wikimedia Commons公开镜像,同期政论报刊原刊整期扫描／国家图书馆数字化镜像,国家图书馆原刊数字化扫描的公开镜像；不是原始馆藏系统直链,https://read.nlc.cn/,https://commons.wikimedia.org/wiki/File:NLC404-01J000514-10456_光明報_1947年16–17期.pdf,"[""《光明報》1947年16–17期整期原刊"", ""民盟政治活动"", ""1947年国内民主运动语境""]",中；补充1947年民盟在非法化前的同期机关报和香港出版政治表达,公开 PDF；Commons文件页提供原始下载入口,public_domain_claimed_unknown,本地副本 data/domestic/press_scans/NLC404-01J000514-10456_光明報_1947年16–17期.pdf；共17页；SHA256 c54548425303f975110c7163b7bc15eb16f6a7ad5d045e5d0a9d5e0fcc984a91；首面已可视核对卷期和日期。,2026-07-19,verified_entry
72,domestic:source:nlc_guangmingbao_1947_1947_18,《光明報》1947年18期国家图书馆原刊扫描,中国国家图书馆数字化民国期刊；Wikimedia Commons公开镜像,同期政论报刊原刊整期扫描／国家图书馆数字化镜像,国家图书馆原刊数字化扫描的公开镜像；不是原始馆藏系统直链,https://read.nlc.cn/,https://commons.wikimedia.org/wiki/File:NLC404-01J000514-10457_光明報_1947年18期.pdf,"[""《光明報》1947年18期整期原刊"", ""民盟政治活动"", ""1947年国内民主运动语境""]",中；补充1947年民盟在非法化前的同期机关报和香港出版政治表达,公开 PDF；Commons文件页提供原始下载入口,public_domain_claimed_unknown,本地副本 data/domestic/press_scans/NLC404-01J000514-10457_光明報_1947年18期.pdf；共16页；SHA256 d00c34801cb283d963ff4fb0a9bb545391025a005c2afac24f9b2213160a22bd；首面已可视核对卷期和日期。,2026-07-19,verified_entry
73,domestic:source:nlc_guangmingbao_1947_1947_19,《光明報》1947年19期国家图书馆原刊扫描,中国国家图书馆数字化民国期刊；Wikimedia Commons公开镜像,同期政论报刊原刊整期扫描／国家图书馆数字化镜像,国家图书馆原刊数字化扫描的公开镜像；不是原始馆藏系统直链,https://read.nlc.cn/,https://commons.wikimedia.org/wiki/File:NLC404-01J000514-10458_光明報_1947年19期.pdf,"[""《光明報》1947年19期整期原刊"", ""民盟政治活动"", ""1947年国内民主运动语境""]",中；补充1947年民盟在非法化前的同期机关报和香港出版政治表达,公开 PDF；Commons文件页提供原始下载入口,public_domain_claimed_unknown,本地副本 data/domestic/press_scans/NLC404-01J000514-10458_光明報_1947年19期.pdf；共16页；SHA256 ae1516a7c2249fcd0860eb2f0ed89069d4e3dbe46a410cd80a54317f4c1af7fc；首面已可视核对卷期和日期。,2026-07-19,verified_entry
74,domestic:source:nlc_guangmingbao_1947_1947_20,《光明報》1947年20期国家图书馆原刊扫描,中国国家图书馆数字化民国期刊；Wikimedia Commons公开镜像,同期政论报刊原刊整期扫描／国家图书馆数字化镜像,国家图书馆原刊数字化扫描的公开镜像；不是原始馆藏系统直链,https://read.nlc.cn/,https://commons.wikimedia.org/wiki/File:NLC404-01J000514-10459_光明報_1947年20期.pdf,"[""《光明報》1947年20期整期原刊"", ""民盟政治活动"", ""1947年国内民主运动语境""]",中；补充1947年民盟在非法化前的同期机关报和香港出版政治表达,公开 PDF；Commons文件页提供原始下载入口,public_domain_claimed_unknown,本地副本 data/domestic/press_scans/NLC404-01J000514-10459_光明報_1947年20期.pdf；共16页；SHA256 5b089bc981e2601139b5cce5bb9247073f1cf6790dd8d972d6dba41fac25d9cb；首面已可视核对卷期和日期。,2026-07-19,verified_entry
75,domestic:source:shanghai_modern_newspapers,中国近代报纸资源全库,上海图书馆；复旦大学图书馆公开数据库说明入口,近代报纸全文与版面数据库,馆藏报纸数字化检索入口；具体影像和复制权利按机构权限核验,https://library.fudan.edu.cn/e8/8e/c42799a518286/page.htm,https://www.cnbksy.com/,"[""《中央日报》1928—1949"", ""《大公报》1902—1949"", ""《民国日报》1916—1947"", ""近代报纸版面""]",极高,机构订阅或馆内访问；公开说明可核对收录范围,需按机构订阅和具体图像条款核实,2026-07-19公开机构说明明确列出《中央日报》1928—1949、《大公报》1902—1949和《民国日报》1916—1947；可用于检索1947-10-28中央社《政府宣布民盟非法》及1947-11-06解散公告相关报面，但本轮未取得具体版面。,2026-07-19,verified_entry
76,domestic:source:shantou_historical_newspapers,繙云历史文献库,汕头大学图书馆,馆藏近代报纸全文与高清版面数据库,与国家图书馆合作的报纸数字化访问入口；具体版面需机构权限核验,https://www.lib.stu.edu.cn/database/2184,https://www.lib.stu.edu.cn/database/2184,"[""《中央日报》"", ""《大公报》"", ""《民国日报》""]",高,学校本地镜像或机构网络访问,需按汕头大学图书馆和合作数据库规则核实,2026-07-19官方图书馆页面说明该库提供《中央日报》《大公报》《民国日报》图文对照和高清DPI图档；本轮未取得1947-10-27/28或1947-11-06具体报面，保留为可执行访问入口。,2026-07-19,verified_entry
77,domestic:source:nlc_minxian_85443,《民憲》1944年第一卷第二期国家图书馆原刊扫描,中国国家图书馆数字化民国期刊；Wikimedia Commons公开镜像,同期政论刊物原刊整期扫描／国家图书馆数字化镜像,国家图书馆原刊数字化扫描的公开镜像；不是原始馆藏系统直链,https://read.nlc.cn/,https://commons.wikimedia.org/wiki/File:NLC404-00J001436-85443_%E6%B0%91%E6%86%B2_1944%E2%80%931945%E5%B9%B4%E7%AC%AC%E4%B8%80%E5%8D%B7%E7%AC%AC%E4%BA%8C%E6%9C%9F.pdf,"[""《民憲》第一卷第二期"", ""1944—1945年民盟改组及一大前后政治传播""]",中；补充重庆民主政论刊物的同期传播环境,公开PDF；本地副本：data/domestic/press_scans/NLC404-00J001436-85443_民憲_第一卷第二期.pdf,public_domain_claimed_unknown,已下载本地副本；共47页、未加密，SHA256为43c91c806af550c60d321793a81cc18bc7866774057f318e364915c70f543118。PDF第2页可视核定《民憲》第一卷第二期及1944-05-01出版日；目录仅作为整期内容导航，不把目录题名直接当作民盟正式文件。,2026-07-19,verified_entry
78,domestic:source:nlc_minxian_85444,《民憲》1944年第一卷第三期国家图书馆原刊扫描,中国国家图书馆数字化民国期刊；Wikimedia Commons公开镜像,同期政论刊物原刊整期扫描／国家图书馆数字化镜像,国家图书馆原刊数字化扫描的公开镜像；不是原始馆藏系统直链,https://read.nlc.cn/,https://commons.wikimedia.org/wiki/File:NLC404-00J001436-85444_%E6%B0%91%E6%86%B2_1944%E2%80%931945%E5%B9%B4%E7%AC%AC%E4%B8%80%E5%8D%B7%E7%AC%AC%E4%B8%89%E6%9C%9F.pdf,"[""《民憲》第一卷第三期"", ""1944—1945年民盟改组及一大前后政治传播""]",中；补充重庆民主政论刊物的同期传播环境,公开PDF；本地副本：data/domestic/press_scans/NLC404-00J001436-85444_民憲_第一卷第三期.pdf,public_domain_claimed_unknown,已下载本地副本；共41页、未加密，SHA256为c21e3e8464473cf68cafdda3e65d69e32fb2bce986f88aa9593479150c612618。PDF第2页可视核定《民憲》第一卷第三期及1944-06-15出版日；目录仅作为整期内容导航，不把目录题名直接当作民盟正式文件。,2026-07-19,verified_entry
79,domestic:source:nlc_minxian_85445,《民憲》1944年第一卷第四期国家图书馆原刊扫描,中国国家图书馆数字化民国期刊；Wikimedia Commons公开镜像,同期政论刊物原刊整期扫描／国家图书馆数字化镜像,国家图书馆原刊数字化扫描的公开镜像；不是原始馆藏系统直链,https://read.nlc.cn/,https://commons.wikimedia.org/wiki/File:NLC404-00J001436-85445_%E6%B0%91%E6%86%B2_1944%E2%80%931945%E5%B9%B4%E7%AC%AC%E4%B8%80%E5%8D%B7%E7%AC%AC%E5%9B%9B%E6%9C%9F.pdf,"[""《民憲》第一卷第四期"", ""1944—1945年民盟改组及一大前后政治传播""]",中；补充重庆民主政论刊物的同期传播环境,公开PDF；本地副本：data/domestic/press_scans/NLC404-00J001436-85445_民憲_第一卷第四期.pdf,public_domain_claimed_unknown,已下载本地副本；共47页、未加密，SHA256为c88a363f01432f1494adcde3f44c736414deeed2d528fbf550b37a5881f7f730。PDF第2页可视核定《民憲》第一卷第四期及1944-06-30出版日；目录仅作为整期内容导航，不把目录题名直接当作民盟正式文件。,2026-07-19,verified_entry
80,domestic:source:nlc_minxian_85446,《民憲》1944年第一卷第五期国家图书馆原刊扫描,中国国家图书馆数字化民国期刊；Wikimedia Commons公开镜像,同期政论刊物原刊整期扫描／国家图书馆数字化镜像,国家图书馆原刊数字化扫描的公开镜像；不是原始馆藏系统直链,https://read.nlc.cn/,https://commons.wikimedia.org/wiki/File:NLC404-00J001436-85446_%E6%B0%91%E6%86%B2_1944%E2%80%931945%E5%B9%B4%E7%AC%AC%E4%B8%80%E5%8D%B7%E7%AC%AC%E4%BA%94%E6%9C%9F.pdf,"[""《民憲》第一卷第五期"", ""1944—1945年民盟改组及一大前后政治传播""]",中；补充重庆民主政论刊物的同期传播环境,公开PDF；本地副本：data/domestic/press_scans/NLC404-00J001436-85446_民憲_第一卷第五期.pdf,public_domain_claimed_unknown,已下载本地副本；共53页、未加密，SHA256为25d339490905fc06832f4ddbaf7a367d761ef06e0b40f8439c6c1a8c8d6fd69a。PDF第2页可视核定《民憲》第一卷第五期及1944-07-16出版日；目录仅作为整期内容导航，不把目录题名直接当作民盟正式文件。,2026-07-19,verified_entry
81,domestic:source:nlc_minxian_85448,《民憲》1944年第一卷第七期国家图书馆原刊扫描,中国国家图书馆数字化民国期刊；Wikimedia Commons公开镜像,同期政论刊物原刊整期扫描／国家图书馆数字化镜像,国家图书馆原刊数字化扫描的公开镜像；不是原始馆藏系统直链,https://read.nlc.cn/,https://commons.wikimedia.org/wiki/File:NLC404-00J001436-85448_%E6%B0%91%E6%86%B2_1944%E2%80%931945%E5%B9%B4%E7%AC%AC%E4%B8%80%E5%8D%B7%E7%AC%AC%E4%B8%83%E6%9C%9F.pdf,"[""《民憲》第一卷第七期"", ""1944—1945年民盟改组及一大前后政治传播""]",中；补充重庆民主政论刊物的同期传播环境,公开PDF；本地副本：data/domestic/press_scans/NLC404-00J001436-85448_民憲_第一卷第七期.pdf,public_domain_claimed_unknown,已下载本地副本；共51页、未加密，SHA256为a1e2269150fea87cfcca1e2016662ecc953f9a9b2a151184aad62fad776f09e0。PDF第2页可视核定《民憲》第一卷第七期及1944-09-10出版日；目录仅作为整期内容导航，不把目录题名直接当作民盟正式文件。,2026-07-19,verified_entry
82,domestic:source:nlc_minxian_85449,《民憲》1944年第一卷第八期国家图书馆原刊扫描,中国国家图书馆数字化民国期刊；Wikimedia Commons公开镜像,同期政论刊物原刊整期扫描／国家图书馆数字化镜像,国家图书馆原刊数字化扫描的公开镜像；不是原始馆藏系统直链,https://read.nlc.cn/,https://commons.wikimedia.org/wiki/File:NLC404-00J001436-85449_%E6%B0%91%E6%86%B2_1944%E2%80%931945%E5%B9%B4%E7%AC%AC%E4%B8%80%E5%8D%B7%E7%AC%AC%E5%85%AB%E6%9C%9F.pdf,"[""《民憲》第一卷第八期"", ""1944—1945年民盟改组及一大前后政治传播""]",中；补充重庆民主政论刊物的同期传播环境,公开PDF；本地副本：data/domestic/press_scans/NLC404-00J001436-85449_民憲_第一卷第八期.pdf,public_domain_claimed_unknown,已下载本地副本；共55页、未加密，SHA256为867fcca3821c8cc3deb67ba1aae6a76e62f192c0c849805fa2fda4cc9835aa19。PDF第2页可视核定《民憲》第一卷第八期及1944-10-12出版日；目录仅作为整期内容导航，不把目录题名直接当作民盟正式文件。,2026-07-19,verified_entry
83,domestic:source:nlc_minxian_85452,《民憲》1945年第一卷第十一期国家图书馆原刊扫描,中国国家图书馆数字化民国期刊；Wikimedia Commons公开镜像,同期政论刊物原刊整期扫描／国家图书馆数字化镜像,国家图书馆原刊数字化扫描的公开镜像；不是原始馆藏系统直链,https://read.nlc.cn/,https://commons.wikimedia.org/wiki/File:NLC404-00J001436-85452_%E6%B0%91%E6%86%B2_1944%E2%80%931945%E5%B9%B4%E7%AC%AC%E4%B8%80%E5%8D%B7%E7%AC%AC%E5%8D%81%E4%B8%80%E6%9C%9F.pdf,"[""《民憲》第一卷第十一期"", ""1944—1945年民盟改组及一大前后政治传播""]",中；补充重庆民主政论刊物的同期传播环境,公开PDF；本地副本：data/domestic/press_scans/NLC404-00J001436-85452_民憲_第一卷第十一期.pdf,public_domain_claimed_unknown,已下载本地副本；共51页、未加密，SHA256为71edf42b8f1e532edb277c2899f2a9a548f531a1cd76c6f7b79a69b1fdce0d2e。PDF第2页可视核定《民憲》第一卷第十一期及1945-01-15出版日；目录仅作为整期内容导航，不把目录题名直接当作民盟正式文件。,2026-07-19,verified_entry
84,domestic:source:nlc_minxian_85453,《民憲》1945年第一卷第十二期国家图书馆原刊扫描,中国国家图书馆数字化民国期刊；Wikimedia Commons公开镜像,同期政论刊物原刊整期扫描／国家图书馆数字化镜像,国家图书馆原刊数字化扫描的公开镜像；不是原始馆藏系统直链,https://read.nlc.cn/,https://commons.wikimedia.org/wiki/File:NLC404-00J001436-85453_%E6%B0%91%E6%86%B2_1944%E2%80%931945%E5%B9%B4%E7%AC%AC%E4%B8%80%E5%8D%B7%E7%AC%AC%E5%8D%81%E4%BA%8C%E6%9C%9F.pdf,"[""《民憲》第一卷第十二期"", ""1944—1945年民盟改组及一大前后政治传播""]",中；补充重庆民主政论刊物的同期传播环境,公开PDF；本地副本：data/domestic/press_scans/NLC404-00J001436-85453_民憲_第一卷第十二期.pdf,public_domain_claimed_unknown,已下载本地副本；共45页、未加密，SHA256为bd753ca717908b0556e04dad0fa18519830a8cd3470d25eafbceae17f3c6fe4a。PDF第2页可视核定《民憲》第一卷第十二期及1945-02-25出版日；目录仅作为整期内容导航，不把目录题名直接当作民盟正式文件。,2026-07-19,verified_entry
85,domestic:source:nlc_minxian_85454,《民憲》1945年第二卷第一期国家图书馆原刊扫描,中国国家图书馆数字化民国期刊；Wikimedia Commons公开镜像,同期政论刊物原刊整期扫描／国家图书馆数字化镜像,国家图书馆原刊数字化扫描的公开镜像；不是原始馆藏系统直链,https://read.nlc.cn/,https://commons.wikimedia.org/wiki/File:NLC404-00J001436-85454_%E6%B0%91%E6%86%B2_1944%E2%80%931945%E5%B9%B4%E7%AC%AC%E4%BA%8C%E5%8D%B7%E7%AC%AC%E4%B8%80%E6%9C%9F.pdf,"[""《民憲》第二卷第一期"", ""1944—1945年民盟改组及一大前后政治传播""]",中；补充重庆民主政论刊物的同期传播环境,公开PDF；本地副本：data/domestic/press_scans/NLC404-00J001436-85454_民憲_第二卷第一期.pdf,public_domain_claimed_unknown,已下载本地副本；共71页、未加密，SHA256为ea8481761246aa26c98f9a7a058e894597c551798fb5ad37f30c400a4cb34fcd。PDF第2页可视核定《民憲》第二卷第一期及1945-05-15出版日；目录仅作为整期内容导航，不把目录题名直接当作民盟正式文件。,2026-07-19,verified_entry
86,domestic:source:nlc_minxian_85455,《民憲》1945年第二卷第二期国家图书馆原刊扫描,中国国家图书馆数字化民国期刊；Wikimedia Commons公开镜像,同期政论刊物原刊整期扫描／国家图书馆数字化镜像,国家图书馆原刊数字化扫描的公开镜像；不是原始馆藏系统直链,https://read.nlc.cn/,https://commons.wikimedia.org/wiki/File:NLC404-00J001436-85455_%E6%B0%91%E6%86%B2_1944%E2%80%931945%E5%B9%B4%E7%AC%AC%E4%BA%8C%E5%8D%B7%E7%AC%AC%E4%BA%8C%E6%9C%9F.pdf,"[""《民憲》第二卷第二期"", ""1944—1945年民盟改组及一大前后政治传播""]",中；补充重庆民主政论刊物的同期传播环境,公开PDF；本地副本：data/domestic/press_scans/NLC404-00J001436-85455_民憲_第二卷第二期.pdf,public_domain_claimed_unknown,已下载本地副本；共45页、未加密，SHA256为449086e77f910796d78a924782cc7cfc830e2a77b0df62c04e6c0fb209cfb7de。PDF第2页可视核定《民憲》第二卷第二期及1945-06-13出版日；目录仅作为整期内容导航，不把目录题名直接当作民盟正式文件。,2026-07-19,verified_entry
87,domestic:source:nlc_minxian_1945_v2n3_lead,《民憲》1945年第二卷第三期国家图书馆原刊扫描获取线索,中国国家图书馆数字化民国期刊；Wikimedia Commons公开镜像,同期政论刊物原刊整期扫描获取线索,国家图书馆原刊数字化扫描的公开镜像；不是原始馆藏系统直链,https://read.nlc.cn/,https://commons.wikimedia.org/wiki/File:NLC404-00J001436-85456_%E6%B0%91%E6%86%B2_1944%E2%80%931945%E5%B9%B4%E7%AC%AC%E4%BA%8C%E5%8D%B7%E7%AC%AC%E4%B8%89%E6%9C%9F.pdf,"[""《民憲》第二卷第三期"", ""1945年民盟一大前后政治传播""]",中；补充1945年民盟一大前后重庆民主政论刊物的同期传播环境,公开文件页可定位；本轮下载受到Commons HTTP 429限流，待冷却后重试,public_domain_claimed_unknown,Commons分类页可定位NLC404-00J001436-85456；本轮下载请求返回HTTP 429，未将未取得文件登记为候选或已验证扫描。,2026-07-19,lead_only
88,domestic:source:nlc_minmeng_documents_1946_nlc511_alternate,《民主同盟文獻》（1946）NLC511 另一数字化公开扫描,中国国家图书馆；民盟总部编印（1946）,同期官方汇编公开数字化扫描（与 NLC416 本为同书不同扫描批）,同期官方汇编数字化副本，非1941/1945原刊,https://commons.wikimedia.org/wiki/File:NLC511-027032013012333-19131_%E6%B0%91%E4%B8%BB%E5%90%8C%E7%9B%9F%E6%96%87%E7%8D%BB.pdf,https://upload.wikimedia.org/wikipedia/commons/2/2d/NLC511-027032013012333-19131_%E6%B0%91%E4%B8%BB%E5%90%8C%E7%9B%9F%E6%96%87%E7%8D%BB.pdf,"[""1941成立文件汇编重刊"", ""1944—1945政治文件汇编重刊""]",中；含全国性文件可与上海组织史对读,在线公开浏览,public,2026-07-19 阶段1再追索取得。Commons 文件 NLC511-027032013012333-19131，178页，本地 data/domestic/sourcebooks/NLC511-027032013012333-19131_民主同盟文獻_alternate_scan.pdf，SHA256 a24e5e5bf9158ab08e74edfa3d4a8bf4927c10841a5e15321ba7d9cf701034dd。与既有 NLC416-01jh004281-12557（SHA256 276a8224…）为同书不同扫描，页序/目录结构一致；不能替代1941《光明報》原刊或1945大会原始印本。,2026-07-19,verified_entry
89,domestic:source:nlc_minmeng_yanlunji_1945,《中國民主同盟言論集》（時事研究社；《民主星期刊》选编）公开扫描,中国国家图书馆数字化民国图书；時事研究社；Wikimedia Commons镜像,1945年同期言论汇编／机关刊选辑扫描,同期第三方选编公开扫描；含《民主星期刊》转载大会文件，非总部1946文獻、非原刊单行本,https://read.nlc.cn/,https://commons.wikimedia.org/wiki/File:NLC511-027032016010761-42571_%E4%B8%AD%E5%9C%8B%E6%B0%91%E4%B8%BB%E5%90%8C%E7%9B%9F%E8%A8%80%E8%AB%96%E9%9B%86.pdf,"[""1945临时全国代表大会政治报告转载"", ""1945临时全国代表大会宣言转载"", ""《民主星期刊》选文""]",中；全国性大会文件与重庆机关刊转载链,公开PDF,unknown,2026-07-19 hard_gap_probe 下载并经互证轮/抽检复核。107页未加密，SHA256 386faf360e73fd31e39d1f0a584877dddc76855f0d0be6157e01e06ac4234ef1。本地 data/domestic/sourcebooks/NLC511-027032016010761-42571_中国民主同盟言论集.pdf。说明页称选自1945-10-01起《民主星期刊》1—7期。页界：宣言PDF14—19（印刷9—14）；政治报告题名PDF19、正文PDF20—36上栏（印刷15—31，末段自PDF35跨至36；同页下章伯钧下一文）；关键页 work/domestic/yanlunji_1945_pages/。与1983 MMHIST 政治报告/宣言同文L2双源；不填1946文獻硬缺口。抽检轮更正：政治报告止页原记PDF35有误，应为PDF36上栏。,2026-07-19,verified_entry
