candidate_id,period,repository_code,repository_name,title,document_date,authenticity_level_accepted,evidence_grade,source_url,source_family,source_kind,citation_ready,review_status,catalog_reference,sha256,page_count,cluster_id,cluster_role,needs_ocr,notes
domestic:SAAC:catalog-05-05_01,1946-1950,SAAC,,,1949-09-21,L1,L1_needs_review,https://www.saac.gov.cn/daj/gqzt/content/05/05_01.html,国内党政机关与档案馆,archive_scan,no,accepted,,,0,DCL-0001,duplicate,yes,国家档案局／中央档案馆官方专题具体条目页，题名、形成日期和公开影像入口可追踪。
domestic:GXMM:dagongbao-tianjin-dissolution-1947-11-06,1946-1950,GXMM,,,1947-11-06,L4,L4_secondary,https://www.gxmm.gov.cn/index/index/artical/id/7063.html,民盟自身与盟史,official_history_page,no,accepted,,,0,DCL-0002,duplicate,no,民盟广西区委官方文章明确给出天津版《大公报》1947年11月6日第2版《民盟宣布解散》及中央社上海五日电的报道定位。
domestic:NLC:dagongbao-tianjin-1947-11-06-page2-full,1946-1950,NLC,,,1947-11-06,L1,L1_citation_ready,http://tk.dhcdb.com.tw/tknewsc/tknewskm?@@1,国内党政机关与档案馆,press_scan,yes,accepted,,,0,DCL-0005,duplicate,no,数据库结果明确标示‘大公報天津版’、日期1947/11/06、版次02，记录标题为‘民盟宣布解散 公告與政府洽商之經過 通知盟員停止政治活動 一律免除登記可享合法自由’。全版影像中可直接看到报头、日期、版次，版面中部可见‘民盟宣布解散’及相关副标题，属于同期原刊全版影像；与GXMM公开嵌图截取相互印证。
domestic:NLC:guangmingbao-1946-issue11-anti-one-party-constitution,1946-1950,NLC,,,1946-09-13,L1,L1_citation_ready,https://commons.wikimedia.org/wiki/File%3ANLC404-01J000514-23806_%E5%85%89%E6%98%8E%E5%A0%B1_1946%E5%B9%B411%E6%9C%9F.pdf,国内党政机关与档案馆,press_scan,yes,accepted,,,0,DCL-0004,duplicate,no,逐页核读公开原刊：PDF第1页目录列出‘反对一党独裁宪法（社论）’，PDF第3页正文首页大标题为《反对一党独裁的宪法！》。该社论是1946年国民大会与宪法争议的同期民盟机关报证据。
domestic:NLC:minxian-v1n9-democracy-vs-nondemocracy-1944-11-20,1944-1945,NLC,,,1944-11-20,L1,L1_citation_ready,https://commons.wikimedia.org/wiki/File:NLC404-00J001436-85450_%E6%B0%91%E6%86%B2_1944%E2%80%931945%E5%B9%B4%E7%AC%AC%E4%B8%80%E5%8D%B7%E7%AC%AC%E4%B9%9D%E6%9C%9F.pdf,国内党政机关与档案馆,press_scan,yes,accepted,,,0,DCL-0006,duplicate,no,原刊目录页（PDF第2页）列出《民主政治與非民主政治》；正文页眉与印刷页码核见该文，正文跨印刷页13—17（PDF第16—20页），末页印刷页17可清楚核读。作者陈启天由公开学术引文与该文题名、刊期、页码互证；学术引文不是替代原刊的一级证据。 本轮已逐页目视核对PDF第16—20页，确认文章页界闭合。
domestic:NLC:guangmingbao-1946-issue11-china-at-1947-threshold,1946-1950,NLC,,,1946-09-13,L1,L1_citation_ready,https://commons.wikimedia.org/wiki/File%3ANLC404-01J000514-23806_%E5%85%89%E6%98%8E%E5%A0%B1_1946%E5%B9%B411%E6%9C%9F.pdf,国内党政机关与档案馆,press_scan,yes,accepted,,,3,DCL-0007,duplicate,no,公开原刊逐页核读：PDF第1页目录列出题名并署黄药眠，PDF第6页正文以同名大标题开始，PDF第7—8页为连续正文；刊物版面日期为1946-09-13。
domestic:NLC:guangmingbao-1946-issue11-truman-december-18-statement,1946-1950,NLC,,,1946-09-13,L1,L1_citation_ready,https://commons.wikimedia.org/wiki/File%3ANLC404-01J000514-23806_%E5%85%89%E6%98%8E%E5%A0%B1_1946%E5%B9%B411%E6%9C%9F.pdf,国内党政机关与档案馆,press_scan,yes,accepted,,,1,DCL-0007,duplicate,no,公开原刊逐页核读：PDF第1页目录列出该社论，PDF第2页正文页顶可核到完整题名；正文讨论政协会决议、民盟人士受压和美国对华政策。
domestic:NLC:dagongbao-hankow-1947-11-04-league-dissolution-meeting,1946-1950,NLC,,,1947-11-04,L1,L1_citation_ready,https://commons.wikimedia.org/wiki/Special:FilePath/NLC1080-00N001037-7604_%E5%A4%A7%E5%89%9B%E5%A0%B1_1947%E5%B9%B411%E6%9C%8804%E6%97%A5.pdf,国内党政机关与档案馆,press_scan,yes,accepted,,,0,DCL-0008,duplicate,no,已完成人工目视复核：汉口版1947-11-04第1版可见‘民盟将召开中常会讨论解散’标题，记录的是解散前会议消息与同期传播语境，不是民盟总部解散公告原件。
domestic:NLC:guangmingbao-1948-1949-v1n1-article,1946-1950,NLC,,,1948-03-01,L1,L1_citation_ready,https://commons.wikimedia.org/wiki/File:NLC404-01J000514-10484_光明報_1948年1卷1期.pdf,国内党政机关与档案馆,press_scan,yes,accepted,,,0,DCL-0013,duplicate,no,PDF第2页目录列出《民盟三中全会的成就》并署沈钧儒；PDF第4页版面大标题和右下署名均可见，第5页已转入《略论民主同盟当前的任务》。
domestic:NLC:guangmingbao-1948-1949-v1n12-article,1946-1950,NLC,,,1948-08-16,L1,L1_citation_ready,https://commons.wikimedia.org/wiki/File:NLC404-01J000514-10514_光明報_1948年1卷12期.pdf,国内党政机关与档案馆,press_scan,yes,accepted,,,0,DCL-0014,duplicate,no,PDF第2页可视核到《反對美國援蔣扶日》标题与正文；第3页已转入《二個前提與五項原則》，因此当前文章页界为PDF第2页；OCR仅作定位辅助。
domestic:NLC:guangmingbao-1948-1949-v2n1-article,1946-1950,NLC,,,1949-01-10,L1,L1_citation_ready,https://commons.wikimedia.org/wiki/File:NLC404-01J000514-10515_光明報_1949年2卷1期.pdf,国内党政机关与档案馆,press_scan,yes,accepted,,,0,DCL-0015,duplicate,no,《光明報》1949年第二卷第一期PDF第2页页首大题可辨为《新政協問題筆談》；同页列出罗子为、沈志远、陈此生等征稿/作者名单及三项问题（新政协到联合政府、怎样的新中国、共同纲领）。PDF第3页转入《论美蒋…》等其他文章，故本轮将笔谈正文页界保守记为PDF第2页。
domestic:NLC:guangmingbao-1948-1949-v2n12-article,1946-1950,NLC,,,1949-02-12,L1,L1_citation_ready,https://commons.wikimedia.org/wiki/File:NLC404-01J000514-72821_光明報_1949年2卷12期.pdf,国内党政机关与档案馆,press_scan,yes,accepted,,,0,DCL-0016,duplicate,no,《光明報》1949年第二卷第十二期PDF第2—3页连续为《我們對和平的態度》正文；第2页有全题与开篇，第3页续文可见三中全会以来和平主张；PDF第4页转入《談台灣解放問題》（庄喜农），故文章页界为PDF第2—3页。
domestic:NLC:minmeng-wenxian-1946-formation-declaration,1941-1943,NLC,,,1941-10-10,L2,L2_page_cite,https://commons.wikimedia.org/wiki/File:NLC416-01jh004281-12557_%E6%B0%91%E4%B8%BB%E5%90%8C%E7%9B%9F%E6%96%87%E7%8D%BB.pdf,国内党政机关与档案馆,press_scan,yes,accepted,,,0,DCL-0017,duplicate,no,PDF第9页正文标题明确为《中国民主政团同盟成立宣言》，题下注明中华民国三十年十月十日；正文连续至PDF第11页。该记录来自1946年民盟总部官方汇编，需与1941-10-10《光明报》原刊互校。
domestic:NLC:minmeng-wenxian-1946-ten-program,1941-1943,NLC,,,1941-10-10,L2,L2_page_cite,https://commons.wikimedia.org/wiki/File:NLC416-01jh004281-12557_%E6%B0%91%E4%B8%BB%E5%90%8C%E7%9B%9F%E6%96%87%E7%8D%BB.pdf,国内党政机关与档案馆,press_scan,yes,accepted,,,0,DCL-0017,duplicate,no,PDF第12页正文标题明确为《中国民主政团同盟对时局主张纲领》，题下注明中华民国三十年十月十日；正文延续至PDF第13页。该记录保存十项主张的同期官方汇编页级入口，不能替代1941年原刊或原始印本。
domestic:NLC:minmeng-wenxian-1946-final-war-political-platform,1944-1945,NLC,,,1944-10-10,L2,L2_page_cite,https://commons.wikimedia.org/wiki/File:NLC416-01jh004281-12557_%E6%B0%91%E4%B8%BB%E5%90%8C%E7%9B%9F%E6%96%87%E7%8D%BB.pdf,国内党政机关与档案馆,press_scan,yes,accepted,,,0,DCL-0017,duplicate,no,PDF第22页正文标题明确为《对抗战最后阶段的政治主张》，题下注明中华民国三十三年十月十日；正文连续至PDF第25页，内容包含军队国家化、民主政治、宪政、财政外交和教育等主张。该记录来自1946年民盟总部官方汇编，需与1944年同期报刊或独立印本互校。
domestic:NLC:minmeng-wenxian-1946-situation-declaration-1945-01-15,1944-1945,NLC,,,1945-01-15,L2,L2_page_cite,https://commons.wikimedia.org/wiki/File:NLC416-01jh004281-12557_%E6%B0%91%E4%B8%BB%E5%90%8C%E7%9B%9F%E6%96%87%E7%8D%BB.pdf,国内党政机关与档案馆,press_scan,yes,accepted,,,0,DCL-0017,duplicate,no,PDF第26页正文标题为《时局宣言》，题下注明中华民国三十四年一月十五日；正文连续至PDF第29页，属于民盟总部同期文献汇编中的公开定位。原始发表载体和独立印本仍需追查。
domestic:NLC:minmeng-wenxian-1946-minmeng-platform-1945,1944-1945,NLC,,,1945-10,L2,L2_page_cite,https://commons.wikimedia.org/wiki/File:NLC416-01jh004281-12557_%E6%B0%91%E4%B8%BB%E5%90%8C%E7%9B%9F%E6%96%87%E7%8D%BB.pdf,国内党政机关与档案馆,press_scan,yes,accepted,,,0,DCL-0017,duplicate,no,PDF第48页正文标题明确为《中国民主同盟纲领》，题下注明“民国三十四年十月临时全国代表大会通过”；正文连续至PDF第72页，覆盖政治、经济、教育、妇女等章节。目录页5—6将其列为1945年10月文件，但正文未给出可确认的具体日，故保留月精度。该记录来自1946年官方汇编，不替代1945年临时全国代表大会原始印本。
domestic:NLC:minmeng-wenxian-1946-congress-declaration-1945-10-16,1944-1945,NLC,,,1945-10-16,L2,L2_page_cite,https://commons.wikimedia.org/wiki/File:NLC416-01jh004281-12557_%E6%B0%91%E4%B8%BB%E5%90%8C%E7%9B%9F%E6%96%87%E7%8D%BB.pdf,国内党政机关与档案馆,press_scan,yes,accepted,,,0,DCL-0017,duplicate,no,PDF第73页页首标题明确为《中国民主同盟临时全国代表大会宣言》，题下注明中华民国三十四年十月十六日；正文连续至PDF第78页，PDF第79页起进入下一件1945-12-06昆明惨案文件。该记录来自1946年官方汇编，不替代1945年临时全国代表大会原始印本。
domestic:NLC:guangmingbao-1947-19-article-01,1946-1950,NLC,,,1947-10-28,L1,L1_citation_ready,https://commons.wikimedia.org/wiki/File:NLC404-01J000514-10458_光明報_1947年19期.pdf,国内党政机关与档案馆,press_scan,yes,accepted,,,0,DCL-0024,duplicate,no,目录第1页列出；PDF第2页目视核定题名，PDF第3页已转入另一篇文章。
domestic:NLC:guangmingbao-1947-19-article-02,1946-1950,NLC,,,1947-10-28,L1,L1_citation_ready,https://commons.wikimedia.org/wiki/File:NLC404-01J000514-10458_光明報_1947年19期.pdf,国内党政机关与档案馆,press_scan,yes,accepted,,,0,DCL-0024,duplicate,no,目录第1页列出；PDF第6页目视核定题名，PDF第7页已转入另一篇文章。
domestic:NLC:guangmingbao-1947-19-article-03,1946-1950,NLC,,,1947-10-28,L1,L1_citation_ready,https://commons.wikimedia.org/wiki/File:NLC404-01J000514-10458_光明報_1947年19期.pdf,国内党政机关与档案馆,press_scan,yes,accepted,,,0,DCL-0024,duplicate,no,目录第1页列出；PDF第7页题名起页，第7—9页为连续正文，PDF第10页已转入另一篇文章；PDF第7页可见署名“高天”。
domestic:NLC:guangmingbao-1947-19-article-04,1946-1950,NLC,,,1947-10-28,L1,L1_citation_ready,https://commons.wikimedia.org/wiki/File:NLC404-01J000514-10458_光明報_1947年19期.pdf,国内党政机关与档案馆,press_scan,yes,accepted,,,0,DCL-0024,duplicate,no,目录第1页列出；PDF第10页目视核定题名，PDF第11页已转入另一篇文章。
domestic:NLC:guangmingbao-1947-19-article-05,1946-1950,NLC,,,1947-10-28,L1,L1_citation_ready,https://commons.wikimedia.org/wiki/File:NLC404-01J000514-10458_光明報_1947年19期.pdf,国内党政机关与档案馆,press_scan,yes,accepted,,,0,DCL-0024,duplicate,no,目录第1页列出；PDF第11页题名起页，第11—12页为连续正文，PDF第13页已转入另一篇文章。
domestic:NLC:guangmingbao-1948-1949-v1n1-refute-hu-shi-gaoji,1946-1950,NLC,,,1948-03-01,L1,L1_citation_ready,https://commons.wikimedia.org/wiki/File:NLC404-01J000514-10484_光明報_1948年1卷1期.pdf,国内党政机关与档案馆,press_scan,yes,accepted,,,3,DCL-0013,duplicate,no,PDF第6页页首大题《駁胡適〈國際形勢裏的兩個問題〉》，署高集；第7—8页为连续正文；第9页转入郭沫若近影与另一文，故页界为PDF第6—8页。
domestic:NLC:guangmingbao-1948-1949-v1n12-three-premises-li-xiangfu,1946-1950,NLC,,,1948-08-16,L1,L1_citation_ready,https://commons.wikimedia.org/wiki/File:NLC404-01J000514-10514_光明報_1948年1卷12期.pdf,国内党政机关与档案馆,press_scan,yes,accepted,,,3,DCL-0014,duplicate,no,PDF第3页页首大题《三個前提與五項原則》，署李相符，副题涉及新政协共同施政纲领意见；第4页连续正文；第5页续文末并见本期目录栏（反对美国援蒋扶日、本篇等）。上一文《反對美國援蔣扶日》止于第2页。页界记为PDF第3—5页。
domestic:NLC:guangmingbao-1947-12-si-tan-guo-shi,1946-1950,NLC,,,1947-01-08,L1,L1_citation_ready,https://commons.wikimedia.org/wiki/File:NLC404-01J000514-72818_光明報_1947年12期.pdf,国内党政机关与档案馆,press_scan,yes,accepted,,,3,DCL-0018,duplicate,no,封面目录列陳此生《肆談國事》；PDF第4页右栏大字题名《肆談國事》及署名「陳此生」可辨；第4页起「一、詐風不止國禍難已」，第5页续「二、所謂為政協憲草而參加國大」「三、所謂有武裝的政黨」，第6页可见「四、兩種民主和和平」编号连续。第6页同页起栏另见黄药眠题名，故第6页为两文共用页。第7页无本篇新题名。
domestic:NLC:guangmingbao-1947-12-respond-anti-us-military,1946-1950,NLC,,,1947-01-08,L1,L1_citation_ready,https://commons.wikimedia.org/wiki/File:NLC404-01J000514-72818_光明報_1947年12期.pdf,国内党政机关与档案馆,press_scan,yes,accepted,,,2,DCL-0018,duplicate,no,封面目录列黄药眠《響應反對美軍暴行運動》；PDF第6页大字题名《響應反對美軍暴行運動》及署名「黃藥眠」可辨，正文论美军暴行与响应运动；第7页无新题名、正文连续，页末见「歡迎批評／歡迎定閱」；第8页已转入胡愈之等新题。第6页同页另有陈此生「四、兩種民主和和平」残栏。
domestic:NLC:guangmingbao-1947-12-second-plenum-domestic-situation,1946-1950,NLC,,,1947-01-08,L1,L1_citation_ready,https://commons.wikimedia.org/wiki/File:NLC404-01J000514-72818_光明報_1947年12期.pdf,国内党政机关与档案馆,press_scan,yes,accepted,,,2,DCL-0018,duplicate,no,封面目录列胡愈之《民盟二中全會與國內局勢》；PDF第8页右栏大字题名《民盟二中全會與國內局勢》、署名「胡愈之」并见「轉載」；正文起述民盟二中全会与国内政局。第9页无本篇新题名，正文续论民盟与国内局势；第10页转入王健《訪問沈鈞儒先生》。第8—9页另栏见「民主運動在南洋」等短讯，不并入本条。注：一届二中全会召开于1947年1月，本稿为本期（1947-01-08）转载政论，不作会期日期臆测。
domestic:NLC:guangmingbao-1947-12-interview-shen-junru,1946-1950,NLC,,,1947-01-08,L1,L1_citation_ready,https://commons.wikimedia.org/wiki/File:NLC404-01J000514-72818_光明報_1947年12期.pdf,国内党政机关与档案馆,press_scan,yes,accepted,,,2,DCL-0018,duplicate,no,封面目录列王健《訪問沈鈞儒先生》；PDF第10页大字题名《訪問沈鈞儒先生》及署名「王健」可辨，访谈体例（问「記者」/答「沈」）清楚；第11页右栏续访谈正文，左栏已转入民盟声明；第12页为晨曦新题。
domestic:NLC:guangmingbao-1947-12-qingmo-democracy-two-paths,1946-1950,NLC,,,1947-01-08,L1,L1_citation_ready,https://commons.wikimedia.org/wiki/File:NLC404-01J000514-72818_光明報_1947年12期.pdf,国内党政机关与档案馆,press_scan,yes,accepted,,,2,DCL-0018,duplicate,no,封面目录列晨曦《清末民主運動的兩條路線》；PDF第12页大字题名《清末民主運動的兩條路線》及副题「—民主運動史話之二」、署名「晨曦」可辨；第13页无新题名、史话正文连续；第14页转入黎洪《反對美軍暴行》。
domestic:NLC:guangmingbao-1947-12-oppose-us-atrocities-shanghai,1946-1950,NLC,,,1947-01-08,L1,L1_citation_ready,https://commons.wikimedia.org/wiki/File:NLC404-01J000514-72818_光明報_1947年12期.pdf,国内党政机关与档案馆,press_scan,yes,accepted,,,2,DCL-0018,duplicate,no,封面目录列「反對美軍暴行（上海通訊）」黎洪；PDF第14页右栏大字题名《反對美軍暴行！》、副标「上海通訊」、署名「黎洪」可辨；第14—15页连续报道上海反美暴行运动；第14—15页另栏有「滬民主人士」意见辑，不并入本条。第16页左栏或仍续上海通讯叙事，但同页右栏已见《學生致杜魯門總統書》，本条止于第15页以免与文件混页。
domestic:NLC:guangmingbao-1947-12-shanghai-democrats-on-us-atrocities,1946-1950,NLC,,,1947-01-08,L1,L1_citation_ready,https://commons.wikimedia.org/wiki/File:NLC404-01J000514-72818_光明報_1947年12期.pdf,国内党政机关与档案馆,press_scan,yes,accepted,,,2,DCL-0018,duplicate,no,封面目录列「滬民主人士對美軍暴行意見」；PDF第14页下栏见「滬民主人士」意见辑（李濟深、郭沫若、沈鈞儒等）；第15页下栏续「滬民主人士對美軍暴行意見」题名及馬敘倫、沈志遠、張申府、劉王立明等发言摘录。与黎洪《反對美軍暴行》同页但栏界可分。
domestic:NLC:guangmingbao-1947-issue22-middle-route-again-deng,1946-1950,NLC,,,1947-08-01,L1,L1_citation_ready,https://commons.wikimedia.org/wiki/File%3ANLC404-01J000514-10483_%E5%85%89%E6%98%8E%E5%A0%B1_1947%E5%B9%B422%E6%9C%9F.pdf,国内党政机关与档案馆,press_scan,yes,accepted,,,2,DCL-0003,duplicate,no,封面目錄列出鄧初民《再論中間路線問題》；PDF第4頁右欄大字題名可辨「再論…」與署名「鄧初民」，正文連續至第5頁；第6頁起轉為陸詒《打了一年多以後的結果》。
domestic:NLC:guangmingbao-1947-issue22-one-year-war-result-lu,1946-1950,NLC,,,1947-08-01,L1,L1_citation_ready,https://commons.wikimedia.org/wiki/File%3ANLC404-01J000514-10483_%E5%85%89%E6%98%8E%E5%A0%B1_1947%E5%B9%B422%E6%9C%9F.pdf,国内党政机关与档案馆,press_scan,yes,accepted,,,3,DCL-0003,duplicate,no,封面目錄列出陸詒《打了一年多以後的結果》；PDF第6頁題名與署名「陸詒」可辨；第7–8頁無新篇大題，正文連續；第9頁起進入「鄒李聞陶四先烈紀念特輯」。
domestic:NLC:guangmingbao-1947-issue22-cry-recall-xingzhi-deng,1946-1950,NLC,,,1947-08-01,L1,L1_citation_ready,https://commons.wikimedia.org/wiki/File%3ANLC404-01J000514-10483_%E5%85%89%E6%98%8E%E5%A0%B1_1947%E5%B9%B422%E6%9C%9F.pdf,国内党政机关与档案馆,press_scan,yes,accepted,,,1,DCL-0003,duplicate,no,特輯首頁（PDF第9頁）大字題名「哭憶行知」，副題「兼哭李公樸、聞一多先生」，署名「鄧初民」（封面作「初民」）；右直欄「鄒、李、聞、陶，四先烈紀念特輯」。第10頁起轉張曼筠文。
domestic:NLC:guangmingbao-1947-issue22-gongpu-still-beside-zhang,1946-1950,NLC,,,1947-08-01,L1,L1_citation_ready,https://commons.wikimedia.org/wiki/File%3ANLC404-01J000514-10483_%E5%85%89%E6%98%8E%E5%A0%B1_1947%E5%B9%B422%E6%9C%9F.pdf,国内党政机关与档案馆,press_scan,yes,accepted,,,1,DCL-0003,duplicate,no,PDF第10頁框題可辨「公樸，你還在我的身邊」，署名「張曼筠」；封面目錄作「公樸、我還在你的身邊」。同頁左欄另有「我們要學習」欄題，不併入本條。
domestic:NLC:guangmingbao-1947-issue22-learn-taofen-spirit-hu,1946-1950,NLC,,,1947-08-01,L1,L1_citation_ready,https://commons.wikimedia.org/wiki/File%3ANLC404-01J000514-10483_%E5%85%89%E6%98%8E%E5%A0%B1_1947%E5%B9%B422%E6%9C%9F.pdf,国内党政机关与档案馆,press_scan,yes,accepted,,,1,DCL-0003,duplicate,no,PDF第11頁題名「習韜奮精神」，署名「胡仲持」可辨；封面目錄對應條為「我們要學習韜奮的精神」。正文述生活書店與韜奮。
domestic:NLC:guangmingbao-1947-issue22-patriotic-poet-wen-hong,1946-1950,NLC,,,1947-08-01,L1,L1_citation_ready,https://commons.wikimedia.org/wiki/File%3ANLC404-01J000514-10483_%E5%85%89%E6%98%8E%E5%A0%B1_1947%E5%B9%B422%E6%9C%9F.pdf,国内党政机关与档案馆,press_scan,yes,accepted,,,1,DCL-0003,duplicate,no,PDF第12頁直欄大字題名「愛國詩人聞一多」，署名「洪道」可辨；封面目錄一致。第13頁起轉薩空了文。
domestic:NLC:guangmingbao-1947-issue22-hengshe-tonghua-sa,1946-1950,NLC,,,1947-08-01,L1,L1_citation_ready,https://commons.wikimedia.org/wiki/File%3ANLC404-01J000514-10483_%E5%85%89%E6%98%8E%E5%A0%B1_1947%E5%B9%B422%E6%9C%9F.pdf,国内党政机关与档案馆,press_scan,yes,accepted,,,1,DCL-0003,duplicate,no,PDF第13頁題名「由衡舍桐花談起」，署名「空了」（封面「薩空了」）可辨。第14頁起轉悼念短文欄。
domestic:NLC:guangmingbao-1947-issue22-action-memorial-peng,1946-1950,NLC,,,1947-08-01,L1,L1_citation_ready,https://commons.wikimedia.org/wiki/File%3ANLC404-01J000514-10483_%E5%85%89%E6%98%8E%E5%A0%B1_1947%E5%B9%B422%E6%9C%9F.pdf,国内党政机关与档案馆,press_scan,yes,accepted,,,1,DCL-0003,duplicate,no,PDF第14頁橫題「用行動來紀念鄒李聞陶四先生」，署名「彭澤民」；直欄總題「我們的悼念」。封面目錄一致（「四位先生」與正文「四先生」措辭微異）。
domestic:NLC:guangmingbao-1947-issue22-double-effort-people-shen,1946-1950,NLC,,,1947-08-01,L1,L1_citation_ready,https://commons.wikimedia.org/wiki/File%3ANLC404-01J000514-10483_%E5%85%89%E6%98%8E%E5%A0%B1_1947%E5%B9%B422%E6%9C%9F.pdf,国内党政机关与档案馆,press_scan,yes,accepted,,,1,DCL-0003,duplicate,no,PDF第14頁中欄題名「加倍為人民事業努力」，署名「沈志遠」可辨；封面目錄一致。位於「我們的悼念」欄內。
domestic:NLC:guangmingbao-1947-issue22-wipe-out-killers-li,1946-1950,NLC,,,1947-08-01,L1,L1_citation_ready,https://commons.wikimedia.org/wiki/File%3ANLC404-01J000514-10483_%E5%85%89%E6%98%8E%E5%A0%B1_1947%E5%B9%B422%E6%9C%9F.pdf,国内党政机关与档案馆,press_scan,yes,accepted,,,1,DCL-0003,duplicate,no,PDF第15頁右直題「撲滅殺人的兇手」，副行「以紀念鄒李聞陶四先烈」，署名「李伯球」；封面目錄有對應長題。
domestic:NLC:guangmingbao-1947-issue22-pass-the-test-hu-sheng,1946-1950,NLC,,,1947-08-01,L1,L1_citation_ready,https://commons.wikimedia.org/wiki/File%3ANLC404-01J000514-10483_%E5%85%89%E6%98%8E%E5%A0%B1_1947%E5%B9%B422%E6%9C%9F.pdf,国内党政机关与档案馆,press_scan,yes,accepted,,,1,DCL-0003,duplicate,no,PDF第15頁中欄題名「過關」，署名「胡繩」可辨；封面目錄一致。
domestic:NLC:guangmingbao-1947-issue22-liwen-anniversary-qian,1946-1950,NLC,,,1947-08-01,L1,L1_citation_ready,https://commons.wikimedia.org/wiki/File%3ANLC404-01J000514-10483_%E5%85%89%E6%98%8E%E5%A0%B1_1947%E5%B9%B422%E6%9C%9F.pdf,国内党政机关与档案馆,press_scan,yes,accepted,,,1,DCL-0003,duplicate,no,PDF第15頁題名「李聞週年祭」，署名「千家駒」可辨；封面目錄一致。第16頁起轉陳其瑗等文。
domestic:NLC:guangmingbao-1947-issue22-painful-memorial-chen,1946-1950,NLC,,,1947-08-01,L1,L1_citation_ready,https://commons.wikimedia.org/wiki/File%3ANLC404-01J000514-10483_%E5%85%89%E6%98%8E%E5%A0%B1_1947%E5%B9%B422%E6%9C%9F.pdf,国内党政机关与档案馆,press_scan,yes,accepted,,,1,DCL-0003,duplicate,no,PDF第16頁上欄題「「總動員」聲中／沉痛紀念鄒李聞陶四先生」，署名「陳其瑗」；封面目錄有「「總動員」聲中沉痛紀念」對應。
domestic:NLC:guangmingbao-1947-issue22-mourn-and-spur-song,1946-1950,NLC,,,1947-08-01,L1,L1_citation_ready,https://commons.wikimedia.org/wiki/File%3ANLC404-01J000514-10483_%E5%85%89%E6%98%8E%E5%A0%B1_1947%E5%B9%B422%E6%9C%9F.pdf,国内党政机关与档案馆,press_scan,yes,accepted,,,1,DCL-0003,duplicate,no,PDF第16頁中欄題名「悼念逝者，鞭策自己」，署名「雲彬」（封面「宋雲彬」）可辨。
domestic:NLC:guangmingbao-1947-issue22-dare-not-forget-chen,1946-1950,NLC,,,1947-08-01,L1,L1_citation_ready,https://commons.wikimedia.org/wiki/File%3ANLC404-01J000514-10483_%E5%85%89%E6%98%8E%E5%A0%B1_1947%E5%B9%B422%E6%9C%9F.pdf,国内党政机关与档案馆,press_scan,yes,accepted,,,1,DCL-0003,duplicate,no,PDF第16頁可見題名「不敢忘」，署名「陳此生」。封面目錄未單列此題，據正文頁目視補登。
domestic:NLC:guangmingbao-1947-issue22-dictators-killed-them-ye,1946-1950,NLC,,,1947-08-01,L1,L1_citation_ready,https://commons.wikimedia.org/wiki/File%3ANLC404-01J000514-10483_%E5%85%89%E6%98%8E%E5%A0%B1_1947%E5%B9%B422%E6%9C%9F.pdf,国内党政机关与档案馆,press_scan,yes,accepted,,,1,DCL-0003,duplicate,no,PDF第16頁題名「是獨裁者殺死了他們！」，署名「葉眠」；文末可見「一九四七年七月十五日發自香港」。封面目錄一致。
domestic:NLC:guangmingbao-1947-issue22-gongpu-rest-in-peace-simu,1946-1950,NLC,,,1947-08-01,L1,L1_citation_ready,https://commons.wikimedia.org/wiki/File%3ANLC404-01J000514-10483_%E5%85%89%E6%98%8E%E5%A0%B1_1947%E5%B9%B422%E6%9C%9F.pdf,国内党政机关与档案馆,press_scan,yes,accepted,,,1,DCL-0003,duplicate,no,PDF第17頁大字題名「公樸，安眠吧！」，署名「思慕」可辨；封面目錄一致。文內有「結論」小標，非另篇社論。
domestic:NLC:guangmingbao-1947-issue22-one-falls-thousands-rise-lu,1946-1950,NLC,,,1947-08-01,L1,L1_citation_ready,https://commons.wikimedia.org/wiki/File%3ANLC404-01J000514-10483_%E5%85%89%E6%98%8E%E5%A0%B1_1947%E5%B9%B422%E6%9C%9F.pdf,国内党政机关与档案馆,press_scan,yes,accepted,,,1,DCL-0003,duplicate,no,PDF第17頁題名「一個倒下去千百個起來」，署名「陸詒」；封面目錄一致。文末可見「一九四七·七·十六·於香港」。
domestic:NLC:guangmingbao-1947-issue22-history-essays-shen-gong,1946-1950,NLC,,,1947-08-01,L1,L1_citation_ready,https://commons.wikimedia.org/wiki/File%3ANLC404-01J000514-10483_%E5%85%89%E6%98%8E%E5%A0%B1_1947%E5%B9%B422%E6%9C%9F.pdf,国内党政机关与档案馆,press_scan,yes,accepted,,,1,DCL-0003,duplicate,no,PDF第18頁題名「讀史隨筆」，署名「申公」可辨；封面目錄一致。同頁另有通訊欄。
domestic:NLC:guangmingbao-1947-issue22-shantou-black-terror,1946-1950,NLC,,,1947-08-01,L1,L1_citation_ready,https://commons.wikimedia.org/wiki/File%3ANLC404-01J000514-10483_%E5%85%89%E6%98%8E%E5%A0%B1_1947%E5%B9%B422%E6%9C%9F.pdf,国内党政机关与档案馆,press_scan,yes,accepted,,,1,DCL-0003,duplicate,no,PDF第18頁題名「汕頭的黑色恐怖」，旁注「（汕頭通訊）」，署名「烈風」；封面目錄一致。
domestic:NLC:guangmingbao-1947-issue22-meixian-recent-look,1946-1950,NLC,,,1947-08-01,L1,L1_citation_ready,https://commons.wikimedia.org/wiki/File%3ANLC404-01J000514-10483_%E5%85%89%E6%98%8E%E5%A0%B1_1947%E5%B9%B422%E6%9C%9F.pdf,国内党政机关与档案馆,press_scan,yes,accepted,,,1,DCL-0003,duplicate,no,PDF第20頁框題「梅縣近貌」，署名「理晋」可辨；封面目錄作通訊「梅縣近貌」（作者欄小字易與「輝晋」混淆，以正文「理晋」為準）。
domestic:NLC:guangmingbao-1946-issue01-shen-zhiyuan-minmeng-current-situation-proposal,1946-1950,NLC,,,1946-09-18,L1,L1_citation_ready,https://commons.wikimedia.org/wiki/File%3ANLC404-01J000514-10834_%E5%85%89%E6%98%8E%E5%A0%B1_1946%E5%B9%B41%E6%9C%9F.pdf,国内党政机关与档案馆,press_scan,yes,accepted,,,1,DCL-0009,duplicate,no,《光明報》新一號（1946-09-18）第1页右下角短评专栏署名沈志遠，竖排题名《民盟对当前时局的主张》；属于创刊号（复刊号）首期同人多篇社论／时评之一，明确表达民盟在政协后对时局的政治主张，与社论《复刊词》形成同页对照。
domestic:NLC:guangmingbao-1946-issue01-liu-simou-youth-degeneration,1946-1950,NLC,,,1946-09-18,L1,L1_citation_ready,https://commons.wikimedia.org/wiki/File%3ANLC404-01J000514-10834_%E5%85%89%E6%98%8E%E5%A0%B1_1946%E5%B9%B41%E6%9C%9F.pdf,国内党政机关与档案馆,press_scan,yes,accepted,,,1,DCL-0009,duplicate,no,《光明報》新一號（1946-09-18）第1页右下角短评专栏署名劉思慕，竖排题名《青年的堕落》；与沈志遠、千家駒、黃藥眠同栏排列，属创刊号多篇时评组合。
domestic:NLC:guangmingbao-1946-issue02-huang-yaomian-us-imperialism-china,1946-1950,NLC,,,1946-09-28,L1,L1_citation_ready,https://commons.wikimedia.org/wiki/File%3ANLC404-01J000514-10835_%E5%85%89%E6%98%8E%E5%A0%B1_1946%E5%B9%B42%E6%9C%9F.pdf,国内党政机关与档案馆,press_scan,yes,accepted,,,1,DCL-0010,duplicate,no,《光明報》新二號（1946-09-28）第1页右下角短评专栏署名黃藥眠，竖排题名《美帝國主義對中國的侵略》；与社论《我们相信人民的力量》同页刊登，属民盟机关报对美援内战政策的直接批评。
domestic:NLC:guangmingbao-1946-issue04-yang-bokai-jiang-jieshi-speech-review,1946-1950,NLC,,,1946-10-18,L1,L1_citation_ready,https://commons.wikimedia.org/wiki/File%3ANLC404-01J000514-10425_%E5%85%89%E6%98%8E%E5%A0%B1_1946%E5%B9%B44%E6%9C%9F.pdf,国内党政机关与档案馆,press_scan,yes,accepted,,,1,DCL-0011,duplicate,no,《光明報》新四號（1946-10-18）第1页右下角短评专栏署名楊伯愷，竖排题名《评介蔣介石先生最近讲词》（社论《时机紧急中我们的态度》之外的同页时评）；1946年10月正值政府宣布召开国大、占领张家口之后，评论属于民盟对国民政府内战决策的同期直接反应。
domestic:NLC:guangmingbao-1946-issue04-di-chaobai-us-basic-attitude,1946-1950,NLC,,,1946-10-18,L1,L1_citation_ready,https://commons.wikimedia.org/wiki/File%3ANLC404-01J000514-10425_%E5%85%89%E6%98%8E%E5%A0%B1_1946%E5%B9%B44%E6%9C%9F.pdf,国内党政机关与档案馆,press_scan,yes,accepted,,,1,DCL-0011,duplicate,no,《光明報》新四號（1946-10-18）第1页右下角短评专栏署名狄超白，竖排题名《我们对美国的基本态度》；与杨伯愷、黃藥眠等同栏排列，属民盟对美援政策的持续表态。
domestic:NLC:guangmingbao-1946-issue07-shen-zhiyuan-truce-statement-review,1946-1950,NLC,,,1946-11-18,L1,L1_citation_ready,https://commons.wikimedia.org/wiki/File%3ANLC404-01J000514-10428_%E5%85%89%E6%98%8E%E5%A0%B1_1946%E5%B9%B47%E6%9C%9F.pdf,国内党政机关与档案馆,press_scan,yes,accepted,,,1,DCL-0012,duplicate,no,《光明報》新七號（1946-11-18）第1页右下角短评专栏署名沈志遠，竖排题名《评蔣主席的停战令和时局声明》；与社论《我们为什么不参加国大》同页，针对国大延期与停战令展开。
domestic:NLC:guangmingbao-1946-issue07-qian-jiaju-unequal-treaty,1946-1950,NLC,,,1946-11-18,L1,L1_citation_ready,https://commons.wikimedia.org/wiki/File%3ANLC404-01J000514-10428_%E5%85%89%E6%98%8E%E5%A0%B1_1946%E5%B9%B47%E6%9C%9F.pdf,国内党政机关与档案馆,press_scan,yes,accepted,,,1,DCL-0012,duplicate,no,《光明報》新七號（1946-11-18）第1页右下角短评专栏署名千家駒，竖排题名《不平等待遇的新条约》；属于国大延期、停战令期间民盟对中美商约与外援政策的同期评论。
domestic:NLC:guangmingbao-1946-issue06-editorial-pcc-ten-months,1946-1950,NLC,,,1946-11-08,L1,L1_citation_ready,https://commons.wikimedia.org/wiki/File%3ANLC404-01J000514-10427_%E5%85%89%E6%98%8E%E5%A0%B1_1946%E5%B9%B46%E6%9C%9F.pdf,国内党政机关与档案馆,press_scan,yes,accepted,,,1,DCL-0012,duplicate,no,《光明報》新六號（1946-11-08）第1页中央社论题名可辨为《從政協決議成立到今天已十個月了》；200 DPI 高清渲染后，原 90 DPI PaddleOCR 难以确定的题名现可逐字核读。正文回顾政协十个月来政协决议在国大、改组政府、停战等问题上的执行情况，明确拒斥违背政协决议召开之国大。
domestic:NLC:guangmingbao-1946-issue06-shen-zhiyuan-truce-statement-review,1946-1950,NLC,,,1946-11-08,L1,L1_citation_ready,https://commons.wikimedia.org/wiki/File%3ANLC404-01J000514-10427_%E5%85%89%E6%98%8E%E5%A0%B1_1946%E5%B9%B46%E6%9C%9F.pdf,国内党政机关与档案馆,press_scan,yes,accepted,,,1,DCL-0012,duplicate,no,《光明報》新六號（1946-11-08）第1页右下角短评专栏署名沈志遠，竖排题名《评蔣主席的停战令和时局声明》；与社论《从政协决议成立到今天已十个月了》同页，属国大延期及停战令期间民盟对国民政府声明的同期时评。
domestic:NLC:guangmingbao-1946-issue06-qian-jiaju-unequal-treaty,1946-1950,NLC,,,1946-11-08,L1,L1_citation_ready,https://commons.wikimedia.org/wiki/File%3ANLC404-01J000514-10427_%E5%85%89%E6%98%8E%E5%A0%B1_1946%E5%B9%B46%E6%9C%9F.pdf,国内党政机关与档案馆,press_scan,yes,accepted,,,1,DCL-0012,duplicate,no,《光明報》新六號（1946-11-08）第1页右下角短评专栏署名千家駒，竖排题名《不平等待遇的新条约》；与社论及沈志遠时评同页排列，属1946年下半年民盟对美援内战政策的持续表态。
domestic:NLC:guangmingbao-1947-issue13-our-attitude-editorial,1946-1950,NLC,,,1947-01-18,L1,L1_citation_ready,https://commons.wikimedia.org/wiki/File:NLC404-01J000514-10453_光明報_1947年13期.pdf,国内党政机关与档案馆,press_scan,yes,accepted,,,1,DCL-0019,duplicate,no,封面目錄列『我們的態度（社論）』；PDF第2頁大字題名與『社論』徽共現；第3頁轉入『短評』欄，故止於第2頁。
domestic:NLC:guangmingbao-1947-issue13-zhang-lan-plenum-opening,1946-1950,NLC,,,1947-01-18,L1,L1_citation_ready,https://commons.wikimedia.org/wiki/File:NLC404-01J000514-10453_光明報_1947年13期.pdf,国内党政机关与档案馆,press_scan,yes,accepted,,,2,DCL-0019,duplicate,no,封面目錄列出；PDF第4頁通欄大字題名起頁；第5頁右欄可見開幕講詞收束後接《民盟二中全會張瀾主席閉幕詞》，故止於第5頁。
domestic:NLC:guangmingbao-1947-issue13-zhang-lan-plenum-closing,1946-1950,NLC,,,1947-01-18,L1,L1_citation_ready,https://commons.wikimedia.org/wiki/File:NLC404-01J000514-10453_光明報_1947年13期.pdf,国内党政机关与档案馆,press_scan,yes,accepted,,,1,DCL-0019,duplicate,no,封面目錄列『民盟二中全會張瀾主席閉幕詞』；PDF第5頁大字題名與張瀾肖像共現；第6頁轉入『民盟二中全會剪影輯』。
domestic:NLC:guangmingbao-1947-issue13-plenum-clippings,1946-1950,NLC,,,1947-01-18,L1,L1_citation_ready,https://commons.wikimedia.org/wiki/File:NLC404-01J000514-10453_光明報_1947年13期.pdf,国内党政机关与档案馆,press_scan,yes,accepted,,,1,DCL-0019,duplicate,no,封面目錄列『民盟二中全會剪影』；PDF第6頁框題『民盟二中全會剪影輯』，下列重要決議案等欄。同頁另有『對馬歇爾聲明發表書面意見』等，本條僅登記剪影輯框題所涵蓋欄目起頁。
domestic:NLC:guangmingbao-1947-issue14-pcc-anniversary-editorial,1946-1950,NLC,,,1947-01-28,L1,L1_citation_ready,https://commons.wikimedia.org/wiki/File:NLC404-01J000514-10454_光明報_1947年14期.pdf,国内党政机关与档案馆,press_scan,yes,accepted,,,1,DCL-0020,duplicate,no,封面目錄列『政協決議一週年……社論』；PDF第2頁大字題名與『社論』徽共現；第3頁轉入『短評』。
domestic:NLC:guangmingbao-1947-issue14-plenum-political-report,1946-1950,NLC,,,1947-01-28,L1,L1_citation_ready,https://commons.wikimedia.org/wiki/File:NLC404-01J000514-10454_光明報_1947年14期.pdf,国内党政机关与档案馆,press_scan,yes,accepted,,,8,DCL-0020,duplicate,no,封面目錄列『民主同盟二中全會政治報告全文』；PDF第4頁大字題名並注『（代宣言）』；第4—11頁連續正文分節；第11頁可見收束與（完）類標誌；第12頁轉入沈志遠《我對於民盟二中全會的觀感》。
domestic:NLC:guangmingbao-1947-issue14-shen-zhiyuan-plenum-impression,1946-1950,NLC,,,1947-01-28,L1,L1_citation_ready,https://commons.wikimedia.org/wiki/File:NLC404-01J000514-10454_光明報_1947年14期.pdf,国内党政机关与档案馆,press_scan,yes,accepted,,,2,DCL-0020,duplicate,no,封面目錄列『我對民盟二中全會的觀感……沈志遠』；PDF第12頁大字題名與署名『沈志遠』共現；第13頁續完；第14頁轉入李伯球《二中全會的收穫》。
domestic:NLC:guangmingbao-1947-issue14-li-boqiu-plenum-gains,1946-1950,NLC,,,1947-01-28,L1,L1_citation_ready,https://commons.wikimedia.org/wiki/File:NLC404-01J000514-10454_光明報_1947年14期.pdf,国内党政机关与档案馆,press_scan,yes,accepted,,,1,DCL-0020,duplicate,no,封面目錄列『二中全會的收穫……李伯球』；PDF第14頁框題『二中全會的收穫』與署名『李伯球』共現；文末可見『卅六年一月廿日於香港』。同頁後有『全會開幕前的兩件大事』等，本條僅登記本篇起止以本頁為主。
domestic:NLC:guangmingbao-1947-issue15-heavier-task-editorial,1946-1950,NLC,,,1947-02-08,L1,L1_citation_ready,https://commons.wikimedia.org/wiki/File:NLC404-01J000514-10455_光明報_1947年15期.pdf,国内党政机关与档案馆,press_scan,yes,accepted,,,1,DCL-0021,duplicate,no,封面目錄列『民盟的任務更繁重了……社論』；PDF第2頁大字題名與『社論』徽共現；第3頁轉入『短評』。
domestic:NLC:guangmingbao-1947-issue15-huang-yaomian-pcc-line,1946-1950,NLC,,,1947-02-08,L1,L1_citation_ready,https://commons.wikimedia.org/wiki/File:NLC404-01J000514-10455_光明報_1947年15期.pdf,国内党政机关与档案馆,press_scan,yes,accepted,,,3,DCL-0021,duplicate,no,封面目錄列『政協決議與政協路線……黃藥眠』；PDF第4頁大字題名與署名共現；第4—6頁連續正文；第7頁轉入『走上了新的階段』。
domestic:NLC:guangmingbao-1947-issue16-17-li-jishen-situation-views,1946-1950,NLC,,,1947-03-18,L1,L1_citation_ready,https://commons.wikimedia.org/wiki/File:NLC404-01J000514-10456_光明報_1947年16–17期.pdf,国内党政机关与档案馆,press_scan,yes,accepted,,,1,DCL-0022,duplicate,no,封面目錄首條對應李濟深時局意見；PDF第2頁欄標『轉載』、大字題名『李濟深將軍對時局意見』；第3頁轉入《中國民主同盟對時局宣言》。
domestic:NLC:guangmingbao-1947-issue16-17-minmeng-situation-declaration,1946-1950,NLC,,,1947-03-18,L1,L1_citation_ready,https://commons.wikimedia.org/wiki/File:NLC404-01J000514-10456_光明報_1947年16–17期.pdf,国内党政机关与档案馆,press_scan,yes,accepted,,,1,DCL-0022,duplicate,no,PDF第3頁通欄大字題名『中國民主同盟對時局宣言』；文末可見『中華民國三十六年三月八日』；第4頁轉入社論。
domestic:NLC:guangmingbao-1947-issue16-17-respond-li-jishen-editorial,1946-1950,NLC,,,1947-03-18,L1,L1_citation_ready,https://commons.wikimedia.org/wiki/File:NLC404-01J000514-10456_光明報_1947年16–17期.pdf,国内党政机关与档案馆,press_scan,yes,accepted,,,1,DCL-0022,duplicate,no,PDF第4頁『社論』徽下（一）大字題名『響應李濟深先生對時局主張』；與同頁社論（二）并列；第5頁轉入李伯球文。
domestic:NLC:guangmingbao-1947-issue16-17-moscow-conference-china-editorial,1946-1950,NLC,,,1947-03-18,L1,L1_citation_ready,https://commons.wikimedia.org/wiki/File:NLC404-01J000514-10456_光明報_1947年16–17期.pdf,国内党政机关与档案馆,press_scan,yes,accepted,,,1,DCL-0022,duplicate,no,PDF第4頁社論（二）大字題名『莫斯科會議應該討論中國問題』；第5頁轉入李伯球《從上海看民主運動的動態》。
domestic:NLC:guangmingbao-1947-issue18-people-cannot-endure-editorial,1946-1950,NLC,,,1947-05-14,L1,L1_citation_ready,https://commons.wikimedia.org/wiki/File:NLC404-01J000514-10457_光明報_1947年18期.pdf,国内党政机关与档案馆,press_scan,yes,accepted,,,2,DCL-0023,duplicate,no,封面目錄列『老百姓是再也不能忍耐了（社論）』；PDF第2頁『社論』徽與豎排題名起筆；第3頁續題『也不能忍耐了』至收束；第4頁轉入彭澤民書面談話；第5頁為短評。
domestic:NLC:guangmingbao-1947-issue18-nantotal-press-reception,1946-1950,NLC,,,1947-05-14,L1,L1_citation_ready,https://commons.wikimedia.org/wiki/File:NLC404-01J000514-10457_光明報_1947年18期.pdf,国内党政机关与档案馆,press_scan,yes,accepted,,,1,DCL-0023,duplicate,no,封面目錄列『民盟南總招待中外記者誌詳……本報記者』；PDF第2頁中欄大字題名『民盟南總支部招待中外記者誌詳』與『本報記者』共現；與同頁社論分欄。
domestic:NLC:guangmingbao-1947-issue18-peng-zemin-statement,1946-1950,NLC,,,1947-05-14,L1,L1_citation_ready,https://commons.wikimedia.org/wiki/File:NLC404-01J000514-10457_光明報_1947年18期.pdf,国内党政机关与档案馆,press_scan,yes,accepted,,,1,DCL-0023,duplicate,no,封面目錄列『民盟南總主委彭澤民書面談話』；PDF第4頁通欄大字題名『民盟南總支部申明態度』及副題『主任委員彭澤民發表書面談話』；第5頁轉入短評。
domestic:NLC:guangmingbao-1947-issue21-deng-chumin-middle-route,1946-1950,NLC,,,1947-07-05,L1,L1_citation_ready,https://commons.wikimedia.org/wiki/File:NLC404-01J000514-10460_光明報_1947年21期.pdf,国内党政机关与档案馆,press_scan,yes,accepted,,,3,DCL-0025,duplicate,no,封面目錄列『中間路線沒有現實的根據……鄧初民』；PDF第4頁大字題名與署名共現；第4—6頁連續正文；第7頁轉入黃藥眠《略論巴黎的三外長會議》。
domestic:MM1941:outline-1946-nian-shengming-jianghua-neirong,1946-1950,MM1941,,,1946,L3,L3_press_surrogate,http://www.minmeng1941.cn/outline?page=1&ChannelID=9317&randno=0&templet=&resultid=2767#DDE_24,民盟自身与盟史,book_or_assembly,no,accepted,,,0,DCL-0026,duplicate,no,WebFetch/urllib 2026-07-20 实测：从 /outline?page=2&ChannelID=9317&resultid=2767 GET 公开返回 HTML，提取 DDE_24 字段内嵌标题『1946 年声明讲话内容』。文档时间：1946。1946 年民盟重要声明讲话档案完整内容受登录墙限制（需 cheer 提供登录会话或下载扫描件）。升级 L2 需 cheer 在 Chrome 中点击 bd(this) 取实际文献页面；升级 L1 需 cheer 提供原始 PDF / 影像 / 录音文件。
domestic:MM1941:outline-jianguoqian-fujian-mengshi-ziliao-zhong,1946-1950,MM1941,,,1946-1949,L3,L3_press_surrogate,http://www.minmeng1941.cn/outline?page=1&ChannelID=9317&randno=0&templet=&resultid=2767#DDE_108,民盟自身与盟史,book_or_assembly,no,accepted,,,0,DCL-0027,duplicate,no,WebFetch/urllib 2026-07-20 实测：从 /outline?page=8&ChannelID=9317&resultid=2767 GET 公开返回 HTML，提取 DDE_108 字段内嵌标题『建国前福建盟史资料汇编（中）』。文档时间：1946-1949。1946-1949 福建民盟史料汇编中卷完整内容受登录墙限制（需 cheer 提供登录会话或下载扫描件）。升级 L2 需 cheer 在 Chrome 中点击 bd(this) 取实际文献页面；升级 L1 需 cheer 提供原始 PDF / 影像 / 录音文件。
domestic:MM1941:outline-jianguoqian-fujian-mengshi-ziliao-xia,1946-1950,MM1941,,,1946-1949,L3,L3_press_surrogate,http://www.minmeng1941.cn/outline?page=1&ChannelID=9317&randno=0&templet=&resultid=2767#DDE_109,民盟自身与盟史,book_or_assembly,no,accepted,,,0,DCL-0027,duplicate,no,WebFetch/urllib 2026-07-20 实测：从 /outline?page=8&ChannelID=9317&resultid=2767 GET 公开返回 HTML，提取 DDE_109 字段内嵌标题『建国前福建盟史资料汇编（下）』。文档时间：1946-1949。1946-1949 福建民盟史料汇编下卷完整内容受登录墙限制（需 cheer 提供登录会话或下载扫描件）。升级 L2 需 cheer 在 Chrome 中点击 bd(this) 取实际文献页面；升级 L1 需 cheer 提供原始 PDF / 影像 / 录音文件。
domestic:MM1941:outline-1942-1949-minmeng-zai-shaanxi-jing,1941-1943,MM1941,,,1942-1949,L3,L3_press_surrogate,http://www.minmeng1941.cn/outline?page=1&ChannelID=9317&randno=0&templet=&resultid=2767#DDE_145,民盟自身与盟史,book_or_assembly,no,accepted,,,0,DCL-0028,duplicate,no,WebFetch/urllib 2026-07-20 实测：从 /outline?page=10&ChannelID=9317&resultid=2767 GET 公开返回 HTML，提取 DDE_145 字段内嵌标题『民盟在陕西（精）』。文档时间：1942-1949。1942-1949 民盟在陕西 精装本完整内容受登录墙限制（需 cheer 提供登录会话或下载扫描件）。升级 L2 需 cheer 在 Chrome 中点击 bd(this) 取实际文献页面；升级 L1 需 cheer 提供原始 PDF / 影像 / 录音文件。
domestic:MM1941:outline-1946-1949-minmeng-zongbu-shanghai,1946-1950,MM1941,,,1946-1949,L3,L3_press_surrogate,http://www.minmeng1941.cn/outline?page=1&ChannelID=9317&randno=0&templet=&resultid=2767#DDE_149,民盟自身与盟史,book_or_assembly,no,accepted,,,0,DCL-0027,duplicate,no,WebFetch/urllib 2026-07-20 实测：从 /outline?page=10&ChannelID=9317&resultid=2767 GET 公开返回 HTML，提取 DDE_149 字段内嵌标题『民盟总部在沪活动纪实』。文档时间：1946-1949。民盟总部 1946-1949 在上海活动档案完整内容受登录墙限制（需 cheer 提供登录会话或下载扫描件）。升级 L2 需 cheer 在 Chrome 中点击 bd(this) 取实际文献页面；升级 L1 需 cheer 提供原始 PDF / 影像 / 录音文件。
domestic:MM1941:outline-1946-1949-nanfang-mengshi-shiling,1946-1950,MM1941,,,1946-1949,L3,L3_press_surrogate,http://www.minmeng1941.cn/outline?page=1&ChannelID=9317&randno=0&templet=&resultid=2767#DDE_150,民盟自身与盟史,book_or_assembly,no,accepted,,,0,DCL-0027,duplicate,no,WebFetch/urllib 2026-07-20 实测：从 /outline?page=10&ChannelID=9317&resultid=2767 GET 公开返回 HTML，提取 DDE_150 字段内嵌标题『南方盟史拾零』。文档时间：1946-1949。民盟南方总支部 1946-1949 史料完整内容受登录墙限制（需 cheer 提供登录会话或下载扫描件）。升级 L2 需 cheer 在 Chrome 中点击 bd(this) 取实际文献页面；升级 L1 需 cheer 提供原始 PDF / 影像 / 录音文件。
domestic:MM1941:outline-shaanxi-minmeng-shi,1941-1943,MM1941,,,1942-2012,L3,L3_press_surrogate,http://www.minmeng1941.cn/outline?page=1&ChannelID=9317&randno=0&templet=&resultid=2767#DDE_159,民盟自身与盟史,book_or_assembly,no,accepted,,,0,DCL-0029,duplicate,no,WebFetch/urllib 2026-07-20 实测：从 /outline?page=11&ChannelID=9317&resultid=2767 GET 公开返回 HTML，提取 DDE_159 字段内嵌标题『陕西民盟史』。文档时间：1942-2012。陕西民盟组织史完整内容受登录墙限制（需 cheer 提供登录会话或下载扫描件）。升级 L2 需 cheer 在 Chrome 中点击 bd(this) 取实际文献页面；升级 L1 需 cheer 提供原始 PDF / 影像 / 录音文件。
domestic:MM1941:outline-shaanxi-sheng-zhibu-choubei-weiyuanhui-mingdan,1941-1943,MM1941,,,1942,L3,L3_press_surrogate,http://www.minmeng1941.cn/outline?page=1&ChannelID=9317&randno=0&templet=&resultid=2767#DDE_164,民盟自身与盟史,book_or_assembly,no,accepted,,,0,DCL-0030,duplicate,no,WebFetch/urllib 2026-07-20 实测：从 /outline?page=11&ChannelID=9317&resultid=2767 GET 公开返回 HTML，提取 DDE_164 字段内嵌标题『陕西省支部筹备委员会名单』。文档时间：1942。民盟西北组织筹建核心档案完整内容受登录墙限制（需 cheer 提供登录会话或下载扫描件）。升级 L2 需 cheer 在 Chrome 中点击 bd(this) 取实际文献页面；升级 L1 需 cheer 提供原始 PDF / 影像 / 录音文件。
domestic:MM1941:outline-1942-1949-xian-minmeng-xibei-zongzhibu-mimi-huodongdi,1941-1943,MM1941,,,1942-1949,L3,L3_press_surrogate,http://www.minmeng1941.cn/outline?page=1&ChannelID=9317&randno=0&templet=&resultid=2767#DDE_184,民盟自身与盟史,book_or_assembly,no,accepted,,,0,DCL-0028,duplicate,no,WebFetch/urllib 2026-07-20 实测：从 /outline?page=13&ChannelID=9317&resultid=2767 GET 公开返回 HTML，提取 DDE_184 字段内嵌标题『西安市民盟西北总支部秘密活动地』。文档时间：1942-1949。1942-1949 民盟西北总支部地下活动地完整内容受登录墙限制（需 cheer 提供登录会话或下载扫描件）。升级 L2 需 cheer 在 Chrome 中点击 bd(this) 取实际文献页面；升级 L1 需 cheer 提供原始 PDF / 影像 / 录音文件。
domestic:WM:1949-xinzhengxie-choubeihui-changwei-heying,1946-1950,WM,,,1949,L2,L2_page_cite,https://commons.wikimedia.org/wiki/File:%E6%96%B0%E6%94%BF%E5%8D%8F%E7%AD%B9%E5%A4%87%E4%BC%9A%E5%B8%B8%E5%A7%94%E5%90%88%E5%BD%B1.jpg,公共数字化/学术/海外,press_scan,yes,accepted,,,0,DCL-0031,duplicate,no,WebFetch 2026-07-20 实测 Wikimedia Commons /wiki/Category:Huang_Yanpei 14 文件；新政协筹备会常委合影（1949）含民盟核心代表；L2 等级：PD-China + 1949 关键时点。
domestic:GMD:2022-12-22-zhongguo-minmeng-baojing,1941-1943,GMD,,,2022-12-22,L2,L2_page_cite,https://news.gmw.cn/2022-12/22/content_36249069.htm,政协/统一战线/官方媒体,official_publication,yes,accepted,,,0,DCL-0032,duplicate,no,urllib 2026-07-21 实测 9471 字节；中国民主同盟第十三届中央委员会相关报道；L2 等级：光明日报官方。
