candidate_id,title,event_date,institution,original_url,page_url,source_type,layer_label,access_status,mime,file_size_bytes,sha256,page_count,page_chain,judgment_basis,gap_theme,concrete_class,probe_status,probe_error,wave,citation_ready,human_verified,verified_at
W6-HG-COMMON-PROGRAM,共同纲领（维基文库）,1949-09-29,维基文库,https://zh.wikisource.org/wiki/中國人民政治協商會議共同綱領,https://zh.wikisource.org/wiki/中國人民政治協商會議共同綱領,primary_legal_text_transcript,primary_legal_text_public,public_remote_accessible,text/html; charset=UTF-8,,,,https://zh.wikisource.org/wiki/中國人民政治協商會議共同綱領,公开法律文本；非影像。,1948-1949_cluster,concrete_public_text_remote,200,,6,False,False,2026-08-02T20:44:54+08:00
W6-HG-FOUNDING-WS,政团同盟成立宣言（维基文库）,1941-10-10,维基文库,https://zh.wikisource.org/wiki/中國民主政團同盟成立宣言,https://zh.wikisource.org/wiki/中國民主政團同盟成立宣言,public_transcript_of_primary_text,transcript_not_scan,public_remote_accessible,text/html; charset=UTF-8,,,,https://zh.wikisource.org/wiki/中國民主政團同盟成立宣言,转录≠原报。,1941-1946_early_mid,concrete_public_text_remote,200,,6,False,False,2026-08-02T20:44:54+08:00
W6-LEAD-SEPT-T2,Sept T2 中央社院请求,1941-1949,中央社会主义学院,,work/domestic/HARD_GAPS_SEPT_PACKAGE_20260802/T2_中央社会主义学院_院史与三中全会_request_draft_20260802.md,archive_request_lead,lead_only_archive_request,lead_only_no_local_bytes,,,,,work/domestic/HARD_GAPS_SEPT_PACKAGE_20260802/T2_中央社会主义学院_院史与三中全会_request_draft_20260802.md,人工请求模板。,1948-1949_cluster,lead_only,,,6,False,False,2026-08-02T20:44:54+08:00
W6-LEAD-SEPT-T5,Sept T5 全国政协/统战请求,1949,全国政协/中央统战部,,work/domestic/HARD_GAPS_SEPT_PACKAGE_20260802/T5_全国政协中央统战部_1949_政协筹备与统战档案_request_draft_20260802.md,archive_request_lead,lead_only_archive_request,lead_only_no_local_bytes,,,,,work/domestic/HARD_GAPS_SEPT_PACKAGE_20260802/T5_全国政协中央统战部_1949_政协筹备与统战档案_request_draft_20260802.md,人工请求模板。,1948-1949_cluster,lead_only,,,6,False,False,2026-08-02T20:44:54+08:00
W6-LEAD-B02-CPPCC-DOCS,一届政协文献选编 lead,1949,人民政协出版社,,work/domestic/OFFICIAL_RESEARCH_CODEX_PACKET_20260802/B_02_1948_49_LEADS.jsonl,publication_acquisition_lead,lead_only_publication,lead_only_no_local_bytes,,,,,work/domestic/OFFICIAL_RESEARCH_CODEX_PACKET_20260802/B_02_1948_49_LEADS.jsonl,出版物 lead；未购前不得写已下载。,1948-1949_cluster,lead_only,,,6,False,False,2026-08-02T20:44:54+08:00
W6-LOCAL-001,NLC511-012031312030001-21905_大公報_第113卷.pdf,from_filename_pending,local_scan,,local://data/domestic/press_scans/NLC511-012031312030001-21905_大公報_第113卷.pdf,local_primary_or_compiled_scan,contemporaneous_primary_scan,local_file_verified,application/pdf,92180675,31060177686a64a99f1c8b464d972d3a5271f00c6ee47e8616b5340b8f771c84,232,local:data/domestic/press_scans/NLC511-012031312030001-21905_大公報_第113卷.pdf,Wave6 新本地绑定；人工确认 period/是否汇编。,1947_cluster,concrete_primary_scan_local,,,6,False,False,2026-08-02T20:44:54+08:00
W6-LOCAL-002,NLC511-012031312030001-21906_大公報_第114卷.pdf,from_filename_pending,local_scan,,local://data/domestic/press_scans/NLC511-012031312030001-21906_大公報_第114卷.pdf,local_primary_or_compiled_scan,contemporaneous_primary_scan,local_file_verified,application/pdf,111330592,80d5daea555bfa6e5df03baaa71b4b0dc251510adb89752ab93da3ce932bb0bd,248,local:data/domestic/press_scans/NLC511-012031312030001-21906_大公報_第114卷.pdf,Wave6 新本地绑定；人工确认 period/是否汇编。,1947_cluster,concrete_primary_scan_local,,,6,False,False,2026-08-02T20:44:54+08:00
W6-LOCAL-005,domestic:SCU:democratic-league-anti-civil-war-talk-1945-11-02_中国民主同盟发言人发表反对内战的谈话_070.pdf,from_filename_pending,local_scan,,local://data/domestic/official_research_public_20260730/pdf/domestic:SCU:democratic-league-anti-civil-war-talk-1945-11-02_中国民主同盟发言人发表反对内战的谈话_070.pdf,local_primary_or_compiled_scan,local_scan_unclassified,local_file_verified,application/pdf,37533387,9fb353e97db9bff3781da23c382ea46bce3393b4ffe3a794b64f028a1ed0eefc,349,local:data/domestic/official_research_public_20260730/pdf/domestic:SCU:democratic-league-anti-civil-war-talk-1945-11-02_中国民主同盟发言人发表反对内战的谈话_070.pdf,Wave6 新本地绑定；人工确认 period/是否汇编。,1941-1946_early_mid,concrete_local_scan,,,6,False,False,2026-08-02T20:44:54+08:00
W6-LOCAL-006,commons_NLC_民主同盟二中全会政治报告.pdf,from_filename_pending,local_scan,,local://data/domestic/grok_cycle_0007_20260801/pdf/commons_NLC_民主同盟二中全会政治报告.pdf,local_primary_or_compiled_scan,contemporaneous_primary_scan,local_file_verified,application/pdf,1246888,eec17a166b2ca7cf25d64d47a61344d64f83b40f14871d261736ab6db1f56293,30,local:data/domestic/grok_cycle_0007_20260801/pdf/commons_NLC_民主同盟二中全会政治报告.pdf,Wave6 新本地绑定；人工确认 period/是否汇编。,other,concrete_primary_scan_local,,,6,False,False,2026-08-02T20:44:54+08:00
W6-LOCAL-007,commons_NLC_中国民主同盟概况.pdf,from_filename_pending,local_scan,,local://data/domestic/grok_cycle_0011_20260801/pdf/commons_NLC_中国民主同盟概况.pdf,local_primary_or_compiled_scan,contemporaneous_primary_scan,local_file_verified,application/pdf,1604407,f160eadb7f0e171874c9a60ba2ae3de5c5bf240a0fc8f4d65d2a0275d3e7c35c,54,local:data/domestic/grok_cycle_0011_20260801/pdf/commons_NLC_中国民主同盟概况.pdf,Wave6 新本地绑定；人工确认 period/是否汇编。,other,concrete_primary_scan_local,,,6,False,False,2026-08-02T20:44:54+08:00
W6-LOCAL-008,commons_NLC_民主中国的党派.pdf,from_filename_pending,local_scan,,local://data/domestic/grok_cycle_0011_20260801/pdf/commons_NLC_民主中国的党派.pdf,local_primary_or_compiled_scan,contemporaneous_primary_scan,local_file_verified,application/pdf,2046998,5059cb476b5a4806c8749e6ef49f594a80208b060c87f1a26bcd0a81fb8f4085,42,local:data/domestic/grok_cycle_0011_20260801/pdf/commons_NLC_民主中国的党派.pdf,Wave6 新本地绑定；人工确认 period/是否汇编。,other,concrete_primary_scan_local,,,6,False,False,2026-08-02T20:44:54+08:00
W6-LOCAL-009,commons_NLC_和平民主统一建国之路.pdf,from_filename_pending,local_scan,,local://data/domestic/grok_cycle_0007_20260801/pdf/commons_NLC_和平民主统一建国之路.pdf,local_primary_or_compiled_scan,contemporaneous_primary_scan,local_file_verified,application/pdf,2475973,c9eb7a257d19529fd385b377d99fab7f780bee550a5862b0f5fc7db5f03641d0,64,local:data/domestic/grok_cycle_0007_20260801/pdf/commons_NLC_和平民主统一建国之路.pdf,Wave6 新本地绑定；人工确认 period/是否汇编。,other,concrete_primary_scan_local,,,6,False,False,2026-08-02T20:44:54+08:00
W6-LOCAL-010,NLC511-027032013012333-19131_民主同盟文獻_alternate_scan.pdf,from_filename_pending,local_scan,,local://data/domestic/sourcebooks/NLC511-027032013012333-19131_民主同盟文獻_alternate_scan.pdf,local_primary_or_compiled_scan,contemporaneous_primary_scan,local_file_verified,application/pdf,7055868,a24e5e5bf9158ab08e74edfa3d4a8bf4927c10841a5e15321ba7d9cf701034dd,178,local:data/domestic/sourcebooks/NLC511-027032013012333-19131_民主同盟文獻_alternate_scan.pdf,Wave6 新本地绑定；人工确认 period/是否汇编。,other,concrete_primary_scan_local,,,6,False,False,2026-08-02T20:44:54+08:00
W6-LOCAL-011,NLC511-027032016010761-42571_中国民主同盟言论集.pdf,from_filename_pending,local_scan,,local://data/domestic/sourcebooks/NLC511-027032016010761-42571_中国民主同盟言论集.pdf,local_primary_or_compiled_scan,contemporaneous_primary_scan,local_file_verified,application/pdf,7059569,386faf360e73fd31e39d1f0a584877dddc76855f0d0be6157e01e06ac4234ef1,107,local:data/domestic/sourcebooks/NLC511-027032016010761-42571_中国民主同盟言论集.pdf,Wave6 新本地绑定；人工确认 period/是否汇编。,other,concrete_primary_scan_local,,,6,False,False,2026-08-02T20:44:54+08:00
W6-LOCAL-012,commons_NLC_中国民主宪政运动史.pdf,from_filename_pending,local_scan,,local://data/domestic/grok_cycle_0007_20260801/pdf/commons_NLC_中国民主宪政运动史.pdf,local_primary_or_compiled_scan,contemporaneous_primary_scan,local_file_verified,application/pdf,19547520,1ef20be199910fbe03917a561a59346b324fb918d167e260ed134ee3a9c4bad3,436,local:data/domestic/grok_cycle_0007_20260801/pdf/commons_NLC_中国民主宪政运动史.pdf,Wave6 新本地绑定；人工确认 period/是否汇编。,other,concrete_primary_scan_local,,,6,False,False,2026-08-02T20:44:54+08:00
W6-LOCAL-013,commons_NLC_民主周刊.pdf,from_filename_pending,local_scan,,local://data/domestic/grok_cycle_0006_20260801/pdf/commons_NLC_民主周刊.pdf,local_primary_or_compiled_scan,contemporaneous_primary_scan,local_file_verified,application/pdf,59527186,38e7ca88e6b45efca27c7b685fff1ff57c2dc292ca3c1b8972c05994994e8fae,1279,local:data/domestic/grok_cycle_0006_20260801/pdf/commons_NLC_民主周刊.pdf,Wave6 新本地绑定；人工确认 period/是否汇编。,other,concrete_primary_scan_local,,,6,False,False,2026-08-02T20:44:54+08:00
W6-LOCAL-014,GDC2-0193_新中国成立前民盟对政治协商制度的贡献_008.pdf,from_filename_pending,local_scan,,local://data/domestic/official_research_public_20260730/pdf/GDC2-0193_新中国成立前民盟对政治协商制度的贡献_008.pdf,local_primary_or_compiled_scan,local_scan_unclassified,local_file_verified,application/pdf,586939,48c538740b8177fb40fc7efdf019eda91936629175d911365e7fa7d4de04584a,1,local:data/domestic/official_research_public_20260730/pdf/GDC2-0193_新中国成立前民盟对政治协商制度的贡献_008.pdf,Wave6 新本地绑定；人工确认 period/是否汇编。,other,concrete_local_scan,,,6,False,False,2026-08-02T20:44:54+08:00
W6-LOCAL-015,sinica_国共斗争下的自由主义_PublicationDetail_784.pdf,from_filename_pending,local_scan,,local://data/domestic/grok_cycle_0003_20260801/pdf/sinica_国共斗争下的自由主义_PublicationDetail_784.pdf,local_primary_or_compiled_scan,local_scan_unclassified,local_file_verified,application/pdf,1926237,a97bdf981bbbfac4504a69ecf1ad879cdbb4c9698805d02261f573f0f57ffcf0,29,local:data/domestic/grok_cycle_0003_20260801/pdf/sinica_国共斗争下的自由主义_PublicationDetail_784.pdf,Wave6 新本地绑定；人工确认 period/是否汇编。,other,concrete_local_scan,,,6,False,False,2026-08-02T20:44:54+08:00
W6-LOCAL-016,sinica_PublicationDetail_784.pdf,from_filename_pending,local_scan,,local://data/domestic/grok_cycle_0006_20260801/pdf/sinica_PublicationDetail_784.pdf,local_primary_or_compiled_scan,local_scan_unclassified,local_file_verified,application/pdf,1926237,a97bdf981bbbfac4504a69ecf1ad879cdbb4c9698805d02261f573f0f57ffcf0,29,local:data/domestic/grok_cycle_0006_20260801/pdf/sinica_PublicationDetail_784.pdf,Wave6 新本地绑定；人工确认 period/是否汇编。,other,concrete_local_scan,,,6,False,False,2026-08-02T20:44:54+08:00
W6-LOCAL-017,mmzy_202104mx.pdf,from_filename_pending,local_scan,,local://data/domestic/grok_cycle_0003_20260801/pdf/mmzy_202104mx.pdf,local_primary_or_compiled_scan,local_scan_unclassified,local_file_verified,application/pdf,2477320,27c8f6de237347ba1e1fdd561beeab96e17a19a95af931dfa5a7f7fa8924ef91,40,local:data/domestic/grok_cycle_0003_20260801/pdf/mmzy_202104mx.pdf,Wave6 新本地绑定；人工确认 period/是否汇编。,other,concrete_local_scan,,,6,False,False,2026-08-02T20:44:54+08:00
W6-LOCAL-018,sinica_国民党控制下的国会选举_PublicationDetail_645.pdf,from_filename_pending,local_scan,,local://data/domestic/grok_cycle_0003_20260801/pdf/sinica_国民党控制下的国会选举_PublicationDetail_645.pdf,local_primary_or_compiled_scan,local_scan_unclassified,local_file_verified,application/pdf,2485172,444cc1b015f3fb4d336d7e13ff1a6c86baa7c1ff10c39acde2683cfadad8d37e,51,local:data/domestic/grok_cycle_0003_20260801/pdf/sinica_国民党控制下的国会选举_PublicationDetail_645.pdf,Wave6 新本地绑定；人工确认 period/是否汇编。,other,concrete_local_scan,,,6,False,False,2026-08-02T20:44:54+08:00
