cluster_id,canonical_candidate_id,duplicate_candidate_id,equal_dim,canonical_title,duplicate_title,canonical_period,duplicate_period,canonical_repo,duplicate_repo,canonical_l1_l4,duplicate_l1_l4,canonical_availability,duplicate_availability,has_diff_archive,diff_archive_note,keep_policy
DCL-0001,domestic:SAAC:1949-index-c01,domestic:SAAC:catalog-05-05_01,archive|title|url,中国人民政治协商会议第一届全体会议会场,中国人民政治协商会议第一届全体会议会场,1946-1950,1946-1950,SAAC,SAAC,L1,L1,surrogate_online,surrogate_online,no,no diff in archive fields,skip_ocr_dupe_or_link_only
DCL-0002,domestic:GXMM:dagongbao-dissolution-report-1947-11-06,domestic:GXMM:dagongbao-tianjin-dissolution-1947-11-06,archive|title|url,民盟今日解散·张澜等昨开会决定·通告各地盟员停止政治活动,《民盟宣布解散》——《大公报》天津版第2版,1946-1950,1946-1950,GXMM,GXMM,L4,L4,full_item_online,full_item_online,no,title differs but other keys match,skip_ocr_dupe
DCL-0003,domestic:NLC:guangmingbao-1947-issue22,domestic:NLC:guangmingbao-1947-issue22-middle-route-again-deng,archive|title|url,《光明報》新二十二號（1947年8月1日）,再論中間路線問題,1946-1950,1946-1950,NLC,NLC,L1,L1,full_item_online,full_item_online,no,title differs but other keys match,skip_ocr_dupe
DCL-0003,domestic:NLC:guangmingbao-1947-issue22,domestic:NLC:guangmingbao-1947-issue22-one-year-war-result-lu,archive|title|url,《光明報》新二十二號（1947年8月1日）,打了一年多以後的結果,1946-1950,1946-1950,NLC,NLC,L1,L1,full_item_online,full_item_online,no,title differs but other keys match,skip_ocr_dupe
DCL-0003,domestic:NLC:guangmingbao-1947-issue22,domestic:NLC:guangmingbao-1947-issue22-cry-recall-xingzhi-deng,archive|title|url,《光明報》新二十二號（1947年8月1日）,哭憶行知,1946-1950,1946-1950,NLC,NLC,L1,L1,full_item_online,full_item_online,no,title differs but other keys match,skip_ocr_dupe
DCL-0003,domestic:NLC:guangmingbao-1947-issue22,domestic:NLC:guangmingbao-1947-issue22-gongpu-still-beside-zhang,archive|title|url,《光明報》新二十二號（1947年8月1日）,公樸，你還在我的身邊,1946-1950,1946-1950,NLC,NLC,L1,L1,full_item_online,full_item_online,no,title differs but other keys match,skip_ocr_dupe
DCL-0003,domestic:NLC:guangmingbao-1947-issue22,domestic:NLC:guangmingbao-1947-issue22-learn-taofen-spirit-hu,archive|title|url,《光明報》新二十二號（1947年8月1日）,習韜奮精神,1946-1950,1946-1950,NLC,NLC,L1,L1,full_item_online,full_item_online,no,title differs but other keys match,skip_ocr_dupe
DCL-0003,domestic:NLC:guangmingbao-1947-issue22,domestic:NLC:guangmingbao-1947-issue22-patriotic-poet-wen-hong,archive|title|url,《光明報》新二十二號（1947年8月1日）,愛國詩人聞一多,1946-1950,1946-1950,NLC,NLC,L1,L1,full_item_online,full_item_online,no,title differs but other keys match,skip_ocr_dupe
DCL-0003,domestic:NLC:guangmingbao-1947-issue22,domestic:NLC:guangmingbao-1947-issue22-hengshe-tonghua-sa,archive|title|url,《光明報》新二十二號（1947年8月1日）,由衡舍桐花談起,1946-1950,1946-1950,NLC,NLC,L1,L1,full_item_online,full_item_online,no,title differs but other keys match,skip_ocr_dupe
DCL-0003,domestic:NLC:guangmingbao-1947-issue22,domestic:NLC:guangmingbao-1947-issue22-action-memorial-peng,archive|title|url,《光明報》新二十二號（1947年8月1日）,用行動來紀念鄒李聞陶四先生,1946-1950,1946-1950,NLC,NLC,L1,L1,full_item_online,full_item_online,no,title differs but other keys match,skip_ocr_dupe
DCL-0003,domestic:NLC:guangmingbao-1947-issue22,domestic:NLC:guangmingbao-1947-issue22-double-effort-people-shen,archive|title|url,《光明報》新二十二號（1947年8月1日）,加倍為人民事業努力,1946-1950,1946-1950,NLC,NLC,L1,L1,full_item_online,full_item_online,no,title differs but other keys match,skip_ocr_dupe
DCL-0003,domestic:NLC:guangmingbao-1947-issue22,domestic:NLC:guangmingbao-1947-issue22-wipe-out-killers-li,archive|title|url,《光明報》新二十二號（1947年8月1日）,撲滅殺人的兇手,1946-1950,1946-1950,NLC,NLC,L1,L1,full_item_online,full_item_online,no,title differs but other keys match,skip_ocr_dupe
DCL-0003,domestic:NLC:guangmingbao-1947-issue22,domestic:NLC:guangmingbao-1947-issue22-pass-the-test-hu-sheng,archive|title|url,《光明報》新二十二號（1947年8月1日）,過關,1946-1950,1946-1950,NLC,NLC,L1,L1,full_item_online,full_item_online,no,title differs but other keys match,skip_ocr_dupe
DCL-0003,domestic:NLC:guangmingbao-1947-issue22,domestic:NLC:guangmingbao-1947-issue22-liwen-anniversary-qian,archive|title|url,《光明報》新二十二號（1947年8月1日）,李聞週年祭,1946-1950,1946-1950,NLC,NLC,L1,L1,full_item_online,full_item_online,no,title differs but other keys match,skip_ocr_dupe
DCL-0003,domestic:NLC:guangmingbao-1947-issue22,domestic:NLC:guangmingbao-1947-issue22-painful-memorial-chen,archive|title|url,《光明報》新二十二號（1947年8月1日）,沉痛紀念鄒李聞陶四先生,1946-1950,1946-1950,NLC,NLC,L1,L1,full_item_online,full_item_online,no,title differs but other keys match,skip_ocr_dupe
DCL-0003,domestic:NLC:guangmingbao-1947-issue22,domestic:NLC:guangmingbao-1947-issue22-mourn-and-spur-song,archive|title|url,《光明報》新二十二號（1947年8月1日）,悼念逝者，鞭策自己,1946-1950,1946-1950,NLC,NLC,L1,L1,full_item_online,full_item_online,no,title differs but other keys match,skip_ocr_dupe
DCL-0003,domestic:NLC:guangmingbao-1947-issue22,domestic:NLC:guangmingbao-1947-issue22-dare-not-forget-chen,archive|title|url,《光明報》新二十二號（1947年8月1日）,不敢忘,1946-1950,1946-1950,NLC,NLC,L1,L1,full_item_online,full_item_online,no,title differs but other keys match,skip_ocr_dupe
DCL-0003,domestic:NLC:guangmingbao-1947-issue22,domestic:NLC:guangmingbao-1947-issue22-dictators-killed-them-ye,archive|title|url,《光明報》新二十二號（1947年8月1日）,是獨裁者殺死了他們！,1946-1950,1946-1950,NLC,NLC,L1,L1,full_item_online,full_item_online,no,title differs but other keys match,skip_ocr_dupe
DCL-0003,domestic:NLC:guangmingbao-1947-issue22,domestic:NLC:guangmingbao-1947-issue22-gongpu-rest-in-peace-simu,archive|title|url,《光明報》新二十二號（1947年8月1日）,公樸，安眠吧！,1946-1950,1946-1950,NLC,NLC,L1,L1,full_item_online,full_item_online,no,title differs but other keys match,skip_ocr_dupe
DCL-0003,domestic:NLC:guangmingbao-1947-issue22,domestic:NLC:guangmingbao-1947-issue22-one-falls-thousands-rise-lu,archive|title|url,《光明報》新二十二號（1947年8月1日）,一個倒下去千百個起來,1946-1950,1946-1950,NLC,NLC,L1,L1,full_item_online,full_item_online,no,title differs but other keys match,skip_ocr_dupe
DCL-0003,domestic:NLC:guangmingbao-1947-issue22,domestic:NLC:guangmingbao-1947-issue22-history-essays-shen-gong,archive|title|url,《光明報》新二十二號（1947年8月1日）,讀史隨筆,1946-1950,1946-1950,NLC,NLC,L1,L1,full_item_online,full_item_online,no,title differs but other keys match,skip_ocr_dupe
DCL-0003,domestic:NLC:guangmingbao-1947-issue22,domestic:NLC:guangmingbao-1947-issue22-shantou-black-terror,archive|title|url,《光明報》新二十二號（1947年8月1日）,汕頭的黑色恐怖,1946-1950,1946-1950,NLC,NLC,L1,L1,full_item_online,full_item_online,no,title differs but other keys match,skip_ocr_dupe
DCL-0003,domestic:NLC:guangmingbao-1947-issue22,domestic:NLC:guangmingbao-1947-issue22-meixian-recent-look,archive|title|url,《光明報》新二十二號（1947年8月1日）,梅縣近貌,1946-1950,1946-1950,NLC,NLC,L1,L1,full_item_online,full_item_online,no,title differs but other keys match,skip_ocr_dupe
DCL-0004,domestic:NLC:guangmingbao-1946-issue11,domestic:NLC:guangmingbao-1946-issue11-anti-one-party-constitution,archive|title|url,《光明報》新十一號（1946年9月13日）,反对一党独裁的宪法！,1946-1950,1946-1950,NLC,NLC,L1,L1,full_item_online,full_item_online,no,title differs but other keys match,skip_ocr_dupe
DCL-0005,domestic:NLC:dagongbao-shanghai-1947-11-06-page2-full,domestic:NLC:dagongbao-tianjin-1947-11-06-page2-full,archive|title|url,民盟今日解散·张澜等昨开会决定·通告各地盟员停止政治活动,民盟宣布解散·公告与政府洽商之经过·通知盟员停止政治活动·一律免除登记可享合法自由,1946-1950,1946-1950,NLC,NLC,L1,L1,full_item_online,full_item_online,no,title differs but other keys match,skip_ocr_dupe
DCL-0006,domestic:NLC:minxian-v1n9-1944-11-20,domestic:NLC:minxian-v1n9-democracy-vs-nondemocracy-1944-11-20,archive|title|url,《民憲》第一卷第九期,民主政治與非民主政治,1944-1945,1944-1945,NLC,NLC,L1,L1,full_item_online,full_item_online,no,title differs but other keys match,skip_ocr_dupe
DCL-0007,domestic:NLC:guangmingbao-1946-issue11-zhang-lan-shanghai-welcome-speech,domestic:NLC:guangmingbao-1946-issue11-china-at-1947-threshold,archive|title|url,张澜在上海各人民团体欢迎茶会演讲词,中国，在一九四七年的门槛上,1946-1950,1946-1950,NLC,NLC,L1,L1,full_item_online,full_item_online,no,title differs but other keys match,skip_ocr_dupe
DCL-0007,domestic:NLC:guangmingbao-1946-issue11-zhang-lan-shanghai-welcome-speech,domestic:NLC:guangmingbao-1946-issue11-truman-december-18-statement,archive|title|url,张澜在上海各人民团体欢迎茶会演讲词,评杜鲁门总统十二月十八日的声明,1946-1950,1946-1950,NLC,NLC,L1,L1,full_item_online,full_item_online,no,title differs but other keys match,skip_ocr_dupe
DCL-0008,domestic:NLC:dagongbao-hankow-1947-11-04-zhang-qun-notice,domestic:NLC:dagongbao-hankow-1947-11-04-league-dissolution-meeting,archive|title|url,张群书面通知民盟：应允保障盟员安全,民盟将召开中常会讨论解散,1946-1950,1946-1950,NLC,NLC,L1,L1,full_item_online,full_item_online,no,title differs but other keys match,skip_ocr_dupe
DCL-0009,domestic:NLC:guangmingbao-1946-issue01-refounding-editorial,domestic:NLC:guangmingbao-1946-issue01-shen-zhiyuan-minmeng-current-situation-proposal,archive|title|url,复刊词,民盟对当前时局的主张,1946-1950,1946-1950,NLC,NLC,L1,L1,full_item_online,full_item_online,no,title differs but other keys match,skip_ocr_dupe
DCL-0009,domestic:NLC:guangmingbao-1946-issue01-refounding-editorial,domestic:NLC:guangmingbao-1946-issue01-liu-simou-youth-degeneration,archive|title|url,复刊词,青年的堕落,1946-1950,1946-1950,NLC,NLC,L1,L1,full_item_online,full_item_online,no,title differs but other keys match,skip_ocr_dupe
DCL-0010,domestic:NLC:guangmingbao-1946-issue02-people-power-editorial,domestic:NLC:guangmingbao-1946-issue02-huang-yaomian-us-imperialism-china,archive|title|url,我们相信人民的力量,美帝國主義對中國的侵略,1946-1950,1946-1950,NLC,NLC,L1,L1,full_item_online,full_item_online,no,title differs but other keys match,skip_ocr_dupe
DCL-0011,domestic:NLC:guangmingbao-1946-issue04-urgent-situation-editorial,domestic:NLC:guangmingbao-1946-issue04-yang-bokai-jiang-jieshi-speech-review,archive|title|url,时机紧急中我们的态度,評蔣介石先生最近講詞,1946-1950,1946-1950,NLC,NLC,L1,L1,full_item_online,full_item_online,no,title differs but other keys match,skip_ocr_dupe
DCL-0011,domestic:NLC:guangmingbao-1946-issue04-urgent-situation-editorial,domestic:NLC:guangmingbao-1946-issue04-di-chaobai-us-basic-attitude,archive|title|url,时机紧急中我们的态度,我們對美國的基本態度,1946-1950,1946-1950,NLC,NLC,L1,L1,full_item_online,full_item_online,no,title differs but other keys match,skip_ocr_dupe
DCL-0012,domestic:NLC:guangmingbao-1946-issue07-why-not-national-assembly,domestic:NLC:guangmingbao-1946-issue07-shen-zhiyuan-truce-statement-review,archive|title|url,我们为什么不参加国大,評蔣主席的停戰令和時局聲明,1946-1950,1946-1950,NLC,NLC,L1,L1,full_item_online,full_item_online,no,title differs but other keys match,skip_ocr_dupe
DCL-0012,domestic:NLC:guangmingbao-1946-issue07-why-not-national-assembly,domestic:NLC:guangmingbao-1946-issue07-qian-jiaju-unequal-treaty,archive|title|url,我们为什么不参加国大,不平等待遇的新條約,1946-1950,1946-1950,NLC,NLC,L1,L1,full_item_online,full_item_online,no,title differs but other keys match,skip_ocr_dupe
DCL-0012,domestic:NLC:guangmingbao-1946-issue07-why-not-national-assembly,domestic:NLC:guangmingbao-1946-issue06-editorial-pcc-ten-months,archive|title|url,我们为什么不参加国大,從政協決議成立到今天已十個月了,1946-1950,1946-1950,NLC,NLC,L1,L1,full_item_online,full_item_online,no,title differs but other keys match,skip_ocr_dupe
DCL-0012,domestic:NLC:guangmingbao-1946-issue07-why-not-national-assembly,domestic:NLC:guangmingbao-1946-issue06-shen-zhiyuan-truce-statement-review,archive|title|url,我们为什么不参加国大,評蔣主席的停戰令和時局聲明,1946-1950,1946-1950,NLC,NLC,L1,L1,full_item_online,full_item_online,no,title differs but other keys match,skip_ocr_dupe
DCL-0012,domestic:NLC:guangmingbao-1946-issue07-why-not-national-assembly,domestic:NLC:guangmingbao-1946-issue06-qian-jiaju-unequal-treaty,archive|title|url,我们为什么不参加国大,不平等待遇的新條約,1946-1950,1946-1950,NLC,NLC,L1,L1,full_item_online,full_item_online,no,title differs but other keys match,skip_ocr_dupe
DCL-0013,domestic:NLC:guangmingbao-1948-1949-v1n1,domestic:NLC:guangmingbao-1948-1949-v1n1-article,archive|title|url,《光明報》1948年1卷1期（1948-03-01）,民盟三中全会的成就,1946-1950,1946-1950,NLC,NLC,L1,L1,full_item_online,full_item_online,no,title differs but other keys match,skip_ocr_dupe
DCL-0013,domestic:NLC:guangmingbao-1948-1949-v1n1,domestic:NLC:guangmingbao-1948-1949-v1n1-refute-hu-shi-gaoji,archive|title|url,《光明報》1948年1卷1期（1948-03-01）,駁胡適《國際形勢裏的兩個問題》,1946-1950,1946-1950,NLC,NLC,L1,L1,full_item_online,full_item_online,no,title differs but other keys match,skip_ocr_dupe
DCL-0014,domestic:NLC:guangmingbao-1948-1949-v1n12,domestic:NLC:guangmingbao-1948-1949-v1n12-article,archive|title|url,《光明報》1948年1卷12期（1948-08-16）,反對美國援蔣扶日,1946-1950,1946-1950,NLC,NLC,L1,L1,full_item_online,full_item_online,no,title differs but other keys match,skip_ocr_dupe
DCL-0014,domestic:NLC:guangmingbao-1948-1949-v1n12,domestic:NLC:guangmingbao-1948-1949-v1n12-three-premises-li-xiangfu,archive|title|url,《光明報》1948年1卷12期（1948-08-16）,三個前提與五項原則,1946-1950,1946-1950,NLC,NLC,L1,L1,full_item_online,full_item_online,no,title differs but other keys match,skip_ocr_dupe
DCL-0015,domestic:NLC:guangmingbao-1948-1949-v2n1,domestic:NLC:guangmingbao-1948-1949-v2n1-article,archive|title|url,《光明報》1949年2卷1期（1949-01-10）,新政协问题笔谈,1946-1950,1946-1950,NLC,NLC,L1,L1,full_item_online,full_item_online,no,title differs but other keys match,skip_ocr_dupe
DCL-0016,domestic:NLC:guangmingbao-1948-1949-v2n12,domestic:NLC:guangmingbao-1948-1949-v2n12-article,archive|title|url,《光明報》1949年2卷12期（1949-02-12）,我們對和平的態度,1946-1950,1946-1950,NLC,NLC,L1,L1,full_item_online,full_item_online,no,title differs but other keys match,skip_ocr_dupe
DCL-0017,domestic:NLC:minmeng-wenxian-1946-whole,domestic:NLC:minmeng-wenxian-1946-formation-declaration,archive|title|url,《民主同盟文獻》,中国民主政团同盟成立宣言,1946-1950,1941-1943,NLC,NLC,L2,L2,full_item_online,full_item_online,no,title differs but other keys match,skip_ocr_dupe
DCL-0017,domestic:NLC:minmeng-wenxian-1946-whole,domestic:NLC:minmeng-wenxian-1946-ten-program,archive|title|url,《民主同盟文獻》,中国民主政团同盟对时局主张纲领,1946-1950,1941-1943,NLC,NLC,L2,L2,full_item_online,full_item_online,no,title differs but other keys match,skip_ocr_dupe
DCL-0017,domestic:NLC:minmeng-wenxian-1946-whole,domestic:NLC:minmeng-wenxian-1946-final-war-political-platform,archive|title|url,《民主同盟文獻》,中国民主同盟对抗战最后阶段的政治主张,1946-1950,1944-1945,NLC,NLC,L2,L2,full_item_online,full_item_online,no,title differs but other keys match,skip_ocr_dupe
DCL-0017,domestic:NLC:minmeng-wenxian-1946-whole,domestic:NLC:minmeng-wenxian-1946-situation-declaration-1945-01-15,archive|title|url,《民主同盟文獻》,时局宣言,1946-1950,1944-1945,NLC,NLC,L2,L2,full_item_online,full_item_online,no,title differs but other keys match,skip_ocr_dupe
DCL-0017,domestic:NLC:minmeng-wenxian-1946-whole,domestic:NLC:minmeng-wenxian-1946-minmeng-platform-1945,archive|title|url,《民主同盟文獻》,中国民主同盟纲领,1946-1950,1944-1945,NLC,NLC,L2,L2,full_item_online,full_item_online,no,title differs but other keys match,skip_ocr_dupe
DCL-0017,domestic:NLC:minmeng-wenxian-1946-whole,domestic:NLC:minmeng-wenxian-1946-congress-declaration-1945-10-16,archive|title|url,《民主同盟文獻》,中国民主同盟临时全国代表大会宣言,1946-1950,1944-1945,NLC,NLC,L2,L2,full_item_online,full_item_online,no,title differs but other keys match,skip_ocr_dupe
DCL-0018,domestic:NLC:guangmingbao-1947-1947-12,domestic:NLC:guangmingbao-1947-12-si-tan-guo-shi,archive|title|url,《光明報》新二十號（1947-01-08）,肆談國事,1946-1950,1946-1950,NLC,NLC,L1,L1,full_item_online,full_item_online,no,title differs but other keys match,skip_ocr_dupe
DCL-0018,domestic:NLC:guangmingbao-1947-1947-12,domestic:NLC:guangmingbao-1947-12-respond-anti-us-military,archive|title|url,《光明報》新二十號（1947-01-08）,響應反對美軍暴行運動,1946-1950,1946-1950,NLC,NLC,L1,L1,full_item_online,full_item_online,no,title differs but other keys match,skip_ocr_dupe
DCL-0018,domestic:NLC:guangmingbao-1947-1947-12,domestic:NLC:guangmingbao-1947-12-second-plenum-domestic-situation,archive|title|url,《光明報》新二十號（1947-01-08）,民盟二中全會與國內局勢,1946-1950,1946-1950,NLC,NLC,L1,L1,full_item_online,full_item_online,no,title differs but other keys match,skip_ocr_dupe
DCL-0018,domestic:NLC:guangmingbao-1947-1947-12,domestic:NLC:guangmingbao-1947-12-interview-shen-junru,archive|title|url,《光明報》新二十號（1947-01-08）,訪問沈鈞儒先生,1946-1950,1946-1950,NLC,NLC,L1,L1,full_item_online,full_item_online,no,title differs but other keys match,skip_ocr_dupe
DCL-0018,domestic:NLC:guangmingbao-1947-1947-12,domestic:NLC:guangmingbao-1947-12-qingmo-democracy-two-paths,archive|title|url,《光明報》新二十號（1947-01-08）,清末民主運動的兩條路線,1946-1950,1946-1950,NLC,NLC,L1,L1,full_item_online,full_item_online,no,title differs but other keys match,skip_ocr_dupe
DCL-0018,domestic:NLC:guangmingbao-1947-1947-12,domestic:NLC:guangmingbao-1947-12-oppose-us-atrocities-shanghai,archive|title|url,《光明報》新二十號（1947-01-08）,反對美軍暴行,1946-1950,1946-1950,NLC,NLC,L1,L1,full_item_online,full_item_online,no,title differs but other keys match,skip_ocr_dupe
DCL-0018,domestic:NLC:guangmingbao-1947-1947-12,domestic:NLC:guangmingbao-1947-12-shanghai-democrats-on-us-atrocities,archive|title|url,《光明報》新二十號（1947-01-08）,滬民主人士對美軍暴行意見,1946-1950,1946-1950,NLC,NLC,L1,L1,full_item_online,full_item_online,no,title differs but other keys match,skip_ocr_dupe
DCL-0019,domestic:NLC:guangmingbao-1947-1947-13,domestic:NLC:guangmingbao-1947-issue13-our-attitude-editorial,archive|title|url,《光明報》新十三號（1947-01-18）,我們的態度,1946-1950,1946-1950,NLC,NLC,L1,L1,full_item_online,full_item_online,yes,title differs but other keys match,skip_ocr_dupe
DCL-0019,domestic:NLC:guangmingbao-1947-1947-13,domestic:NLC:guangmingbao-1947-issue13-zhang-lan-plenum-opening,archive|title|url,《光明報》新十三號（1947-01-18）,民盟張瀾主席在一屆二中全會開幕講詞,1946-1950,1946-1950,NLC,NLC,L1,L1,full_item_online,full_item_online,yes,title differs but other keys match,skip_ocr_dupe
DCL-0019,domestic:NLC:guangmingbao-1947-1947-13,domestic:NLC:guangmingbao-1947-issue13-zhang-lan-plenum-closing,archive|title|url,《光明報》新十三號（1947-01-18）,民盟二中全會張瀾主席閉幕詞,1946-1950,1946-1950,NLC,NLC,L1,L1,full_item_online,full_item_online,yes,title differs but other keys match,skip_ocr_dupe
DCL-0019,domestic:NLC:guangmingbao-1947-1947-13,domestic:NLC:guangmingbao-1947-issue13-plenum-clippings,archive|title|url,《光明報》新十三號（1947-01-18）,民盟二中全會剪影輯,1946-1950,1946-1950,NLC,NLC,L1,L1,full_item_online,full_item_online,yes,title differs but other keys match,skip_ocr_dupe
DCL-0020,domestic:NLC:guangmingbao-1947-1947-14,domestic:NLC:guangmingbao-1947-issue14-pcc-anniversary-editorial,archive|title|url,《光明報》新十四號（1947-01-28）,政協決議一週年,1946-1950,1946-1950,NLC,NLC,L1,L1,full_item_online,full_item_online,yes,title differs but other keys match,skip_ocr_dupe
DCL-0020,domestic:NLC:guangmingbao-1947-1947-14,domestic:NLC:guangmingbao-1947-issue14-plenum-political-report,archive|title|url,《光明報》新十四號（1947-01-28）,民盟二中全會政治報告全文,1946-1950,1946-1950,NLC,NLC,L1,L1,full_item_online,full_item_online,yes,title differs but other keys match,skip_ocr_dupe
DCL-0020,domestic:NLC:guangmingbao-1947-1947-14,domestic:NLC:guangmingbao-1947-issue14-shen-zhiyuan-plenum-impression,archive|title|url,《光明報》新十四號（1947-01-28）,我對於民盟二中全會的觀感,1946-1950,1946-1950,NLC,NLC,L1,L1,full_item_online,full_item_online,yes,title differs but other keys match,skip_ocr_dupe
DCL-0020,domestic:NLC:guangmingbao-1947-1947-14,domestic:NLC:guangmingbao-1947-issue14-li-boqiu-plenum-gains,archive|title|url,《光明報》新十四號（1947-01-28）,二中全會的收穫,1946-1950,1946-1950,NLC,NLC,L1,L1,full_item_online,full_item_online,yes,title differs but other keys match,skip_ocr_dupe
DCL-0021,domestic:NLC:guangmingbao-1947-1947-15,domestic:NLC:guangmingbao-1947-issue15-heavier-task-editorial,archive|title|url,《光明報》新十五號（1947-02-08）,民盟的任務更繁重了,1946-1950,1946-1950,NLC,NLC,L1,L1,full_item_online,full_item_online,yes,title differs but other keys match,skip_ocr_dupe
DCL-0021,domestic:NLC:guangmingbao-1947-1947-15,domestic:NLC:guangmingbao-1947-issue15-huang-yaomian-pcc-line,archive|title|url,《光明報》新十五號（1947-02-08）,政協決議與政協路線,1946-1950,1946-1950,NLC,NLC,L1,L1,full_item_online,full_item_online,yes,title differs but other keys match,skip_ocr_dupe
DCL-0022,domestic:NLC:guangmingbao-1947-1947-16–17,domestic:NLC:guangmingbao-1947-issue16-17-li-jishen-situation-views,archive|title|url,《光明報》新十六—十七號（1947-03-18）,李濟深將軍對時局意見,1946-1950,1946-1950,NLC,NLC,L1,L1,full_item_online,full_item_online,yes,title differs but other keys match,skip_ocr_dupe
DCL-0022,domestic:NLC:guangmingbao-1947-1947-16–17,domestic:NLC:guangmingbao-1947-issue16-17-minmeng-situation-declaration,archive|title|url,《光明報》新十六—十七號（1947-03-18）,中國民主同盟對時局宣言,1946-1950,1946-1950,NLC,NLC,L1,L1,full_item_online,full_item_online,yes,title differs but other keys match,skip_ocr_dupe
DCL-0022,domestic:NLC:guangmingbao-1947-1947-16–17,domestic:NLC:guangmingbao-1947-issue16-17-respond-li-jishen-editorial,archive|title|url,《光明報》新十六—十七號（1947-03-18）,響應李濟深先生對時局主張,1946-1950,1946-1950,NLC,NLC,L1,L1,full_item_online,full_item_online,yes,title differs but other keys match,skip_ocr_dupe
DCL-0022,domestic:NLC:guangmingbao-1947-1947-16–17,domestic:NLC:guangmingbao-1947-issue16-17-moscow-conference-china-editorial,archive|title|url,《光明報》新十六—十七號（1947-03-18）,莫斯科會議應該討論中國問題,1946-1950,1946-1950,NLC,NLC,L1,L1,full_item_online,full_item_online,yes,title differs but other keys match,skip_ocr_dupe
DCL-0023,domestic:NLC:guangmingbao-1947-1947-18,domestic:NLC:guangmingbao-1947-issue18-people-cannot-endure-editorial,archive|title|url,《光明報》新十八號（1947-05-14）,老百姓是再也不能忍耐了,1946-1950,1946-1950,NLC,NLC,L1,L1,full_item_online,full_item_online,yes,title differs but other keys match,skip_ocr_dupe
DCL-0023,domestic:NLC:guangmingbao-1947-1947-18,domestic:NLC:guangmingbao-1947-issue18-nantotal-press-reception,archive|title|url,《光明報》新十八號（1947-05-14）,民盟南總支部招待中外記者誌詳,1946-1950,1946-1950,NLC,NLC,L1,L1,full_item_online,full_item_online,yes,title differs but other keys match,skip_ocr_dupe
DCL-0023,domestic:NLC:guangmingbao-1947-1947-18,domestic:NLC:guangmingbao-1947-issue18-peng-zemin-statement,archive|title|url,《光明報》新十八號（1947-05-14）,民盟南總支部申明態度——主任委員彭澤民發表書面談話,1946-1950,1946-1950,NLC,NLC,L1,L1,full_item_online,full_item_online,yes,title differs but other keys match,skip_ocr_dupe
DCL-0024,domestic:NLC:guangmingbao-1947-1947-19,domestic:NLC:guangmingbao-1947-19-article-01,archive|title|url,《光明報》新十九號（1947-10-28）,《我们对于和平的态度》,1946-1950,1946-1950,NLC,NLC,L1,L1,full_item_online,full_item_online,yes,title differs but other keys match,skip_ocr_dupe
DCL-0024,domestic:NLC:guangmingbao-1947-1947-19,domestic:NLC:guangmingbao-1947-19-article-02,archive|title|url,《光明報》新十九號（1947-10-28）,《民盟中央对于五参政员出席参政会之决定》,1946-1950,1946-1950,NLC,NLC,L1,L1,full_item_online,full_item_online,yes,title differs but other keys match,skip_ocr_dupe
DCL-0024,domestic:NLC:guangmingbao-1947-1947-19,domestic:NLC:guangmingbao-1947-19-article-03,archive|title|url,《光明報》新十九號（1947-10-28）,《迎接学生运动新的高潮》,1946-1950,1946-1950,NLC,NLC,L1,L1,full_item_online,full_item_online,yes,title differs but other keys match,skip_ocr_dupe
DCL-0024,domestic:NLC:guangmingbao-1947-1947-19,domestic:NLC:guangmingbao-1947-19-article-04,archive|title|url,《光明報》新十九號（1947-10-28）,《独裁政府是怎样摧残新闻自由的？》,1946-1950,1946-1950,NLC,NLC,L1,L1,full_item_online,full_item_online,yes,title differs but other keys match,skip_ocr_dupe
DCL-0024,domestic:NLC:guangmingbao-1947-1947-19,domestic:NLC:guangmingbao-1947-19-article-05,archive|title|url,《光明報》新十九號（1947-10-28）,《两种制度和两种问题》,1946-1950,1946-1950,NLC,NLC,L1,L1,full_item_online,full_item_online,yes,title differs but other keys match,skip_ocr_dupe
DCL-0025,domestic:NLC:guangmingbao-1947-issue21-critique-dictatorship-new-policy-editorial,domestic:NLC:guangmingbao-1947-issue21-deng-chumin-middle-route,archive|title|url,評獨裁派的所謂「新政策」,中間路線沒有現實的根據,1946-1950,1946-1950,NLC,NLC,L1,L1,full_item_online,full_item_online,no,title differs but other keys match,skip_ocr_dupe
DCL-0026,domestic:MM1941:outline-1946-beiyoudang-tewu-qinfeng-bao,domestic:MM1941:outline-1946-nian-shengming-jianghua-neirong,archive|title|url,1946 年被国民党特务捣毁的《秦风报》报社,1946 年声明讲话内容,1946-1950,1946-1950,MM1941,MM1941,L3,L3,catalogue_only_online,catalogue_only_online,no,title differs but other keys match,review_for_ocr_dedup
DCL-0027,domestic:MM1941:outline-jianguoqian-fujian-mengshi-ziliao-shang,domestic:MM1941:outline-jianguoqian-fujian-mengshi-ziliao-zhong,archive|title|url,建国前福建盟史资料汇编（上）,建国前福建盟史资料汇编（中）,1946-1950,1946-1950,MM1941,MM1941,L3,L3,catalogue_only_online,catalogue_only_online,no,title differs but other keys match,review_for_ocr_dedup
DCL-0027,domestic:MM1941:outline-jianguoqian-fujian-mengshi-ziliao-shang,domestic:MM1941:outline-jianguoqian-fujian-mengshi-ziliao-xia,archive|title|url,建国前福建盟史资料汇编（上）,建国前福建盟史资料汇编（下）,1946-1950,1946-1950,MM1941,MM1941,L3,L3,catalogue_only_online,catalogue_only_online,no,title differs but other keys match,review_for_ocr_dedup
DCL-0027,domestic:MM1941:outline-jianguoqian-fujian-mengshi-ziliao-shang,domestic:MM1941:outline-1946-1949-minmeng-zongbu-shanghai,archive|title|url,建国前福建盟史资料汇编（上）,民盟总部在沪活动纪实,1946-1950,1946-1950,MM1941,MM1941,L3,L3,catalogue_only_online,catalogue_only_online,no,title differs but other keys match,review_for_ocr_dedup
DCL-0027,domestic:MM1941:outline-jianguoqian-fujian-mengshi-ziliao-shang,domestic:MM1941:outline-1946-1949-nanfang-mengshi-shiling,archive|title|url,建国前福建盟史资料汇编（上）,南方盟史拾零,1946-1950,1946-1950,MM1941,MM1941,L3,L3,catalogue_only_online,catalogue_only_online,no,title differs but other keys match,review_for_ocr_dedup
DCL-0028,domestic:MM1941:outline-1942-1949-minmeng-zai-shaanxi,domestic:MM1941:outline-1942-1949-minmeng-zai-shaanxi-jing,archive|title|url,民盟在陕西,民盟在陕西（精）,1941-1943,1941-1943,MM1941,MM1941,L3,L3,catalogue_only_online,catalogue_only_online,no,title differs but other keys match,review_for_ocr_dedup
DCL-0028,domestic:MM1941:outline-1942-1949-minmeng-zai-shaanxi,domestic:MM1941:outline-1942-1949-xian-minmeng-xibei-zongzhibu-mimi-huodongdi,archive|title|url,民盟在陕西,西安市民盟西北总支部秘密活动地,1941-1943,1941-1943,MM1941,MM1941,L3,L3,catalogue_only_online,catalogue_only_online,no,title differs but other keys match,review_for_ocr_dedup
DCL-0029,domestic:MM1941:outline-1942-2012-shaanxi-meng-70nian,domestic:MM1941:outline-shaanxi-minmeng-shi,archive|title|url,陕西民盟 70 年,陕西民盟史,1941-1943,1941-1943,MM1941,MM1941,L3,L3,catalogue_only_online,catalogue_only_online,no,title differs but other keys match,review_for_ocr_dedup
DCL-0030,domestic:MM1941:outline-1942-shaanxi-tongzhanbu-meng-zhibu-renxuan,domestic:MM1941:outline-shaanxi-sheng-zhibu-choubei-weiyuanhui-mingdan,archive|title|url,陕西省委统战部关于民盟陕西省支部委员人选文件,陕西省支部筹备委员会名单,1941-1943,1941-1943,MM1941,MM1941,L3,L3,catalogue_only_online,catalogue_only_online,no,title differs but other keys match,review_for_ocr_dedup
DCL-0031,domestic:WM:1949-xinzhengxie-choubeihui-changwei-maxulun-categorized,domestic:WM:1949-xinzhengxie-choubeihui-changwei-heying,archive|title|url,1949 新政协筹备会常委合影（马叙伦分类 - 1174×759 高分辨率）,1949 新政协筹备会常委合影（含民盟核心代表）,1946-1950,1946-1950,WM,WM,L1,L2,full_item_online,full_item_online,no,title differs but other keys match,skip_ocr_dupe
DCL-0032,domestic:GMD:2022-12-22-minmeng-baodao,domestic:GMD:2022-12-22-zhongguo-minmeng-baojing,archive|title|url,《光明日报》2022-12-22 关于中国民主同盟的报道（新华社北京 12 月 21 日电，第 02 版）,《中国民主同盟》新闻背景报道（光明日报 2022-12-22 第 02 版，新华社 12-21 电）,1941-1943,1941-1943,GMD,GMD,L2,L2,full_item_online,full_item_online,no,title differs but other keys match,skip_ocr_dupe
