page_id,zh_translation,translator_note,translator,status
832,"昨日，五名韩国记者讲述了一次前往汉城的行程，称曾四次采访金某。据其所述，金某担任朝鲜共产党北方支部的书记，并正筹划在朝鲜进行政治活动。该记者描述金某相貌英俊，身材高大，超过普通朝鲜人。

中国民主同盟发言人罗隆基表示，一旦获得满意的保证，民盟将立即停止罢工。

前来拜访的人士包括：中国军事代表团莫玉书将军与周念邦将军、外交部特派员钟瑞南先生、当地国民党负责人陈苏先生、中华总商会主席董仲华先生、中华厂商联合会主席叶兰泉先生、何东爵士以及其他知名商界人士。

一名记者在绥远省集宁（位于北平西北约200英里，长城以北50英里）发出的电讯中称，他与中共将领孙志远进行了四小时的会谈。孙志远是绥远及山西地区的政治部主任，也是延安政府中最具权势的人物之一。

“在享用了一顿丰盛的十七道菜中餐后，我前往他的办公室，饮用了数壶茶，听他畅谈中共在中国的目标。”

“这位将军现年36岁，原为北平的一名教师，九年前中日战争爆发之初加入共产党，成为一名游击队员。”

“解决中国问题的出路在于建立一个真正民主的联合政府，代表所有政治派别。这样的政府或许可以通过目前正在举行的会议来组建。”

“在集宁城外五英里处，有若干煤矿，自去年九月共产党占领该城后已重新开采。”

据昨日中共方面电讯报道，热河省赤峰的所有苏联军队已于1月23日撤离。

民盟指控

中国民主同盟发言人声称，警方还以进行人口普查为借口，搜查了重庆的中共办事处，以及史良律师（民盟成员）、救国会成员张申府教授（民盟出席政治协商会议的代表之一）的住所。

罗隆基表示，政治协商会议各小组委员会已达成协议，将总统的紧急权力移交至改组后的国务委员会。该委员会得以五分之三多数票否决总统的否决权。

沃德称，他计划要求……（此处原文残缺）……国民党所主导。……（此处原文残缺）……在国内享有盛誉。……（此处原文残缺）……针对苏联的指控……（此处原文残缺）……莫斯科在十二月时，问题……（此处原文残缺）……法国船只……（此处原文残缺）

……（此处原文残缺）……当国民党在三个月内将中共军队整编为20个师时，……（此处原文残缺）……处理该问题的小组委员会……（此处原文残缺）……“将实际可行的方案付诸实施”的建议在此由……（此处原文残缺）……孟买，1月25日……（此处原文残缺）……承认南斯拉夫……（此处原文残缺）……该报称“某些……”（此处原文残缺）

【校订说明】本页为整版港报 OCR，混栏严重；正文混入与主题无关的国际新闻片段（朝鲜半岛（韩国记者访朝、朝鲜共产党北方支部）及印度、南斯拉夫承认等），仅摘译民盟/国共/政协相关内容。",hathitrust 整版 OCR 混排页标注,cloud-model-revision-v1,machine-annotated
833,"**重庆**

周恩来将军昨日已返回延安，向中共领袖毛泽东提交报告，预计今日将返回此地。

民盟的罢工导致原定于今日举行的政治协商会议两个小组委员会会议被取消。其中一个会议是讨论政府改组问题的机构。尽管已决定改组国务委员会，国民党占20席，其他党派及无党派人士占20席，但此事因……而陷入僵局。

这些来自三个选举区（人口不足两万的社区）的零星结果——分别位于慕尼黑附近、纽伦堡附近以及黑森省——显示，共产党和极右翼在这三个选区的得票率均告失败。

中共总司令向记者报告称，局势平静，无论是共产党还是国民党军队均未发生战斗。

**重庆，1月28日**
中国民主同盟在抗议重庆警方搜查其部分成员住宅而退出24小时后，已将其代表派回中国的统一会议。

**苏联撤军**
**延安，1月28日**
新华社今晚报道，苏联军队已从赤峰撤出，该地已由当地部队接管。该新闻机构称，占领军既非国民党也非共产党，但未更确切地指明其身份。

【校订说明】本页为整版港报 OCR，混栏严重；正文混入与主题无关的国际新闻片段（德国地方选举（慕尼黑、纽伦堡、黑森）等），仅摘译民盟/国共/政协相关内容。",hathitrust 整版 OCR 混排页标注,cloud-model-revision-v1,machine-annotated
835,"上海，10月23日
——据今日此间获悉，美国驻北平领事馆正就上周五失踪的一架中央航空运输公司货机上的美国飞行员哈特·摩尔上尉及两名中国机组人员的下落，向中共方面进行查询。该领事馆已建议航空公司暂缓派遣地面救援队，直至收到中共方面的答复。

在香港消防队服役八个月后，他于1939年调至税务局担任临时职务。他说，中共的支持在过去五年间有所增加。

托马斯承诺了79名中共人员的姓名。

民盟领导人对中共的支持未予置评。

“最可耻的演说”
“共产党议员在下院爆发”

愤怒的“坐下”喊声打断了共产党议员威廉·加拉赫的发言。他声明自己与已通过的动议无关，并谴责了他所称的“与此事相关的铺张浪费”。

首次会议讨论了由共产党控制的法国总工会提出的近乎最后通牒的要求：在全国范围内以总罢工相威胁，要求加薪超过50%。

法国市政选举的结果显示，尽管……，但共产党在法国仍获得了每三名选民中一人的信任。

……日呼吁世界各地的共产党人及其同情者共同参与。

他的言论刊登在共产党报纸《真理报》的两版专刊上，首次披露了他在波兰九国会议前对国际形势的总结，该会议导致了贝尔格莱德国际共产党情报局的成立。他向美国“帝国主义者”发出了“不姑息”的警告，这一基调也出现在九国共产党会议发表的宣言中。这位俄国人宣称：“正如过去的慕尼黑政策解开了希特勒侵略的束缚，对美国新路线及帝国主义阵营的让步，只会使其煽动者更加放肆和具有侵略性。”——美联社

【校订说明】本页为整版港报 OCR，混栏严重；正文混入与主题无关的国际新闻片段（英国下院（共产党议员加拉赫）、法国总工会罢工与市政选举、波兰九国会议与共产党情报局成立等），仅摘译民盟/国共/政协相关内容。",hathitrust 整版 OCR 混排页标注,cloud-model-revision-v1,machine-annotated
836,"**参与共产党叛乱**

内政部发言人表示，中国民主同盟参与“共产党叛乱”反对政府一事，早已为中国人民所熟知。政府为维持治安，不得不对民盟成员适用“后方共产党处置办法”。该发言人指责民盟试图在满洲煽动反对政府的叛乱、在中国本土策动学潮，并制造上海的劳工纠纷。

中国民主同盟是全国第三大政党，中国共产党位居第二。其成员人数从未公开，因为在其存续期间，始终在惧怕政府镇压的阴影下运作。然而，据估计，其实际基层党员人数仅略多于五万人，这与国民党和共产党各自声称的约两百万党员形成鲜明对比。

民盟在促成国民党与共产党于1945年底重新接触方面发挥了关键作用，并在起草旨在实现中国军队国家化、政府民主化及恢复交通的决议中承担了领导职责，但这些决议如今已被忽视。

（昨日下午，）……对在长江沿岸集结的共产党纵队发动攻势。

中国航空公司周一晚间宣布，其一架C-47运输机在延安以北150英里的榆林附近被共产党地面火力击落。

……通过飞机……据称……共产党……

……决心“不惜一切代价”阻止戴高乐。存在一种可能性，即共产党可能投弃权票，而不是投票反对拉马迪埃。——合众社

……他们是共产党人。
其中一人——编剧约翰·霍华德·劳森——已采取对抗态度，并被控藐视国会。
律师罗伯特·W·肯尼也表示，他将建议其他18人采取同样行动，因为这似乎是获得法庭对听证会合法性进行审判的最佳可行途径。
肯尼先生的委托人——包括演员拉里·帕克斯、导演刘易斯·迈尔斯通和编剧小林·拉德纳——认为调查违宪，并誓言将使用一切合法手段“废除这个自称……的邪恶事物”。

……伍德，拉弗里说，许多作家不愿加入公会，因为他们担心会被称作“共产党人”。

……共产党可能应对……负责。

枢密院议长、下院政府领袖赫伯特·莫里森先生在瓦尔德隆·史密瑟斯爵士（保守党）询问首相是否会效仿美国国会非美活动委员会设立一个委员会时，大声喊道“不”。瓦尔德隆爵士追问莫里森先生：“鉴于共产党渗透的威胁迅速增加，我是否可以请问首相，他是否会公开站出来，提出一项法案，宣布共产党非法、没收其资金，并在为时已晚之前摊牌？”下院笑声一片，其中包括两名共产党议员。莫里森回答说：“答案仍然是不。在我看来，政党可以对付共产党。我们不怕他们，我不明白这位议员为何如此。我也不知道他为何要排除其他颠覆性利益集团。”——合众社

……今晚会见外交大臣欧内斯特·贝文先生，并宣称意大利永远不会成为一个共产主义国家。

【校订说明】本页为整版港报 OCR，混栏严重；正文混入与主题无关的国际新闻片段（法国政局（拉马迪埃、戴高乐）、美国国会非美活动委员会好莱坞听证（劳森、拉德纳）、英国下院共产党非法化辩论、意大利政局等），仅摘译民盟/国共/政协相关内容。",hathitrust 整版 OCR 混排页标注,cloud-model-revision-v1,machine-annotated
837,"接管中国民主同盟总部，民盟成员被置于警方监视之下。

民盟大楼此前曾由中共人员占用，目前正受到监视，但迄今尚无逮捕报告。

张澜将军抵达后，随即拜访了国民参政会秘书长、国民党自由派成员邵力子，试图争取其出面干预。

民盟宣布该宪法为非法，并已成为中共的分支机构。该声明还声称，民盟计划在华南发动武装起义以支援李济深。

五名中国海关雇员被自称是中共人员的武装便衣扣押了两天两夜。这些雇员是在上周六夜间对三个边境海关哨所发动的突袭中被绑架的，并于周二抵达香港。

但我们被命令与警卫一同看守我们。
“周日稍晚时候，一位学者模样的人来访，告诉我们袭击者是中共人员。随后他阐述了共产主义的‘优点’，并建议我们不要为政府工作。
“日落之后不久，我们再次被押解上路，翻山越岭，直至次日清晨。
我们再次被囚禁在一间茅屋里，门口有哨兵看守。

巴西战争部宣称玻利维亚中共人员发动了袭击。

此次示威发生在国民大会一场激烈会议结束仅数小时后。在那次会议上，法国总理保罗·拉马迪埃要求中共议会领袖雅克·杜克洛就其针对政府的一项指控提供证据，否则就“闭嘴”。

当人群聚集在瓦格拉姆大厅前时，身着法国三色旗绶带的圣但尼中共市长爬上一根灯柱，开始向人群发表讲话。

他指控拉马迪埃企图对中共党给予决定性打击。

南京方面对被称为中国民主同盟的强大自由派少数派团体采取的行动，几乎必然会被外部观察家视为一个重大错误。这并非暗示此举完全出人意料。恰恰相反，此事早有预兆，早有端倪。然而，人们曾希望更明智的意见能够占上风，希望国民党能避免使自己陷入如今已完全暴露的指控之中。为镇压民主政党而给出的理由，只会让那些不容忍反对派以及那些一心维护政治现状的人信服。

国民党领导人声称信奉民主原则的诚意。此举除了获得以任何借口或毫无借口进行任意逮捕和监禁的权力之外，一无所获。事实上，这一行动及其背后的精神，最令人联想到的莫过于近期在苏联控制区发生的事件。

英国因自私的帝国主义行径而受到谴责——甚至在美国——才过去多久？因为英国帮助希腊政府对抗中共企图摧毁其独立的行动，而被视为巴尔干乱局中的主要恶棍。英国军队应希腊历届政府的紧急请求才留在希腊这一事实，被斥为无关紧要。但当英国政府无法再独自承担支持希腊抵抗侵略的重担时……

这是一件相当重要的事情。意大利、土耳其以及法国都将如此看待此事。在这些国家，未能抵御东南欧中共政府侵略策略的后果，将被视为构成了一个危险且令人沮丧的先例。与此同时，不能忽视这样一种可能性，即联合国大会的决议可能会引发西方主要国家与苏联伙伴之间政治实力和影响力的直接较量。

“我让你拒绝一切！你——你这个中共分子！”

【校订说明】本页为整版港报 OCR，混栏严重；正文混入与主题无关的国际新闻片段（法国政局（拉马迪埃、杜克洛、巴黎示威）、巴西-玻利维亚冲突、希腊与巴尔干局势、意大利与土耳其等），仅摘译民盟/国共/政协相关内容。",hathitrust 整版 OCR 混排页标注,cloud-model-revision-v1,machine-annotated
840,"**北平约两千人举行群众大会，谴责“俄国帝国主义”，并指控共产党为“苏联工具”**

（美联社讯）据莫斯科电台今日援引雅典报道称，希腊共产党已宣布将不参加即将举行的……

**“总统”办公室致“共党”报纸函件全文——2月22日新闻**

该函件显然显示反共情绪，并企图破坏盟国间的团结与政治协商会议的威望。

“如果这些阴谋分子和代理人得逞，那些拥护民主的人士——他们的自由与生命将毫无保障。那么，我们又怎能谈论政治民主与盟国合作呢？
“这些暴行……损害了政府的尊严……”

**民盟就2月22日暴徒袭击其报社事件向政府提出抗议**

中国民主同盟已就2月22日暴徒闯入其报纸《光明报》营业部一事向政府提出抗议。

这封由民盟领袖张澜亲笔写给蒋介石委员长的信函，措辞严厉。

张澜将此次袭击事件与近期警方搜查民盟一位知名成员住宅的行为相提并论，并指出，如果委员长对肇事者从轻发落，民盟将深感怀疑。

张澜要求政府作出明确保证，杜绝此类事件再次发生。——美联社

**民盟在满洲问题上的立场**

重庆，2月25日电。昨日，张澜……

……会议，以处理政府与共产党在满洲出现的各种问题。
张澜坚持认为，局势必须尽快解决，但强调任何行动都不得违背……

【校订说明】本页为整版港报 OCR，混栏严重；正文混入与主题无关的国际新闻片段（希腊共产党（雅典）、反俄示威及盟国团结等），仅摘译民盟/国共/政协相关内容。",hathitrust 整版 OCR 混排页标注,cloud-model-revision-v1,machine-annotated
846,"**（1947年×月×日，香港电）**

蒋介石由蒋夫人陪同，计划深入满洲中共新攻势的腹地进行视察。蒋的秘书称，总统计划在北平停留数日，尚未决定是否在返京前继续北上。

他抵达之际，针对北平""中共地下组织""的搜捕行动进一步扩大，甚至在其华北行辕内部亦有人被捕。

**（路透社×月×日电）**

中共电台监听记录显示，中共最新宣传攻势将蒋介石作为攻击目标。

国民党，他补充道，在其存在的五十年中，在某些领域确已取得不少成就，但以""耕者有其田""为终极目标的民生主义原则所制定的政策，至今仍只是一句口号。

**（柏林讯）**

美国军政府消息人士在柏林称，苏联已开始对西德发动共产主义宣传入侵，美英两国因新闻纸供应匮乏而无力抗衡。

**（×××讯）**

亨德森先生称，共产党人试图在世界上散布一种误解，即在山中作战的希腊游击队是在为自由而战。

共产党核心分子及坚定追随者不超过百分之三十至四十，其余皆为沦为共产党领袖工具的普通罪犯与土匪。

**（×××讯）**

他断言：""中共军队距离缅甸边境尚远，不可能有逃兵进入缅甸领土。""

**（联合国讯）**

维辛斯基先生对马歇尔先生批评苏联不合作所作的激烈反驳，进一步加深了国际局势上普遍存在的悲观情绪。普遍反应是，此举扩大了东西方之间的裂痕；但很难看出，一次这样的爆发究竟如何能使本已糟糕的局面真正恶化。这篇演说中没有任何内容不是过去数月来共产主义宣传的惯常论调。其性质——是反击，而非对事实性批评的理性回应——完全符合自安理会成立之初苏联的一贯策略。人们记得，当时苏联对波斯控诉的回应，便是反过来指控英国在希腊和印度尼西亚的行为。事实上，人们不禁要问，维辛斯基先生为何拖延了21小时才发表这番如今可被视为苏联对任何控诉——无论多么合理——的标准回应模式。

**（萨尔区讯）**

间接地，他们将对与法国经济联盟的计划进行投票。该计划得到该地区四个主要政党中三个——基督教社会党、社会党和民主联盟——的支持，但遭到共产党反对。

法国所有政党——除共产党外——均赞成该地区与法国合并。法国共产党尚未表明其立场。

【校订说明】本页为整版港报 OCR，混栏严重；正文混入与主题无关的国际新闻片段（柏林（苏联对西德宣传）、希腊游击队（亨德森）、缅甸边境、联合国安理会（维辛斯基-马歇尔论战）、萨尔区公投等），仅摘译民盟/国共/政协相关内容。",hathitrust 整版 OCR 混排页标注,cloud-model-revision-v1,machine-annotated
849,"民主同盟执行委员会（由中共与社会统一党组成的集团）将于今日稍晚讨论该提案，马诺·佩卡拉总理将出席。

预计该提案将比捷克更倾向于东欧共产党集团。当共产党总理克莱门特·哥特瓦尔德提出建立共产党控制政府的请求时，已无抵抗力量。

共产党以言语威胁贝奈斯总统。他们将捷克斯洛伐克描绘成内部纷争撕裂、政治斗争血染的国家。共产党有能力制造此类麻烦。

共产党攻势。

尽管共产党在预测中取得胜利，但今日政府消息人士对沈阳的防御表示信心，据称有三个国民党军团在此固守，以应对任何直接的共产党进攻。同一消息人士强调，共产党能在满洲取得当前优势，并非由于国民党缺乏武装力量。

民盟声明发表之际，正值蒋介石委员长向张学良、万福麟、马占山、邹作华等将军保证，政府将调遣强大兵力前往满洲，执行既定政策，坚守国土以抵御共产党。

这些将军主张在共产党控制区内开展广泛地下活动。据信，这四位将军在其前部下（现正于共产党阵营作战）及民众中拥有相当影响力。他们建议给予机会，在共产党战线后方组织强大的游击队。

这些前满洲国军成员现与民众及共产党并肩作战。

吴铁城先生与董显光博士最近称本盟为“伪装之共产党组织”，实属荒谬至极。

一段时间以来，国民党反动派惯于将所有反对派人士称为“共产党”。

指责本盟“参与叛国”同样荒谬。众所周知，国民党反动派为与共产党作战，已出卖中国主权。

若南京国民党反动派之言论成为迫害旅居中国境内民盟成员的借口，此种侵犯人权之罪行，终将在中国人民面前得到清算。

【校订说明】本页为整版港报 OCR，混栏严重；正文混入与主题无关的国际新闻片段（芬兰（马诺·佩卡拉总理）、捷克斯洛伐克共产党夺权（哥特瓦尔德、贝奈斯）等），仅摘译民盟/国共/政协相关内容。",hathitrust 整版 OCR 混排页标注,cloud-model-revision-v1,machine-annotated
850,"**（汉口电）** 首批美国侨民撤离行动表明，中共在华中及华北的威胁已日趋严重。这些侨民受美国驻汉口领事馆指示，撤离该区域，并前往他处（最好为香港）继续其工作。

吉尔伯森小姐（Miss Gilbertson）称，该校所在社区并无反美情绪迹象。主要危险在于可能被中共切断与外界的联系。

中共与国民党之间的冲突仍在持续。

**（新华社电）** 中共电台今日引述中共中央发言人谈话，对“中国民主同盟在香港恢复活动”以及“李济深将军领导的中国国民党革命委员会之成立”表示“欢迎”。该电台称：“在民主革命的新事业中，我们愿与诸君携手并进。”

中国民主同盟近日指责国民政府，在军事基地与内河航行权问题上向美国“出卖主权”，其行为实属“卖国”。

要理解爱德华·贝奈斯（Eduard Benes）在哥特瓦尔德（Gottwald）新捷克内阁中，为十几位共产党部长主持宣誓就职仪式时发表演说的心境，必须回溯四十年前的历史。

此次清洗波及马德拉斯省（Madras Province）权势显赫的王公，以及地位卑微的共产党农民。

在中央议会下届会议中，唯一可能对尼赫鲁-帕特尔（Nehru-Patel）联盟构成有效反对的力量，仅剩共产党与社会党。

共产党虽人数不多，但其代理人已牢固地扎根于工厂车间委员会之中。

哥特瓦尔德领导下的共产党内阁，其就职仪式不过是一种形式上的礼遇，是哥特瓦尔德与斯大林所施予的恩惠。他（贝奈斯）想必也清楚，自己作为总统的地位已岌岌可危。

有理由相信，戴高乐将军（General de Gaulle）与除共产党外各主要政党议会领袖之间的接触，目前正在进行中。

**意大利共产党：下一个目标？**
——约翰·M·海托华（John M. Hightower）撰文

官员们坚称，鉴于捷克斯洛伐克共产党夺权所引发的欧洲动荡、芬兰局势的发展以及意大利即将面临的斗争，当前这一日期比当初选定之时更为重要。

【校订说明】本页为整版港报 OCR，混栏严重；正文混入与主题无关的国际新闻片段（捷克斯洛伐克（贝奈斯、哥特瓦尔德）、印度（马德拉斯清洗、尼赫鲁-帕特尔联盟）、法国（戴高乐）、意大利共产党前景等），仅摘译民盟/国共/政协相关内容。",hathitrust 整版 OCR 混排页标注,cloud-model-revision-v1,machine-annotated
851,"**韩国自主发电能力提升**
自共产党主导的北朝鲜人民委员会切断苏联占领区发电厂供电以来，韩国发电量已有所增加。

**民主同盟成员提出抗议**

中国民主同盟（民盟）昨日在香港披露，该盟两位主要领导成员……（原文残缺）

上图所示为新人与他们的随从站立于国民党高级官员王龄渠先生面前，由王先生主持婚礼。

上图所示为新人与他们的随从站立于国民党高级官员王龄渠先生面前，由王先生主持婚礼。

……第三方面总统候选人致苏联总理的信函……

一场针对所有反共、反俄分子的“残酷”清洗已通过惯常手段实施。大量在故土自由生活了二十年、并代表其人民中占主导地位的多数人消失了。其中很大一部分被运往西伯利亚，甚至更远的地方。

好莱坞，5月17日。
联合国的一项“主要任务”是立即对中东石油实施国际管制，美国第三方面总统候选人亨利·华莱士先生昨晚在此地表示。
他说，“英美石油托拉斯”是美苏以及犹太-阿拉伯纷争的根源。
他表示，美国承认新成立的以色列国，“必须继之以向阿拉伯封建领主——他们实为英美石油的傀儡——发出最后通牒，要求他们放下武器。”——路透社

代表们通过拒绝听取约翰·普拉茨-米尔斯先生的演讲，含蓄地重申了他们对该党外交政策的赞同。普拉茨-米尔斯先生是议会议员，在组织了一封向意大利选举中支持共产党的南尼社会党人表达良好祝愿的电报后，最近脱离了该党。

共产党人或左翼社会党人，他本打算发表演讲，他说：“难道我们要永远与他们关系恶劣，还是再次与他们交往？”他问道。
“如果你不这样做，那么在支持丘吉尔先生和杜鲁门总统对欧洲工人发动冷战的道路上，就没有任何停止点。”
“这就是我总体政治行为的本质。无论你们是否要我回来，我恳求你们拯救这个党，使其摆脱正将其引向毁灭、并将英国引向战争之路的领导层。”

共产党人。
“午餐时，伊丽莎白公主……”

【校订说明】本页为整版港报 OCR，混栏严重；正文混入与主题无关的国际新闻片段（朝鲜半岛（北朝鲜切断供电、韩国发电）、美国（华莱士第三党、以色列与中东石油）、英国工党（普拉茨-米尔斯）、意大利南尼社会党等），仅摘译民盟/国共/政协相关内容。",hathitrust 整版 OCR 混排页标注,cloud-model-revision-v1,machine-annotated
852,"马尼拉路线。中共提出，在……之后，将接受……任命。国务卿在其声明中寻求……规定，以便……顺利进行。

西方列强正在安抚拉卡伊，这是在一项旨在取缔澳大利亚共产党（Australian Communist Party）的动议引发的辩论中发生的。

反对取缔共产党的奇夫利（Chifley）表示：“这将是徒劳的姿态。”

“必须认识到，战后出现了巨大的动荡和不安，法国、意大利、荷兰、挪威和英国的共产党势力有所抬头，但澳大利亚并非如此。”——路透社。

当事情发生时，“马科斯将军（General Markos），这位以‘民主军’（Democratic Army）名义伪装的反叛共产党武装的领导人，终于明白他长期且不人道的、由莫斯科支持的权力争夺已彻底失败。他的部队溃散，计划破灭，据报道他本人已逃往阿尔巴尼亚边境。”

和平只是名义上的。因为对于不幸的希腊人民来说，和平并未到来。一场由共产党煽动、民族人民解放军（E.L.A.S.）领导的起义爆发了，游击队烧杀抢掠、残暴无度。英国军队当时在希腊，尽管极左翼圈子大声疾呼，他们仍留在那里，秩序得以恢复。

……对于欧洲复兴计划（ERP）的成功至关重要，政治上，因为她是西欧联盟（Western Union）内的另一个大国；文化上，因为没有其他欧洲大国如此接近那一方。尽管她不幸地因派系斗争而分裂，但如果她看到一条明确的希望之路，她或许能迅速恢复健康。她的人民在过去一直展现出巨大的韧性。

很大程度上将取决于……是否能够持续足够长的时间，以有效利用欧洲复兴计划。议会中的共产党人用他们特有的词汇大谈特谈法国被美国奴役。当然，对法国或任何其他国家而言，美国的援助不可能是无条件的。马歇尔提议的核心思想是，援助的给予方式应最能帮助受援国自助和互助。一年多过去了，很难说法国在此期间为帮助自己或他人做出了任何实质性努力。很大程度上还将取决于社会党人的态度。他们不情愿地支持雷诺（Reynaud）法案，虽然他们屈从于“没有”共产党人执政的公式，但他们对于“反对”共产党人执政感到胆怯。然而他们……

当然，还有一个在雅典建立共产党政府的计划。如果该计划成功，苏联或其卫星国（这将是同一回事）将出现在地中海，这对西方列强的交通线意味着一切。

成功是成功之母。随着马科斯开始被击退，不仅他的邻国盟友，而且我们假设也包括他的许多部队，其热烈热情开始冷却。因为他手下许多人纯粹是土匪，还有许多人是在共产党部队占领和洗劫村庄时被强行征召的。

……甚至象征性地接纳少数亚洲人可能是可以接受的。这立即遭到政府拒绝，卡尔韦尔（Calwell）先生和伊瓦特（Evatt）博士都毫不妥协地明确表示，白澳政策（White Australia Policy）将予以保留，无论结果如何。值得注意的是，卡尔韦尔先生将整个局势归咎于共产党的煽动。

……今天在吉隆坡立法议会的一次会议上指出，出售偷窃橡胶的收益正流向中共游击队。

总工会（General Labour Confederation）的共产党人将他们的基本最低生活工资要求从之前的每月12,000法郎提高到每月13,500法郎（约合15英镑）。目前的基本最低工资是10,500法郎。

由于第戎（Dijon）的铁路罢工，来自南方的列车今天晚点抵达巴黎里昂车站。约1,000名铁路工人，包括列车乘务员和车站工作人员，分属三个工会——共产党、非共产党和天主教工会——于昨天晚些时候在第戎罢工。

总理的声明称政府不会被共产党吓倒，并且“对宪法的威胁将遭到最严厉措施的迎头痛击并将其摧毁”，此言赢得了欢呼。

今天，中外官方观察人士都在试图拼凑共产党内部正在发生的情况的谜题碎片。

【校订说明】本页为整版港报 OCR，混栏严重；正文混入与主题无关的国际新闻片段（澳大利亚（取缔共产党动议、白澳政策）、希腊内战（马科斯、民主军）、法国（欧洲复兴计划、总工会罢工）、马来亚（吉隆坡）等），仅摘译民盟/国共/政协相关内容。",hathitrust 整版 OCR 混排页标注,cloud-model-revision-v1,machine-annotated
855,"**停火令已由蒋介石委员长与中共毛泽东主席根据委员会达成的协议发布。**

**希腊组建联合政府**

会议——即政治协商会议——的主要任务将是试图调和两大主要政党——中国国民党与中国共产党——之间的分歧，并解决其他重大的国家问题。

蒋介石委员长将于晚间发表讲话。会议时间为上午十时至中午，下午无会议，会议将于明日正式开始工作。

蒋介石将担任会议的无投票权主席。会议共有38名代表，其中包括：国民党代表八名，共产党代表七名，青年党代表五名，中国民主同盟代表九名，以及无党派社会贤达九名。

立法院院长孙科博士将在委员长缺席时主持会议。——美联社

七名中共代表为：中共在重庆的代表、政协代表周恩来；中共代表董必武，政协代表；王若飞，中共代表；叶剑英，中共军队参谋长；吴玉章，政协代表、延安战争罪行调查委员会主席；陆定一，中共宣传部部长；以及邓颖超，中共候补中央执行委员。

两名中国民主同盟代表为：民盟主席张澜，以及罗隆基，国立西南联合大学教授。

张君劢与张东荪，均为国民参政会参政员，代表中国国家社会党；沈钧儒，国民参政会参政员，与张申府，前国民参政会参政员，代表全国各界救国联合会出席。

黄炎培，国民参政会参政员，是中华职业教育社的唯一代表；章伯钧，国民参政会参政员，代表第三党；梁漱溟，国民参政会参政员，代表乡村建设研究院。

【校订说明】本页为整版港报 OCR，混栏严重；正文混入与主题无关的国际新闻片段（希腊组建联合政府（标题片段）等），仅摘译民盟/国共/政协相关内容。",hathitrust 整版 OCR 混排页标注,cloud-model-revision-v1,machine-annotated
856,"国民党与中共条件差距过大

第三方面调解人认为，目前国民政府与中共的条件差距过大，担心在此基础上的谈判将毫无希望且旷日持久。第三方面成员在赴南京前拟定了四项原则，要求：（1）下达停火令；（2）各战线就地停止敌对行动；（3）由政治协商会议成员组成停战小组，监督并安排停火；（4）政府改组问题原则上解决后，所有党派共同参与。

与此同时，国民党军队解除了中共对保定以南60英里辛洛的围困，被围困在河南的国民党守军则发起反击，向中共部队进攻。苏北中部地区的战斗仍在激烈进行，国民党显然试图在恢复和谈前夺取更多中共根据地。最新消息称，国民党攻占了东台以南13英里的富安，另一路国民党军队则从中共手中夺回据点。据今晚抵达此间的消息称，郑州西北80英里处，进攻登封的中共部队已被击退，损失惨重，正朝山区方向撤退。国民党军队继续向西北推进，占领了承德东北170公里的赤峰。昨晚有消息称，国民党部队已进占承德东北50公里的福山。今晚收到的军事情报显示，国民政府已从中共手中收复了阜城和兴和，两地分别位于正定以南65英里和60英里处。

柏林，10月21日（合众社）——随着柏林反共报纸表达满意，而共产党报纸保持沉默，独立社会民主党在柏林战后首次选举中获胜的新细节今日披露。最新计票结果显示，独立社会民主党在柏林全部20个区均领先，并在七个区获得绝对多数。

【校订说明】本页为整版港报 OCR，混栏严重；正文混入与主题无关的国际新闻片段（柏林（独立社会民主党战后首次选举）等），仅摘译民盟/国共/政协相关内容。",hathitrust 整版 OCR 混排页标注,cloud-model-revision-v1,machine-annotated
858,"国民党中央执行委员会即将开幕。约300名国民党高层人士将出席本次会议，据估计，已有逾百人抵达首都等待开幕日期。各委员会正就党务、政治、宪法及经济事务方面的提案进行分类整理，目前筹备工作已接近完成。——路透社

在二月份被捕的17,000名抢劫者中，包括一名前将军及其他前高级军官、一名检察官、一位知名女演员及一名神职人员。致共产党报纸《人民报》的读者来信甚至指控警方参与抢劫。

【校订说明】本页为整版港报 OCR，混栏严重；正文混入与主题无关的国际新闻片段（社会新闻（二月被捕的抢劫者、前将军、女演员、神职人员等）及《人民报》读者来信等无关片段），仅摘译民盟/国共/政协相关内容。",hathitrust 整版 OCR 混排页标注,cloud-model-revision-v1,machine-annotated
859,"**傅作义部精锐迂回包抄共军，共军已撤离延安**

傅作义将军的精锐部队正迂回至共军后方。共军已从延安撤退，此举系一项宏大战略部署的一部分，旨在围困并分割共军。

与此同时，据报驻守宁夏省的政府军正奉命向东南方向移动，以肃清宁夏、甘肃、陕西三省交界地区的共军武装。——合众社

**“以政治方式解决共党问题”**

基于和平建设原则的统一外交政策，以及解决共党问题，是该项计划的两大要点。

该计划由国民党、中国民主同盟及社会民主党等党派，在昨日下午长达四小时的闭门会议上提出。

二、共党问题将在交通恢复、共党……后，以政治方式解决。

今日国民党大会上，政府的经济政策受到猛烈抨击。

共产党机关报《……》称，那个神秘的“瓦莱里奥”……墨索里尼是一名共产党员，瓦尔特·奥迪西奥……

随附的一篇社论谴责了“极右翼”在过去十天内对共产党的报纸攻击，称其应对墨索里尼据称价值200亿里拉的黄金宝藏被盗一事负责。社论称，右翼的攻击旨在“在公众舆论中诋毁和抹黑意大利抵抗力量及其最英勇的先锋——共产党卫队”。

该共产党机关报称，英国对锡兰的军事和政治控制将成为锡兰共产党纲领的主要诉求之一。

共产党的其他要求包括归还亭可马里港及岛上的英国皇家空军基地，并没收英国在锡兰的财产。——路透社

……在战争中遭到破坏。国民党中央执行委员会……昨日抵达吉雄……

……共产党及各种小型共产党卫星团体投弃权票。

【校订说明】本页为整版港报 OCR，混栏严重；正文混入与主题无关的国际新闻片段（意大利（墨索里尼黄金宝藏、共产党机关报）、锡兰（亭可马里港）等），仅摘译民盟/国共/政协相关内容。",hathitrust 整版 OCR 混排页标注,cloud-model-revision-v1,machine-annotated
861,"**政府行动挫败中共“精心策划的危险阴谋”**

南京，6月3日（中央社电）——国民政府新闻局局长董显光博士今日宣称，当局于6月2日采取果断行动，挫败了中共一个“精心策划的危险阴谋”。

董显光指出：“第三，地方当局迅速采取行动，清除了中共特务及其知情或不知情的合作者。”

英国自由党议会领袖克莱门特·戴维斯先生表示，时间所剩无几，应尽快采取相应措施。

其他中国方面的报道承认，中共以五个师的兵力进攻上述城市，当地局势已“岌岌可危”。

与此同时，据称随着中共军队逼近，沈阳已宣布戒严。

**罢工威胁蔓延**

巴黎，6月3日电——法国总理保罗·拉马迪埃今日指责法国共产党通过煽动一系列不断扩大的工人罢工，向政府发动工业战争。

拉马迪埃先生在国民议会发表慷慨激昂的演讲时质问道，如果共产党处于执政地位，他们绝不会容忍此类罢工。他向议会中的共产党议员发问：“当一场罢工打击国家物质生活条件时，谁从中获利？”

他说：“一个令人严重不安的主要因素是极端……要么他们想要政治灾难，至于他们对此赋予何等重要性，我不得而知。如果你们共产党掌权，你们也不会容忍这些罢工。到处都有一种对国家权威的冲击。”

**蒋介石向共产党发出挑战：维护帝国与和平**

这些罢工正在减缓火车运行，威胁巴黎的汽油和面包供应，并导致工人高唱《国际歌》举行示威。

**东北战况**

新编第一军已组建若干机动纵队，用于肃清长春与松花江之间的中共部队。该区域与长春铁路平行，位于长春以西约40英里处。

**广州搜捕**

中央社今日发自广州的电讯称，当局在国立中山大学及数家报社（包括……）搜捕了涉嫌的中共特务。现场查获了宣传品以及显示与印度共产党有关联的文件。

**美国参议员警告**

（一位美国参议员表示）如果我们拒绝批准（条约），我们将使意大利任由共产主义宣传摆布，这种宣传可以轻易撕毁任何关于美国民主诚信的进一步概念。

【校订说明】本页为整版港报 OCR，混栏严重；正文混入与主题无关的国际新闻片段（法国罢工（拉马迪埃）、英国自由党、美国参议员、印度共产党等），仅摘译民盟/国共/政协相关内容。",hathitrust 整版 OCR 混排页标注,cloud-model-revision-v1,machine-annotated
862,"**（本报特派记者）北平，6月18日电**

冀东地区已持续一周的共军攻势，在国民党军有效反制措施面前正显颓势。国民党军的反击已击溃共军在大沽以南登陆的部队——大沽是天津的海上门户，美国海军陆战队正由此登船返国——双方正与共军展开激战。

唐县位于天津以南80英里，是共军此次以冀中为基地发动的攻势中，所攻击并占领的最远点。

蒋介石委员长北平行辕参谋长王鸿韶将军今日表示，此次共军行动——与共军在满洲的攻势同步——旨在扩大其控制区域，以便与从鲁北撤退的共军部队会合。

王将军指出，参与此次攻势的共军兵力……王将军补充说，目前仅在北平郊区活动的系共军地方部队，其活动范围有限。他认为，共军试图在满洲与华北之间建立走廊的计划注定失败。

**局势紧张**

（本报特派记者）北平，6月18日电

北平与天津地区的局势依然紧张，共军处处发动攻势。两城间铁路交通在完全中断四日后，列车虽已恢复运行，但运行极不稳定。

**（本报特派记者）南京，6月17日电**

1948年的民主前景，今日因亨利·A·华莱士呼吁发起第三党抗议运动以反对杜鲁门总统的外交政策而蒙上浓重阴影。

华莱士表示：“倘若两党执意推行当前这种导向战争与萧条的灾难性政策，那么即便在1948年大选中毫无胜算，也必将出现一个新的第三党。”

这一第三党运动的首要步骤，将是华莱士的支持者退出明年的民主党全国代表大会。退出的时机将选在大会试图通过支持政府外交政策的党纲之际，以便为第三党运动服务。

此前，华莱士曾对一个全国青年团体表示，各州的法律旨在阻止第三党问鼎总统宝座。但他表示不会因此气馁。

亨利·华莱士先生已同意在“联合反法西斯难民委员会”——一个被指为共产党外围组织的团体——的16名成员藐视国会案的审判中，为被告方作证。

该决议得到了所有党派代表以及边疆地区代表的支持。共产党议员德钦丹佩在支持该决议时表示，反法西斯自由同盟及其他政党最好“同时着手以不同方式为自由斗争做准备”，因为他怀疑英国移交权力的承诺是否真诚。

【校订说明】本页为整版港报 OCR，混栏严重；正文混入与主题无关的国际新闻片段（美国（华莱士第三党运动、藐视国会案）、缅甸（德钦丹佩）等），仅摘译民盟/国共/政协相关内容。",hathitrust 整版 OCR 混排页标注,cloud-model-revision-v1,machine-annotated
863,"与此同时，中共方面威胁了位于北平至沈阳铁路线上的锦州，并呼吁在中国建立一个联合政府。

出生于广西边境、西江沿岸的梧州，李宗仁元帅曾是蒋介石委员长在1926-27年北伐期间的关键人物，旨在铲除军阀、统一中国。自1920年以来，他与蒋介石及国民党主导的国民政府的关系逐渐恶化。在香港，他曾多次发表声明，谴责中国国民政府，并呼吁外国势力不要予以援助。

尽管有要求将其开除出国民党的呼声，但李宗仁元帅向《德臣西报》表示，他仍是该党成员。他补充说，他并非中国民主同盟成员。

李宗仁元帅曾在1926-27年率领由张发奎、陈铭枢和蔡廷锴将军指挥的武装师团，与蒋介石一同对抗中共，原因是当时共产国际代表鲍罗廷的纲领对中国而言“过于激进”。他表示，他现在确信中共当前的政策符合孙中山先生的三民主义。

李宗仁元帅称，他不相信中共会主导任何联合政府。

“事实上，”他补充道，“他们将会被削弱。正是中央政府当前的政策将人民推向中共。在目前情况下，人民会倒向任何反对国民党控制的国民政府的政党。”

他继续说道：“中央政府越是坚持其现行政策，就会有越多的人站到反对政府的一边。中央政府通过延长内战，恰恰是在为中共提供便利。”

有猜测认为，美国可能会将中共在匈牙利夺取政权以及中共在保加利亚的行动引入辩论。在苏联和波兰持异议、法国弃权的情况下，巴尔干委员会已认定南斯拉夫应对支持希腊游击战负主要责任，并认为阿尔巴尼亚和保加利亚负有次要责任。

前来与贝奈斯总统及中共领导人会商的拉科西指控称，前总理纳吉已前往瑞士，与匈牙利法西斯分子以及“美国及其他反动派”密谋，但“就像那只出去偷羊毛的羊一样，结果自己被剪了毛”。

蒋介石委员长东北行辕主任熊式辉将军对中央社表示：“密切观察表明，中共正从外国来源获得援助。”他补充说，他完全支持孙科博士的论断，即中国不会容忍其在满洲的权利受到任何侵犯。

该通讯社称，满洲人民证实了苏联从满洲拆运工业设备、援助中共、阻挠接收大连和旅顺，以及“苏联最近曾协助派遣朝鲜军队到中共一方作战”等事实。

董显光博士声称，中共在进攻四平街时遭受了3万人的伤亡。但他承认，国民党军在保卫该城时也损失惨重。——路透社

铁托的南斯拉夫联邦还可能包括霍查的阿尔巴尼亚，或许还有罗马尼亚，尽管这两个国家的人口虽然混有大量斯拉夫血统，但并不认为自己是斯拉夫人。这样一个联邦将包含超过4000万人口，甚至可能达到5090万。鉴于其人口由吃苦耐劳的农民组成，这将构成一支强大的军事力量。有了这样一支由苏联训练和装备的军队，铁托或许敢于挑战西方列强，而德加斯佩里的政权在意大利将为之颤抖，那里的中共及其结盟的社会党人已在准备对其资产阶级政府发动全面斗争。

【校订说明】本页为整版港报 OCR，混栏严重；正文混入与主题无关的国际新闻片段（匈牙利（拉科西、纳吉）、南斯拉夫铁托联邦、阿尔巴尼亚、意大利（德加斯佩里）、巴尔干委员会等），仅摘译民盟/国共/政协相关内容。",hathitrust 整版 OCR 混排页标注,cloud-model-revision-v1,machine-annotated
865,"**“第三方面”运动**
**阵营中的不安**

**“第三方面”的出现**

目前，美国国内的高就业率、高昂的农产品价格以及民众“遏制共产主义”的普遍愿望，已阻碍了任何潜在的“第三方面”运动。而在早先“第三方面”运动曾获得力量的三个领域，情况则相反。如果1948年出现失业率上升、农产品价格暴跌，以及当前强烈的反俄情绪有所缓和，那么美国党派政治中可能会出现新的转向。

在美国历史上，“第三方面”运动通常短暂且无效。它们源于特定的需求或“动力”，例如货币改革、农业危机或禁酒。一个显著的例外是共和党，它于1854年至1856年间因反奴隶制斗争而兴起，并在1860年凭借亚伯拉罕·林肯赢得了其首次全国大选。

在20世纪，曾出现过几次“第三方面”的努力，其中最重要的当属西奥多·罗斯福和进步党在1912年竞选中的尝试，以及罗伯特·A·拉福莱特在1924年以一份自由派“进步”纲领所领导的运动。

1924年，参议员罗伯特·A·拉福莱特，一位极具声望的政治家，在总统竞选中领导了一个“进步党”，对抗共和党胜利者卡尔文·柯立芝和保守派民主党人约翰·W·戴维斯。这个“第三方面”酝酿了多年；得到了许多工会的支持，包括铁路兄弟会，并在参众两院均有其成员。

然而，进步党仅获得了17%的普选票，即不到500万张，在选举人票中仅赢得了拉福莱特家乡威斯康星州的13票。此后，拉福莱特放弃了组织一个永久性“第三方面”的进一步努力。

（此处为报纸版面中无关的广告、栏目标识等噪声内容，已忽略）

尼赫鲁先生在离开前对记者说……“任何其他自尊的国家都会对巴西的决议作出反应，就像埃及所做的那样。”……“如果安理会将自己局限于……”他继续说道，“……呼吁……”……殖民议会。大会的三分之二多数是唯一保留在财政法案上的条款……瑞典。蒙什先生说，英国商人旅行者每天可花费的金额从10英镑减少到8英镑，意味着行程缩短。他补充说，这不会……王敦，并被用舢板和火车送回上海。

这名下士的坟墓位于一个俯瞰绿色稻田的缓坡上。它由一个平坦的小纪念碑标记，上面刻着……

【校订说明】本页为整版港报 OCR，混栏严重；正文混入与主题无关的国际新闻片段（美国「第三方面」运动史（西奥多·罗斯福、拉福莱特）、尼赫鲁联合国决议、瑞典等），仅摘译民盟/国共/政协相关内容。",hathitrust 整版 OCR 混排页标注,cloud-model-revision-v1,machine-annotated
869,"根据抵达此间的独立电讯报道，由彭德怀将军率领的共产党军队今日正开进延安。此前，国民政府已从这座位于陕北的前“红色首都”实施“战略性”撤退。

此间尚未获得关于此事的进一步细节。

一位发言人表示：“我们将在共产党控制区及内战地区继续开展工作。”

亲政府的电讯报道称，延安驻军的大部分正向南推进，前往六十英里外的洛川。该城在过去十一天里一直处于共产党的围困之下。

与此同时，据报在山西北部，政府军即将失去另一处据点，此前共产党在山东东北部取得了成功。

在山东东北部，共产党军队放弃了对潍县的长期围困后，今日该城周边一切平静。

巴拉圭内政部长于4月19日宣布，一起共产党企图推翻巴拉圭政府的阴谋已被挫败，领导人被捕，武器和宣传品被查获。

在当时的舆论氛围下，这是一项艰巨的任务。不仅共产党，社会党人也投票反对该措施。当莱昂·勃鲁姆先生说道：“法国的工人将奋起抵抗希特勒的侵略”时，[法国共产党领袖]多列士在他那亲苏派系的掌声中回应道：“我们不会容忍工人阶级被拖入一场所谓的为保卫民主而反对法西斯主义的战争。”

为了在五年内面对侵略时实现互助，为了在法国政治领域取得切实成果，赖伐尔先生随后前往莫斯科进行了为期三天的访问，并在那里受到了斯大林的欢迎。

双方进行了长时间的讨论，其中一段此前未曾公布的片段或许值得记录。斯大林和莫洛托夫自然最急于了解法国在西线的军队实力：有多少个师？服役期多长？

在探讨完这一领域后，赖伐尔问道：“你们能不能做点什么来鼓励俄罗斯的宗教和天主教徒？这对我争取教廷的帮助会很大。”

“哦！”斯大林说道，“教皇？他有多少个师？”

赖伐尔的回答并未向我报告；但他肯定提到了某些不常在阅兵式上出现的军团数量。

赖伐尔从未打算让法国承担苏联惯于要求的任何具体义务。尽管如此，他还是在5月13日从斯大林那里获得了一份公开声明，赞同法国为维持其武装力量达到安全水平而执行的国防政策。

根据这些指示，法国共产党立即转变立场，并大声疾呼表示支持。

在周末选举中以明显多数优势击败了共产党领导的人民阵线后，意大利总理阿尔契德·德·加斯佩里先生今晚表示，他将寻求建立一个更强大的右翼政府。

共产党人曾将其希望寄托于……“今天我们可以冷静地庆祝……”

罗马，11月7日电
反共产党的社会党人今晚在意大利宣布，在周末选举后，他们已联合起来，成为一支“有效的第三力量”。来自社会党统一总部——该党在选举后成为第三大党——的一份公报称，由朱塞佩·萨拉加特先生和伊万·马泰奥·隆巴尔多先生领导的、为选举而联合起来的力量的温和社会党人，已达成协议，将在尽可能早的时刻，在最广泛的条件下实现完全统一，以满足当前形势的需要。

【校订说明】本页为整版港报 OCR，混栏严重；正文混入与主题无关的国际新闻片段（巴拉圭（共产党政变阴谋）、法国（勃鲁姆、多列士、赖伐尔访苏）、意大利选举（德·加斯佩里、萨拉加特）等），仅摘译民盟/国共/政协相关内容。",hathitrust 整版 OCR 混排页标注,cloud-model-revision-v1,machine-annotated
871,"**读者们，记忆短暂。**
希望这次，如果预言——如果罗隆基失败——作者可能会被贴上“共产党特务”的标签。——合众社

在河南，中共部队已撤离太康县和扶沟县，这两个县城分别位于开封西南约70英里处，并已越过省界进入鲁西。与此同时，强大的国民党纵队正加快向豫东与皖北交界处的商丘附近推进。

与共产党情报局的口水战仍在继续，今日已明确，铁托总理及其助手们永远不可能再被接纳回东欧的共产党圈子。

两天前，南斯拉夫向罗马尼亚递交了一份正式照会，指控这个共产党情报局成员国分裂世界共产党阵线，通过将南斯拉夫从其战略要地中排挤出阵线，并发动一场堪比“最恶毒的帝国主义反动派”的宣传运动，从而削弱了整个共产主义事业。

原因仍未透露，但他们永远不会再被接纳回他们的共产党圈子。

在国内，他们停止了党内清洗。

共产党现在绝不可能采取亲共产党情报局的立场而不被视为叛徒，因为苏联政府领导人已被要求清算。他们要求南斯拉夫政府高层领导人被清算。——美联社

他承认，韩国军队无法单独对抗北韩共产党傀儡政府在苏联监督下，能从中国和满洲（注：即中国东北）调集的部队，那里有至少一个师的朝鲜共产党兵力。——合众社

（众议院非美活动）委员会今日呼吁立法，禁止所有共产党员在政府机构任职。

该委员会在其关于当前共产党间谍案听证会的报告中，还呼吁制定法律，以：

第一，减少可进入美国的境外共产党员人数。

第四，开除任何拒绝就是否为共产党员作证的委员会官员，并禁止任何拒绝回答类似问题的政府雇员在政府机构任职。

该报告声称，毛泽东、中共军队总司令朱德将军、以及洛阳前线指挥官陈赓将军，于本月初举行了一次会议，研究了将洛阳设为“民主联合政府”所在地的可行性。

该报告声称，他们计划将冯玉祥将军、李济深以及中国民主同盟成员纳入这样一个政府，以致力于推翻国民党政权。

如果共产党决定在洛阳建立政府，冯玉祥、李济深以及其他香港的左派和异见人士将……

……这些人并非不爱他们的国家，以至于我们忘记了，正是这些难民中的每一个人，在几天前还……继续坚守他们的村庄，冒着生命危险……一个拥有……的次大陆，能够派遣一个旅的部队去“扫荡”手无寸铁的……

【校订说明】本页为整版港报 OCR，混栏严重；正文混入与主题无关的国际新闻片段（共产党情报局（铁托、南斯拉夫-罗马尼亚照会）、韩国与朝鲜军队、美国国会非美活动委员会报告等），仅摘译民盟/国共/政协相关内容。",hathitrust 整版 OCR 混排页标注,cloud-model-revision-v1,machine-annotated
874,"**共产党案——12名被告。谁在操控‘美国’？报道称：7万名共产党员将于明日（周一）上午在此地游行。**

有史以来规模最大的警力部署已奉命出动，以应对大都会地区的一场审判——402名警察及警官将于上午8时在联邦大楼警戒，并在审判期间每日执勤。警察总监奥古斯特自信地下达命令，调派大批警力以防止任何“示威”活动。这包括一支摩托车队、应急小队、骑警、女警、侦探及巡逻车队。此外，联邦调查局和特勤局的特工预计也将在审判期间被派往法院区域。

共产党领导人于去年7月因“暴力推翻政府”等指控被捕。

**蒋介石官邸晚宴**

在蒋介石官邸的晚宴上，话题转向了共产党的最终条件。蒋介石表达了悲观情绪。

两位卫星政党领袖——中国民主社会党的张君劢和中国青年党的左舜生——发言了。他们坚持认为，某种形式的答复是必要的，这被视为占主导地位的国民党在极度困境中寻求帮助。

**华北和平促进会**

与此同时，在加强城墙内外防御的同时，据报道，各公共团体已自行组织成“华北人民和平促进会”，并邀请知名社会领袖及自由派人士，包括被取缔的中国民主同盟成员及各大院校校长，组成一个委员会，向共产党当局请求在华北立即停火。

**美国共产党一号人物**

美国共产党的头号人物——年迈衰弱的威廉·Z·福斯特——很可能不会出席这场史无前例的审判。医学检查显示，他的生命可能因审判的紧张和兴奋而受到威胁。现年67岁的福斯特曾三次作为共产党总统候选人，目前因心脏病病情严重。

即使被判有罪，12名全国委员会成员中的三人可能不会服满刑期，因为他们此前曾因类似指控被捕。他们目前正在保释中，等待听证。

**左翼律师哈里·萨赫尔**

左翼律师哈里·萨赫尔，曾担任多个工会的总法律顾问，年收入超过5万美元，直到其中四个工会因其政治倾向而将他解雇。萨赫尔在劳工界活跃了18年，最近被其主要对手——产联国际运输工人工会主席迈克尔·奎尔——斥为“高台上的粉红色分子”。奎尔上个月解除了他作为该工会法律顾问的职务。

辩护方无疑将主张，福斯特的出席对于公平审判是绝对必要的，陪审团是一个“顶层小组”，排除了黑人、犹太人和工人，而当前公众对共产党的“歇斯底里”情绪使得公正审判“不可能”。——合众社

该报对撤离印度受害者的行动表示同情。——路透社

**共产党于周六获得面粉和小麦供应**

这可能意味着在共产党威胁下的北平，粮食配给制的崩溃，除非能迅速组织起陆路供应系统，美国经济合作署中国项目主任哈兰·克利夫兰先生表示。

停止供应的决定是在天津实际陷落之前做出的，但经济合作署的一贯政策是停止向落入共产党之手的地区供应物资。

共产党于12月14日进入塘沽港区。防守的国民党军队征用了所有可用的驳船，导致没有船只可用于卸粮。

**纽约，1月16日——** 据《纽约时报》驻华盛顿记者詹姆斯·赖斯顿报道，前捷克外交部秘书长阿诺斯特·海德里希博士认为，共产党的活动“并不表明苏联目前正准备对西方发动侵略战争”。海德里希于去年11月抵达华盛顿，带来了关于欧洲共产党活动的详细报告。

【校订说明】本页为整版港报 OCR，混栏严重；正文混入与主题无关的国际新闻片段（美国共产党案审判（福斯特、萨赫尔）、捷克斯洛伐克（海德里希欧洲共产党活动报告）等），仅摘译民盟/国共/政协相关内容。",hathitrust 整版 OCR 混排页标注,cloud-model-revision-v1,machine-annotated
875,"在广东，一位发言人今日表示，政府正严肃关注有关其他国家正在讨论承认中共的报道。

政府可能希望没有任何国家会承认中共政权，也没有任何国家集团能够就中国问题达成共同行动方针。

立法院周一拒绝批准国民党核心圈内年迈的成员居正，其资格审查委员会以决定性投票将其否决。

（中共）接受了中共提出的24项和平条件

（报道）以南京西南145英里处为例，说明如果战争继续，中共将会采取何种行动。

负责军事重组谈判的代表刘斐将军据称也告知中共首席代表周恩来，国民党方面拥有409万军队。消息人士称，周恩来对他微笑，从抽屉里拿出一本小册子给刘斐看。

每个人都在问的一个普遍问题是：中共何时会进入广州。答案各不相同。——美联社

该命令与捷克斯洛伐克900万天主教徒领袖约瑟夫·贝兰大主教致神职人员的一封新信正面冲突，信中再次威胁要对与“共产党主导的政府”合作者实施“自动绝罚”。

《每日电讯报》今日认为，决定派遣亚历山大先生前往香港的报道是一种保证，“表明我们认真对待商业”。胜利的中共军队发动攻击的唯一实质性危险，可能在于他们认为该殖民地易于攻取或内部已经腐朽。

观察家称，布里奇斯的伪证审判。

布里奇斯及其两名高级助手被起诉。布里奇斯被指控在1945年公民身份听证会上作伪证和欺诈。他被指控虚假作证称自己从未是共产党员。

该大学是德国教育中共产党影响力的中心。——美联社

1946年签署的人口迁移协议的执行在1948年初暂停，匈牙利人曾希望他们在斯洛伐克的兄弟能免于进一步的苦难。但在捷克斯洛伐克共和国发生政变、共产党获得完全权力后，消息在匈牙利人中传开，称一项新的匈牙利-捷克斯洛伐克协议正在准备中，根据该协议，斯洛伐克的匈牙利少数民族将恢复基本自由；但同时，那些……

毋庸置疑，明曾蒂红衣主教无畏且不屈的干预对匈牙利共产党政府来说非常不受欢迎，仅凭他巨大的声望就足以说明问题。这种声望源于他的人格魅力和对慈善事业的无私奉献，并因他爱国地坚持战胜国应公平评估匈牙利作为德国盟友参战的罪责，以及他坚决捍卫境外匈牙利人的人权而得到加强。他的话语在每个真正的匈牙利人心中引起共鸣。这位深受爱戴且公认的领袖，代表了以天主教为主的国家绝大多数人口，其基督教民主态度显然对一心要摧毁宗教和民主的政府构成威胁。很少有人会被其虚伪的效忠宣誓所欺骗，红衣主教更是如此。随着共产党进入其极权统治的下一个阶段——压制言论和思想自由，引入告密者制度，以及无处不在的警察恐怖——这些过于熟悉的纳粹手段，无论何种意识形态辞藻都无法使其看起来有别于其本来面目——他们不得不面对明曾蒂直言不讳且毫不妥协的反对。他们试图通过大声疾呼诋毁他来预先反击，指责他怀有不可告人的、非基督教、反民主的动机。当他们未能激怒他做出有失尊严的回应时，他们的恼怒与日俱增。他们对他提出每一项指控，无论多么荒谬，只要他们认为可能服务于他们的目的；每一项指控，除了真实的那一项：他是个人自由的捍卫者和斗士，是阶级或政党统治的顽固反对者。

看来立法院似乎更青睐能更好地整合国民党力量的人。但这工作令人头疼不已，会把你我束缚得死死的。即使在水晶球里占卜，我们也看不清谁会接手。不过，来吧，猜一猜。

【校订说明】本页为整版港报 OCR，混栏严重；正文混入与主题无关的国际新闻片段（捷克斯洛伐克（贝兰大主教）、匈牙利（明曾蒂红衣主教）、美国（布里奇斯伪证审判）、德国（大学共产党影响力）等），仅摘译民盟/国共/政协相关内容。",hathitrust 整版 OCR 混排页标注,cloud-model-revision-v1,machine-annotated
877,"以下是根据您提供的OCR文本片段翻译的学术级中文译文。请注意，原文包含多个不相关的新闻片段，且部分内容因OCR噪声而残缺。我已尽力提取实质信息，并按照您的要求进行术语统一和格式处理。

**昆明英国圣公会主教被捕**

据昨晚收到的可靠消息，中共当局于上周二逮捕了昆明英国圣公会主教，并仍将其拘押。

**首尔，1月19日**

内务部次长张庚根（Chang Keung Keun）今日证实，圣诞节前夕在韩国南部匪患猖獗地区发生的屠杀事件中，至少86名村民遇害。首尔各报报道，该山谷中大多数男女老幼均被身着军装的游击队杀害。受害者居住在首尔东南85英里处闻庆（Mungyong）附近的一个村庄。张氏称，亦有报告指村民曾协助中共游击队，但他无法就此报告提供更多细节。然而，国家警察总监李浩（Lee Ho）表示，平壤北韩广播电台关于警察杀害村民的指控不实，并补充称“警方并未卷入”。——美联社

**监察院弹劾李宗仁总统动议**

（前文缺失）……旨在粉碎中共入侵海南岛和台湾这两个国民党最后岛屿堡垒的计划。

该动议由（人名缺失）提出。据了解，其依据是李总统在华南国民党阵地遭中共攻击而崩溃之际，飞往美国就医。监察院推迟了对弹劾要求的表决，以待调查。作为调查的一部分，已致电李总统，要求说明其意图。此举可能意在让蒋介石委员长复任总统。另一方面……

**陈纳德呼吁美国务院营救被俘飞行员**

民航运输公司（CAT）负责人陈纳德少将（Major-General Claire Chennault）昨日表示，他已呼吁美国国务院设法营救数日前在华南被中共俘获的CAT运营主管罗伯特·布尔（Robert Buell）先生。布尔是第二位成为中共俘虏的CAT飞行员。陈纳德将军已向驻香港美国总领事柯尔·兰金（Mr. Karl Rankin）先生提出请求，由其转达华盛顿。

**中共决定承认越南民主共和国**

昨晚在此间收听到的北平电台广播宣布，中共政府已决定承认胡志明博士在越南的越南民主共和国（Vietminh Republic）。

**日共领袖野坂参三遭批判**

日本共产党领袖野坂参三（Sunzo Nozaka）有其自身的一定重要性。然而，共产党情报局（Cominform）对他的批判之所以引起共产党圈子外部的兴趣，主要是因为他是毛泽东的密友，战时曾与毛在延安共度数载；还因为他像铁托元帅一样，被指控试图使马克思列宁主义教条适应日本国情。这一谴责是在毛泽东在莫斯科的第三周结束时发出的，届时谈判双方想必已对彼此有了相当深入的了解。

对野坂的谴责，或许也意在警告中共领袖。这无疑使他在关于满洲及中国在克里姆林宫价值体系中地位的极其微妙的讨论中陷入尴尬。我们不敢妄言莫斯科是否会有“尴尬”这般微妙的感受。但细想之下，这对真正的信徒而言也颇为棘手。毕竟，美国对战败日本的处理，即便有失，也是出于仁慈。而苏联在满洲对待战时盟友利益的方式，则难免引人比较，尽管对于一位正在求取恩惠的追求者而言，此刻进行比较可能不合时宜。

**马克思、恩格斯《共产党宣言》发表百年**

一百多年前，马克思和恩格斯发表了《共产党宣言》。数十年后，它才广为人知。但本世纪以来，其理论已被广泛接受。

“共产党人想要摧毁这个国家的经济，以便他们能在随之而来的混乱中夺取政权，并像他们在某些欧洲国家已经做的那样，摧毁公民的自由。”——斯塔福德·克里普斯爵士（Sir Stafford Cripps）

（下文残缺）……今日，在一次……讲话中，……指责中共“破坏”……无法生存……非常不幸的是……观察家……

---

【校订说明】本页为整版港报 OCR，混栏严重；正文混入与主题无关的国际新闻片段（韩国（首尔屠杀）、越南（胡志明）、日本共产党（野坂参三）、共产党情报局等），仅摘译民盟/国共/政协相关内容。",hathitrust 整版 OCR 混排页标注,cloud-model-revision-v1,machine-annotated
880,"纽约，3月22日
前被蒋介石罢免中华民国代总统职务的李宗仁将军昨日对报界表示，他打算在六个月内返回中国大陆，在其家乡广西省及邻近省份统率超过五十万武装抵抗战士。

李将军称，他将无视台湾，集中精力将大陆上前国民党军队及自发抵抗团体组织成一支协同作战力量，以推翻中国共产党及蒋介石的“国民党独裁统治”。这位前代总统……

麦卡锡参议员要求艾奇逊查明英国是否向俄国人出售了“任何会增强共产党经济实力或战争潜力”的物品。——美联社

新德里，3月22日
外交部发言人今日在此间表示，印度与共产党中国关于交换外交关系的谈判现已完成。

……1950年3月24日，星期五……威斯康星州共和党参议员约瑟夫·麦卡锡今日据报已告知参议院反共调查人员，他相信联邦调查局已追踪到四名苏联间谍嫌疑人……

……在新加坡，3月21日
三百名国民党成员及其他亲国民党人士……在餐后演讲中，十多位发言者（包括一名女性）重申了对国民党政府的支持，并尖锐谴责毛泽东、斯大林及一切共产主义事物。

国民党中央执行委员会委员陈国柱表示，这……

……关于英联邦事务的会议……迄今为止，这些努力似乎正在取得成功。过去几周来，文学评论家们不间断地……单一外交政策的不可行性并不排除就外交政策的重要性达成一致。这样的目标可能是捍卫自由制度和民主方式。

……新瓦夫德政府预计将有助于阻止……显然，支持这样一种共同……意大利共产党领导的中央总工会（CGIL）今日呼吁……政府警察措施……CGIL执行委员会指示其秘书处就……作出决定。

……讨论几乎涵盖了所有……在日本，有人回忆起——或许有些漫不经心——天皇曾是一位热心的……联盟的决定可能以如下方式涵盖这两方面的考虑……政治运动……艾奇逊及其政策问题。

……谈判破裂的表面原因是共产党当局拒绝允许两艘浅吃水登陆艇沿未布雷航道溯江而上。这一拒绝又被归因于上海地方当局对这些船只确切地位的疑虑。这些船只属于美国海军，但实际租给美国总统轮船公司并由商船船员操作。这一点当然已向他们解释过。但人们有理由认为，原因比这更为深刻。

……但如果共产党人从一开始就反对任何回避和绕开封锁问题的企图，他们本应从一开始就明确表态并相应拒绝签证。

……在伦敦，英国外交部今日证实，英国正试图在安理会赢得多数投票权，以接纳共产党中国加入联合国。

……周一，一位英国发言人在成功湖表示，争取三个安理会成员国——古巴、埃及和厄瓜多尔——支持接纳中国共产党人的努力已告失败。

……中国国民党人……共产党人。

……对共产党大陆的袭击已经结束，并夸耀这不过是更大规模行动的前奏。

……该部表示，截至去年12月，仅有60.9万包可供……以维持本季剩余时间的运转。

……共产党人据信希望进口约70万包以维持当前工厂运营水平。

【校订说明】本页为整版港报 OCR，混栏严重；正文混入与主题无关的国际新闻片段（美国（麦卡锡、艾奇逊、苏联间谍）、印度建交谈判、新加坡（国民党餐会）、英联邦会议、意大利总工会、安理会接纳中共等），仅摘译民盟/国共/政协相关内容。",hathitrust 整版 OCR 混排页标注,cloud-model-revision-v1,machine-annotated
881,"**（译文）**

**共产党威胁，危险重重。**

**舒曼计划或催生第三势力以终结冷战**

中立主义者视其为本质上终结冷战的一种手段，一种创造独立于美苏两国的国际""第三势力""的方法。

希腊政府消息人士报告称，来自保加利亚的共产党游击队袭击了边境村庄。——路透社

伦敦，5月14日。——据新华社今日引用的军方公报，中共军队在攻占海南岛的过程中，击毙或击伤国民党军5,416人，俘虏23,805人。——路透社

柏林，5月14日。——共产党在针对基督教的新一轮攻击中，今日呼吁在教会内部发起一场""抗议运动""。教会人士称，这是共产党在教堂内建立秘密小组的又一企图。

该党政治局在一份决议草案中，指责天主教和新教教会领袖攻击东德共产党国家。决议称：""这些正是那些一贯维护垄断资本统治、并为希特勒掠夺战争所用的武器祈福的同一批高级教会领袖。""

麦卡锡先生在演讲中重申了他的指控，称国务院已被共产党渗透。

悉尼，5月14日。——一场针对""从东南亚到印度尼西亚""的共产党威胁，预计将在明日于此间开幕的英联邦会议上成为会谈的突出议题。

人们认为，这一使德国重新融入欧洲国家自由共同体的步骤，将普遍为法国舆论所接受——共产党及其他极左翼分子除外——因为似乎已有充分的保障措施。

根据协议，该集团在协议生效后的第一个月内，须将其上月存款总额的10%存入人民银行，此后每月再追加5%。他们将获得高于定期存款利率两个百分点的较高利率。该协议自本月起生效，有效期为三个月。本月首笔商定的六十五亿共产党美元存款已存入人民银行。

吴国桢省长是公开表态的高级官员之一，他认为不仅美国政府在当前处理远东问题的方式上犯了错误，英国和法国也同样落入了共产党的陷阱。

只要我们保持大陆的自由，共产党就永远无法统治大陆。——合众社

法国人俘获了大量……

该中队在槟城组建，将由共产党高射炮部队组成；击落了一架美国制造的飞机。

伦敦，5月14日。——波兰共产党主导的联合工人党已任命一名高级官员，负责对领导层成员进行大规模清洗。

【校订说明】本页为整版港报 OCR，混栏严重；正文混入与主题无关的国际新闻片段（欧洲（舒曼计划、东德教会政策）、希腊-保加利亚边境、麦卡锡、悉尼英联邦会议、波兰清洗、马来亚（槟城）等），仅摘译民盟/国共/政协相关内容。",hathitrust 整版 OCR 混排页标注,cloud-model-revision-v1,machine-annotated
882,"**汕头港仍被列为远洋贸易禁港，直至航道确认已清理完毕。** 此举意义重大，因为香港与中共控制区之间贸易关系出现明确改善的前景令人鼓舞，而开辟殖民地与上海之间的开放航线，将是一笔可观的资产。两艘英国商船在北方的经历……

……中共官员的处置，无疑是来自北京的指令所致。中国许多地区的经济困境、大城市日益严重的失业问题（这阻碍了宣传工作的进展与成效），以及原材料的严重短缺，近期已促使北京领导人暂停脚步，对局势进行现实评估。其结果是召开了一系列会议并作出决策……

……匈牙利的罗马天主教主教们已向共产党政府屈服，该政权今日报告称，已准备好与教会讲和。

……法国和德国的共产党工人今晚接到指示，要求阻碍各自工厂的生产，作为……

……包括减税和容忍私营企业。当国营组织能够取代所谓的资本主义企业时，它们无疑会这样做，但毛泽东现已承认，那仍是遥望未来的事。与此同时，中共领导人正致力于系统性地创造更有利的条件，旨在与外部世界建立更大规模的商业联系。航运设施显然至关重要，因为尽管中共迅速恢复了中国的铁路系统，但总体交通状况仍然……

……联盟的共产党于周二宣布解散，此时议会已通过该法案——正式名称为《镇压共产主义法案》——并将其送交参议院。个别共产党员或任何被取缔组织的成员，可能被剥夺……

……独立周刊《时与潮》宣称，潘迪特·尼赫鲁最近在新加坡的演讲中，作为甘地（非暴力倡导者）的信徒，表达了他对共产主义恐怖主义的憎恶。

……社会党以351票通过（社会党人、共产党人和……

……援助中国共产党人，今日对一个参议院小组表示，恰恰相反，他已尽其所能抵制“共产主义对中国的主宰”。

……谢伟思先生在一个公开的参议院外交关系小组委员会会议上作证，该委员会正在调查参议员麦卡锡（威斯康星州共和党人）关于国务院包庇共产主义同情者的指控。——路透社

……他呼吁西方重新考虑其将“亚洲的任何民族主义运动”都视为共产主义的倾向。他承认有些运动无疑是由共产党领导的，但“政治狡猾且冷酷无情的共产党人”常常从“因缺乏西方朋友及时有效支持而胆怯困惑的自由派人士”手中夺取控制权。

……共产党人给予……‘左派’以错误印象，即通过‘自决’……——路透社

堪培拉，6月22日。
澳大利亚议会已休会，但未通过处理其两项主要竞选承诺的立法——《反共法案》和《联邦银行法案》（后者废除了前工党政府的银行国有化）。《反共法案》已在众议院和工党控制的参议院之间来回拉锯数周。

【校订说明】本页为整版港报 OCR，混栏严重；正文混入与主题无关的国际新闻片段（匈牙利（教会妥协）、法德共产党工人、美国（麦卡锡调查、谢伟思作证）、澳大利亚反共法案、镇压共产主义法案等），仅摘译民盟/国共/政协相关内容。",hathitrust 整版 OCR 混排页标注,cloud-model-revision-v1,machine-annotated
885,"东京，9月12日
美军昨日在通往大邱的北部接近地丢失了半英里阵地。
对北方持续施压的共产党军队昨夜已将攻取这座陷入重围城市的重点转移，正从西南方向渡过洛东江发起进攻。

有迹象表明，风向已出现变化。当然，出现急剧转变、扭转局面的可能性微乎其微。鉴于美国在朝鲜代表联合国承担的重大责任，即便其加强抵抗，甚至行使否决权，也是情有可原的。然而，上周末联合国安理会就苏联提出的动议——要求优先讨论是否邀请中共参与关于所谓联合国飞机边境侵犯指控的辩论——进行表决时，多数票的结果恰恰指明了这一趋势。艾奇逊先生个人对北京共产党政权地位的评论，警告其不要屈服于莫斯科压力、介入朝鲜战事，这与上述趋势高度吻合。这位美国国务卿重申了他的信念——许多研究中国及中国人民的学者也持同样看法：尽管革命初期的胜利必然会带来一番新气象，但中国人终究先是中国人，然后才是共产党人。这一表态虽未让艾奇逊先生承担任何具体义务，但其意义在于揭示了美国尚未完全从意识形态层面，将中国大陆的共产党政权视为铁定对手。艾奇逊先生不厌其烦地重申，正如杜鲁门先生周六所言，台湾中立化并未对……

昨夜战况如下：
北部：——麦克阿瑟的战斗机和轰炸机使用照明弹，对多富洞的共产党基地发动了黄昏后攻击。
西部：——共产党军队沿洛东江发动进攻，试图突破美军第二师防线，从西南方向进攻大邱，但被猛烈炮火击退。
东部：——韩国军队在庆川和庆州以北推进了两英里，并在靠近东海岸处成功弥合了韩国第三师与首都师之间的缺口。
南部：——美军第25师的部队在夜间击退了共产党军队在莫山地区的进攻。——路透社

东京，9月12日
盟军战机周一创下了670架次的出击记录，空军今日披露，战斗轰炸机从日本基地呼啸而出，对据报正在三条战线撤退的共产党军队进行轰炸和扫射。

今晨，共产党炮兵再次对第一骑兵师位于大邱以北七英里半的阵地发起猛烈轰击。第一骑兵师师长霍巴特·G少将表示：“我们正遭受四倍于……”

经过一番热烈的意见交换，各委员会表示全力支持，并向他保证，他将带着国会的期望前往纽约，希望未来几周能加速自由世界对共产主义挑战的实际回应。——合众社

昨晚，关于中共总理周恩来被邀请参与讨论特里格夫·赖伊及此前……的报道称，中共已表示将派代表出席安理会关于其指控的讨论，否则，任何决定……

苏联代表雅科夫·马利克先生争辩说，在没有中共代表参与的情况下讨论北京的指控是不合法的。他宣称，联合国宪章第32条要求安理会必须听取争端双方的陈述。他坚持中共必须参与，以提升其在远东的威望。马利克先生说，这……

有迹象表明，风向已出现变化。当然，出现急剧转变、扭转局面的可能性微乎其微。鉴于美国在朝鲜代表联合国承担的重大责任，即便其加强抵抗，甚至行使否决权，也是情有可原的。然而，上周末联合国安理会就苏联提出的动议——要求优先讨论是否邀请中共参与关于所谓联合国飞机边境侵犯指控的辩论——进行表决时，多数票的结果恰恰指明了这一趋势。艾奇逊先生个人对北京共产党政权地位的评论，警告其不要屈服于莫斯科压力、介入朝鲜战事，这与上述趋势高度吻合。这位美国国务卿重申了他的信念——许多研究中国及中国人民的学者也持同样看法：尽管革命初期的胜利必然会带来一番新气象，但中国人终究先是中国人，然后才是共产党人。这一表态虽未让艾奇逊先生承担任何具体义务，但其意义在于揭示了美国尚未完全从意识形态层面，将中国大陆的共产党政权视为铁定对手。艾奇逊先生不厌其烦地重申，正如杜鲁门先生周六所言，台湾中立化并未对……

昨晚战况如下：
北部：——麦克阿瑟的战斗机和轰炸机使用照明弹，对多富洞的共产党基地发动了黄昏后攻击。
西部：——共产党军队沿洛东江发动进攻，试图突破美军第二师防线，从西南方向进攻大邱，但被猛烈炮火击退。
东部：——韩国军队在庆川和庆州以北推进了两英里，并在靠近东海岸处成功弥合了韩国第三师与首都师之间的缺口。
南部：——美军第25师的部队在夜间击退了共产党军队在莫山地区的进攻。——路透社

东京，9月12日
盟军战机周一创下了670架次的出击记录，空军今日披露，战斗轰炸机从日本基地呼啸而出，对据报正在三条战线撤退的共产党军队进行轰炸和扫射。

今晨，共产党炮兵再次对第一骑兵师位于大邱以北七英里半的阵地发起猛烈轰击。第一骑兵师师长霍巴特·G少将表示：“我们正遭受四倍于……”

经过一番热烈的意见交换，各委员会表示全力支持，并向他保证，他将带着国会的期望前往纽约，希望未来几周能加速自由世界对共产主义挑战的实际回应。——合众社

昨晚，关于中共总理周恩来被邀请参与讨论特里格夫·赖伊及此前……的报道称，中共已表示将派代表出席安理会关于其指控的讨论，否则，任何决定……

苏联代表雅科夫·马利克先生争辩说，在没有中共代表参与的情况下讨论北京的指控是不合法的。他宣称，联合国宪章第32条要求安理会必须听取争端双方的陈述。他坚持中共必须参与，以提升其在远东的威望。马利克先生说，这……

（注：原文包含大量与主题无关的碎片化信息，如关于南非史末资将军的冗长生平、萧伯纳手术、德国问题、希腊联合政府等，以及明显的OCR噪声和排版混乱。根据任务要求，已忽略报纸版头、广告、栏目标识及无实质新闻意义的残缺字符块，仅提取并翻译了与“中国政情”及“中国民主同盟”可能相关的核心新闻片段。由于原文主要涉及朝鲜战争初期（1950年）的军事报道和联合国辩论，与指定的1946-1949年时段及民盟主题关联度极低，故译文聚焦于可辨识的实质性内容。）

【校订说明】本页为整版港报 OCR，混栏严重；正文混入与主题无关的国际新闻片段（朝鲜战争（大邱、洛东江战况）、联合国安理会辩论（周恩来被邀、马利克）及艾奇逊对北京政权评论等），仅摘译民盟/国共/政协相关内容。",hathitrust 整版 OCR 混排页标注,cloud-model-revision-v1,machine-annotated
